2025-12-12 13:45:32,216 - Knowledge - INFO - Created shared MongoDB connection pool
2025-12-12 13:45:32,217 - Knowledge - INFO - Starting Knowledge Graph processing with 20 threads
2025-12-12 13:45:32,218 - Knowledge - INFO - Initial configuration: chunk_size=65536, max_cache_size=500
2025-12-12 13:45:32,219 - Knowledge - INFO - Knowledge Graph concurrency configuration: workers=20, max_batch_size=25, max_concurrent_llm_calls=50
2025-12-12 13:45:33,475 - Knowledge - INFO - 🔍 _load_persisted_knowledge called - checking for Redis optimization
2025-12-12 13:45:33,475 - Knowledge - WARNING - ❌ load_from_redis method not found - Redis support not attached
2025-12-12 13:45:33,476 - Knowledge - INFO - load persisted knowledge: begin
2025-12-12 13:45:33,483 - Knowledge - INFO - Loaded 0 files from persisted knowledge
2025-12-12 13:45:33,483 - Knowledge - INFO - load persisted knowledge: end
2025-12-12 13:45:33,483 - Knowledge - WARNING - No persisted knowledge found. Files will be queued during start()
2025-12-12 13:45:33,495 - Knowledge - INFO - Redis support added with prefix knowledge:b16203w:
2025-12-12 13:45:34,563 - Knowledge - INFO - Starting knowledge initialization for ID: JDkpRA-b16203w
2025-12-12 13:45:34,563 - Knowledge - INFO - 🔍 Checking Redis for build_id: b16203w
2025-12-12 13:45:34,564 - Knowledge - INFO - 🔍 Full session ID: JDkpRA-b16203w
2025-12-12 13:45:34,565 - Knowledge - INFO - 🔍 Redis prefix will be: knowledge:b16203w:
2025-12-12 13:45:34,566 - Knowledge - INFO - 🔍 Using attached load_from_redis() method
2025-12-12 13:45:34,566 - Knowledge - INFO - 🔍 Attempting to load knowledge from Redis...
2025-12-12 13:45:34,567 - Knowledge - INFO - 🔍 Using derived instance_id for Redis lookup: b16203w
2025-12-12 13:45:34,576 - Knowledge - WARNING - ❌ No Redis cache found
2025-12-12 13:45:34,582 - Knowledge - INFO - 📁 Loading knowledge from disk...
2025-12-12 13:45:34,640 - Knowledge - INFO - load persisted docinfo: begin
2025-12-12 13:45:34,644 - Knowledge - INFO - load persisted docinfo: end
2025-12-12 13:45:34,645 - Knowledge - INFO - 🔍 _load_persisted_knowledge called - checking for Redis optimization
2025-12-12 13:45:34,645 - Knowledge - INFO - ✅ load_from_redis method found - attempting Redis load
2025-12-12 13:45:34,645 - Knowledge - INFO - 🔍 Attempting to load knowledge from Redis...
2025-12-12 13:45:34,646 - Knowledge - INFO - 🔍 Using derived instance_id for Redis lookup: b16203w
2025-12-12 13:45:34,652 - Knowledge - WARNING - ❌ No Redis cache found
2025-12-12 13:45:34,652 - Knowledge - INFO - ❌ Redis load returned False - falling back to file loading
2025-12-12 13:45:34,652 - Knowledge - INFO - load persisted knowledge: begin
2025-12-12 13:45:34,654 - Knowledge - INFO - Loaded 0 files from persisted knowledge
2025-12-12 13:45:34,655 - Knowledge - INFO - load persisted knowledge: end
2025-12-12 13:45:34,655 - Knowledge - INFO - 📁 Disk load complete in 0.07s
2025-12-12 13:45:34,655 - Knowledge - INFO - Populating ingest queue with source files...
2025-12-12 13:45:35,044 - Knowledge - INFO - Added 611 files from /app/data/T0002/186251/b16203w/SQLPage-186251 to ingest queue
2025-12-12 13:45:35,045 - Knowledge - INFO - [WEBSOCKET] Sent: Type=progress_update, Size: 160, Duration: 0ms
2025-12-12 13:45:35,047 - Knowledge - INFO - Worker kw1 created using shared MongoDB connection pool
2025-12-12 13:45:35,047 - Knowledge - INFO - knowledge worker kw1 start
2025-12-12 13:45:35,048 - Knowledge - INFO - [kw1] Queue=611, InProgress=0, PendingWorkers=0/0, Completed=0/611 (0.0%)
2025-12-12 13:45:35,049 - Knowledge - INFO - Worker kw2 created using shared MongoDB connection pool
2025-12-12 13:45:35,049 - Knowledge - INFO - Batch sizing: calculated=20, max_allowed=25, queue=611, active_workers=0/1
2025-12-12 13:45:35,049 - Knowledge - INFO - knowledge worker kw2 start
2025-12-12 13:45:35,050 - Knowledge - INFO - Worker kw3 created using shared MongoDB connection pool
2025-12-12 13:45:35,051 - Knowledge - INFO - Worker kw1 processing /app/data/T0002/186251/b16203w/SQLPage-186251/scripts/setup-cross-compilation.sh
2025-12-12 13:45:35,052 - Knowledge - INFO - [kw2] Queue=591, InProgress=0, PendingWorkers=1/2, Completed=0/611 (0.0%)
2025-12-12 13:45:35,052 - Knowledge - INFO - knowledge worker kw3 start
2025-12-12 13:45:35,053 - Knowledge - INFO - Worker kw4 created using shared MongoDB connection pool
2025-12-12 13:45:35,053 - Knowledge - INFO - Fast-tracked /app/data/T0002/186251/b16203w/SQLPage-186251/scripts/setup-cross-compilation.sh (ext=.sh, size=1416)
2025-12-12 13:45:35,057 - Knowledge - INFO - Batch sizing: calculated=20, max_allowed=25, queue=591, active_workers=1/3
2025-12-12 13:45:35,059 - Knowledge - INFO - Worker kw1 processing /app/data/T0002/186251/b16203w/SQLPage-186251/scripts/README.md
2025-12-12 13:45:35,059 - Knowledge - INFO - knowledge worker kw4 start
2025-12-12 13:45:35,059 - Knowledge - INFO - [kw3] Queue=591, InProgress=0, PendingWorkers=1/3, Completed=0/611 (0.0%)
2025-12-12 13:45:35,060 - Knowledge - INFO - Worker kw2 processing /app/data/T0002/186251/b16203w/SQLPage-186251/src/webserver/single_or_vec.rs
2025-12-12 13:45:35,060 - Knowledge - INFO - Worker kw5 created using shared MongoDB connection pool
2025-12-12 13:45:35,062 - Knowledge - INFO - Fast-tracked /app/data/T0002/186251/b16203w/SQLPage-186251/scripts/README.md (ext=.md, size=969)
2025-12-12 13:45:35,062 - Knowledge - INFO - Batch sizing: calculated=20, max_allowed=25, queue=591, active_workers=2/4
2025-12-12 13:45:35,062 - Knowledge - INFO - [kw4] Queue=571, InProgress=0, PendingWorkers=2/4, Completed=0/611 (0.0%)
2025-12-12 13:45:35,063 - Knowledge - INFO - knowledge worker kw5 start
2025-12-12 13:45:35,064 - Knowledge - INFO - Worker kw2 processing /app/data/T0002/186251/b16203w/SQLPage-186251/src/webserver/oidc.rs
2025-12-12 13:45:35,064 - Knowledge - INFO - Worker kw6 created using shared MongoDB connection pool
2025-12-12 13:45:35,064 - Knowledge - INFO - Worker kw1 processing /app/data/T0002/186251/b16203w/SQLPage-186251/scripts/build-dependencies.sh
2025-12-12 13:45:35,065 - Knowledge - INFO - Worker kw3 processing /app/data/T0002/186251/b16203w/SQLPage-186251/src/webserver/database/execute_queries.rs
2025-12-12 13:45:35,066 - Knowledge - INFO - Batch sizing: calculated=20, max_allowed=25, queue=571, active_workers=3/5
2025-12-12 13:45:35,067 - Knowledge - INFO - Worker kw2 processing /app/data/T0002/186251/b16203w/SQLPage-186251/src/webserver/http_request_info.rs
2025-12-12 13:45:35,068 - Knowledge - INFO - knowledge worker kw6 start
2025-12-12 13:45:35,068 - Knowledge - INFO - Worker kw7 created using shared MongoDB connection pool
2025-12-12 13:45:35,069 - Knowledge - INFO - Fast-tracked /app/data/T0002/186251/b16203w/SQLPage-186251/scripts/build-dependencies.sh (ext=.sh, size=255)
2025-12-12 13:45:35,069 - Knowledge - INFO - Worker kw3 processing /app/data/T0002/186251/b16203w/SQLPage-186251/src/webserver/database/sql.rs
2025-12-12 13:45:35,070 - Knowledge - INFO - Worker kw4 processing /app/data/T0002/186251/b16203w/SQLPage-186251/sqlpage/sqlpage.js
2025-12-12 13:45:35,071 - Knowledge - INFO - Worker kw2 processing /app/data/T0002/186251/b16203w/SQLPage-186251/src/webserver/https.rs
2025-12-12 13:45:35,072 - Knowledge - INFO - knowledge worker kw7 start
2025-12-12 13:45:35,072 - Knowledge - INFO - Worker kw1 processing /app/data/T0002/186251/b16203w/SQLPage-186251/scripts/build-project.sh
2025-12-12 13:45:35,073 - Knowledge - INFO - Worker kw8 created using shared MongoDB connection pool
2025-12-12 13:45:35,073 - Knowledge - INFO - Worker kw3 processing /app/data/T0002/186251/b16203w/SQLPage-186251/src/webserver/database/blob_to_data_url.rs
2025-12-12 13:45:35,074 - Knowledge - INFO - Worker kw4 processing /app/data/T0002/186251/b16203w/SQLPage-186251/sqlpage/sqlpage.css
2025-12-12 13:45:35,075 - Knowledge - INFO - Fast-tracked /app/data/T0002/186251/b16203w/SQLPage-186251/src/webserver/https.rs (ext=.rs, size=1199)
2025-12-12 13:45:35,075 - Knowledge - INFO - Fast-tracked /app/data/T0002/186251/b16203w/SQLPage-186251/scripts/build-project.sh (ext=.sh, size=306)
2025-12-12 13:45:35,076 - Knowledge - INFO - knowledge worker kw8 start
2025-12-12 13:45:35,076 - Knowledge - INFO - Worker kw9 created using shared MongoDB connection pool
2025-12-12 13:45:35,077 - Knowledge - INFO - Worker kw3 processing /app/data/T0002/186251/b16203w/SQLPage-186251/src/webserver/static_content.rs
2025-12-12 13:45:35,078 - Knowledge - INFO - Fast-tracked /app/data/T0002/186251/b16203w/SQLPage-186251/sqlpage/sqlpage.css (ext=.css, size=3992)
2025-12-12 13:45:35,078 - Knowledge - INFO - Worker kw2 processing /app/data/T0002/186251/b16203w/SQLPage-186251/src/webserver/response_writer.rs
2025-12-12 13:45:35,079 - Knowledge - INFO - Worker kw1 processing /app/data/T0002/186251/b16203w/SQLPage-186251/src/main.rs
2025-12-12 13:45:35,079 - Knowledge - INFO - knowledge worker kw9 start
2025-12-12 13:45:35,080 - Knowledge - INFO - Worker kw10 created using shared MongoDB connection pool
2025-12-12 13:45:35,080 - Knowledge - INFO - Worker kw4 processing /app/data/T0002/186251/b16203w/SQLPage-186251/sqlpage/apexcharts.js
2025-12-12 13:45:35,081 - Knowledge - INFO - Fast-tracked /app/data/T0002/186251/b16203w/SQLPage-186251/src/webserver/static_content.rs (ext=.rs, size=1957)
2025-12-12 13:45:35,081 - Knowledge - INFO - Fast-tracked /app/data/T0002/186251/b16203w/SQLPage-186251/src/main.rs (ext=.rs, size=1508)
2025-12-12 13:45:35,082 - Knowledge - INFO - Worker kw2 processing /app/data/T0002/186251/b16203w/SQLPage-186251/src/webserver/server_timing.rs
2025-12-12 13:45:35,083 - Knowledge - INFO - knowledge worker kw10 start
2025-12-12 13:45:35,083 - Knowledge - INFO - Worker kw4 processing /app/data/T0002/186251/b16203w/SQLPage-186251/sqlpage/sqlpage.json
2025-12-12 13:45:35,084 - Knowledge - INFO - Worker kw11 created using shared MongoDB connection pool
2025-12-12 13:45:35,084 - Knowledge - INFO - Worker kw3 processing /app/data/T0002/186251/b16203w/SQLPage-186251/src/webserver/error.rs
2025-12-12 13:45:35,085 - Knowledge - INFO - Worker kw1 processing /app/data/T0002/186251/b16203w/SQLPage-186251/src/cli/arguments.rs
2025-12-12 13:45:35,085 - Knowledge - INFO - Fast-tracked /app/data/T0002/186251/b16203w/SQLPage-186251/src/webserver/server_timing.rs (ext=.rs, size=1697)
2025-12-12 13:45:35,087 - Knowledge - INFO - Fast-tracked /app/data/T0002/186251/b16203w/SQLPage-186251/sqlpage/sqlpage.json (ext=.json, size=63)
2025-12-12 13:45:35,087 - Knowledge - INFO - knowledge worker kw11 start
2025-12-12 13:45:35,088 - Knowledge - INFO - Worker kw12 created using shared MongoDB connection pool
2025-12-12 13:45:35,088 - Knowledge - INFO - Worker kw3 processing /app/data/T0002/186251/b16203w/SQLPage-186251/src/webserver/mod.rs
2025-12-12 13:45:35,089 - Knowledge - INFO - Worker kw2 processing /app/data/T0002/186251/b16203w/SQLPage-186251/src/webserver/http_client.rs
2025-12-12 13:45:35,089 - Knowledge - INFO - Fast-tracked /app/data/T0002/186251/b16203w/SQLPage-186251/src/cli/arguments.rs (ext=.rs, size=1242)
2025-12-12 13:45:35,090 - Knowledge - INFO - Worker kw4 processing /app/data/T0002/186251/b16203w/SQLPage-186251/sqlpage/migrations/README.md
2025-12-12 13:45:35,091 - Knowledge - INFO - knowledge worker kw12 start
2025-12-12 13:45:35,091 - Knowledge - INFO - Worker kw13 created using shared MongoDB connection pool
2025-12-12 13:45:35,123 - Knowledge - INFO - [kw11] Queue=531, InProgress=0, PendingWorkers=4/12, Completed=0/611 (0.0%)
2025-12-12 13:45:35,124 - Knowledge - INFO - [kw10] Queue=531, InProgress=0, PendingWorkers=4/12, Completed=0/611 (0.0%)
2025-12-12 13:45:35,124 - Knowledge - INFO - [kw8] Queue=531, InProgress=0, PendingWorkers=4/12, Completed=0/611 (0.0%)
2025-12-12 13:45:35,125 - Knowledge - INFO - [kw5] Queue=531, InProgress=0, PendingWorkers=4/12, Completed=0/611 (0.0%)
2025-12-12 13:45:35,125 - Knowledge - INFO - [kw7] Queue=531, InProgress=0, PendingWorkers=4/12, Completed=0/611 (0.0%)
2025-12-12 13:45:35,125 - Knowledge - INFO - [kw9] Queue=531, InProgress=0, PendingWorkers=4/12, Completed=0/611 (0.0%)
2025-12-12 13:45:35,126 - Knowledge - INFO - Worker kw2 processing /app/data/T0002/186251/b16203w/SQLPage-186251/src/webserver/database/migrations.rs
2025-12-12 13:45:35,129 - Knowledge - INFO - Worker kw1 processing /app/data/T0002/186251/b16203w/SQLPage-186251/src/cli/commands.rs
2025-12-12 13:45:35,130 - Knowledge - INFO - Fast-tracked /app/data/T0002/186251/b16203w/SQLPage-186251/src/webserver/mod.rs (ext=.rs, size=1511)
2025-12-12 13:45:35,131 - Knowledge - INFO - Fast-tracked /app/data/T0002/186251/b16203w/SQLPage-186251/sqlpage/migrations/README.md (ext=.md, size=2677)
2025-12-12 13:45:35,132 - Knowledge - INFO - [kw6] Queue=531, InProgress=0, PendingWorkers=4/12, Completed=0/611 (0.0%)
2025-12-12 13:45:35,133 - Knowledge - INFO - [kw12] Queue=531, InProgress=0, PendingWorkers=4/12, Completed=0/611 (0.0%)
2025-12-12 13:45:35,134 - Knowledge - INFO - knowledge worker kw13 start
2025-12-12 13:45:35,135 - Knowledge - INFO - Worker kw14 created using shared MongoDB connection pool
2025-12-12 13:45:35,135 - Knowledge - INFO - Batch sizing: calculated=20, max_allowed=25, queue=531, active_workers=4/13
2025-12-12 13:45:35,136 - Knowledge - INFO - Batch sizing: calculated=20, max_allowed=25, queue=531, active_workers=4/13
2025-12-12 13:45:35,136 - Knowledge - INFO - Batch sizing: calculated=20, max_allowed=25, queue=531, active_workers=4/13
2025-12-12 13:45:35,137 - Knowledge - INFO - Batch sizing: calculated=20, max_allowed=25, queue=531, active_workers=4/13
2025-12-12 13:45:35,137 - Knowledge - INFO - Batch sizing: calculated=20, max_allowed=25, queue=531, active_workers=4/13
2025-12-12 13:45:35,138 - Knowledge - INFO - Batch sizing: calculated=20, max_allowed=25, queue=531, active_workers=4/13
2025-12-12 13:45:35,139 - Knowledge - INFO - Worker kw2 processing /app/data/T0002/186251/b16203w/SQLPage-186251/src/webserver/database/error_highlighting.rs
2025-12-12 13:45:35,139 - Knowledge - INFO - Worker kw3 processing /app/data/T0002/186251/b16203w/SQLPage-186251/src/webserver/http.rs
2025-12-12 13:45:35,140 - Knowledge - INFO - Worker kw3 processing /app/data/T0002/186251/b16203w/SQLPage-186251/src/webserver/routing.rs
2025-12-12 13:45:35,140 - Knowledge - INFO - Batch sizing: calculated=20, max_allowed=25, queue=531, active_workers=4/13
2025-12-12 13:45:35,141 - Knowledge - INFO - Worker kw1 processing /app/data/T0002/186251/b16203w/SQLPage-186251/src/cli/mod.rs
2025-12-12 13:45:35,141 - Knowledge - INFO - Batch sizing: calculated=20, max_allowed=25, queue=531, active_workers=4/13
2025-12-12 13:45:35,143 - Knowledge - INFO - knowledge worker kw14 start
2025-12-12 13:45:35,143 - Knowledge - INFO - Worker kw11 processing /app/data/T0002/186251/b16203w/SQLPage-186251/tests/basic/mod.rs
2025-12-12 13:45:35,143 - Knowledge - INFO - [kw13] Queue=511, InProgress=0, PendingWorkers=5/13, Completed=0/611 (0.0%)
2025-12-12 13:45:35,144 - Knowledge - INFO - Worker kw15 created using shared MongoDB connection pool
2025-12-12 13:45:35,144 - Knowledge - INFO - Worker kw10 processing /app/data/T0002/186251/b16203w/SQLPage-186251/tests/sql_test_files/component_rendering/run_sql_from_database.sql
2025-12-12 13:45:35,148 - Knowledge - INFO - Worker kw8 processing /app/data/T0002/186251/b16203w/SQLPage-186251/tests/sql_test_files/data/cookie.sql
2025-12-12 13:45:35,149 - Knowledge - INFO - Worker kw5 processing /app/data/T0002/186251/b16203w/SQLPage-186251/tests/sql_test_files/data/set_variable_large_integer.sql
2025-12-12 13:45:35,149 - Knowledge - INFO - Worker kw7 processing /app/data/T0002/186251/b16203w/SQLPage-186251/tests/sql_test_files/data/env_var_empty.sql
2025-12-12 13:45:35,150 - Knowledge - INFO - Worker kw9 processing /app/data/T0002/186251/b16203w/SQLPage-186251/tests/common/mod.rs
2025-12-12 13:45:35,152 - Knowledge - INFO - Worker kw2 processing /app/data/T0002/186251/b16203w/SQLPage-186251/src/webserver/database/sql_to_json.rs
2025-12-12 13:45:35,153 - Knowledge - INFO - Worker kw4 processing /app/data/T0002/186251/b16203w/SQLPage-186251/sqlpage/tomselect.js
2025-12-12 13:45:35,154 - Knowledge - INFO - Worker kw3 processing /app/data/T0002/186251/b16203w/SQLPage-186251/src/webserver/error_with_status.rs
2025-12-12 13:45:35,154 - Knowledge - INFO - Worker kw6 processing /app/data/T0002/186251/b16203w/SQLPage-186251/tests/oidc/mod.rs
2025-12-12 13:45:35,159 - Knowledge - INFO - Fast-tracked /app/data/T0002/186251/b16203w/SQLPage-186251/src/cli/mod.rs (ext=.rs, size=37)
2025-12-12 13:45:35,159 - Knowledge - INFO - Worker kw12 processing /app/data/T0002/186251/b16203w/SQLPage-186251/examples/single sign on/cas/login.sql
2025-12-12 13:45:35,160 - Knowledge - INFO - [kw14] Queue=371, InProgress=0, PendingWorkers=12/14, Completed=0/611 (0.0%)
2025-12-12 13:45:35,161 - Knowledge - INFO - Batch sizing: calculated=20, max_allowed=25, queue=511, active_workers=12/14
2025-12-12 13:45:35,161 - Knowledge - INFO - Fast-tracked /app/data/T0002/186251/b16203w/SQLPage-186251/tests/basic/mod.rs (ext=.rs, size=1655)
2025-12-12 13:45:35,163 - Knowledge - INFO - Fast-tracked /app/data/T0002/186251/b16203w/SQLPage-186251/tests/sql_test_files/component_rendering/run_sql_from_database.sql (ext=.sql, size=431)
2025-12-12 13:45:35,164 - Knowledge - INFO - Fast-tracked /app/data/T0002/186251/b16203w/SQLPage-186251/tests/sql_test_files/data/cookie.sql (ext=.sql, size=65)
2025-12-12 13:45:35,164 - Knowledge - INFO - knowledge worker kw15 start
2025-12-12 13:45:35,164 - Knowledge - INFO - Worker kw16 created using shared MongoDB connection pool
2025-12-12 13:45:35,165 - Knowledge - INFO - Fast-tracked /app/data/T0002/186251/b16203w/SQLPage-186251/tests/sql_test_files/data/set_variable_large_integer.sql (ext=.sql, size=111)
2025-12-12 13:45:35,165 - Knowledge - INFO - Fast-tracked /app/data/T0002/186251/b16203w/SQLPage-186251/tests/sql_test_files/data/env_var_empty.sql (ext=.sql, size=86)
2025-12-12 13:45:35,166 - Knowledge - INFO - Fast-tracked /app/data/T0002/186251/b16203w/SQLPage-186251/tests/common/mod.rs (ext=.rs, size=5249)
2025-12-12 13:45:35,167 - Knowledge - INFO - Worker kw2 processing /app/data/T0002/186251/b16203w/SQLPage-186251/src/webserver/database/syntax_tree.rs
2025-12-12 13:45:35,167 - Knowledge - INFO - Worker kw4 processing /app/data/T0002/186251/b16203w/SQLPage-186251/sqlpage/templates/README.md
2025-12-12 13:45:35,169 - Knowledge - INFO - Fast-tracked /app/data/T0002/186251/b16203w/SQLPage-186251/src/webserver/error_with_status.rs (ext=.rs, size=1198)
2025-12-12 13:45:35,169 - Knowledge - INFO - Fast-tracked /app/data/T0002/186251/b16203w/SQLPage-186251/tests/oidc/mod.rs (ext=.rs, size=15150)
2025-12-12 13:45:35,169 - Knowledge - INFO - Worker kw1 processing /app/data/T0002/186251/b16203w/SQLPage-186251/src/filesystem.rs
2025-12-12 13:45:35,170 - Knowledge - INFO - Batch sizing: calculated=15, max_allowed=25, queue=371, active_workers=12/15
2025-12-12 13:45:35,170 - Knowledge - INFO - Fast-tracked /app/data/T0002/186251/b16203w/SQLPage-186251/examples/single sign on/cas/login.sql (ext=.sql, size=211)
2025-12-12 13:45:35,171 - Knowledge - INFO - Worker kw13 processing /app/data/T0002/186251/b16203w/SQLPage-186251/examples/master-detail-forms/sqlpage/migrations/0000_schema.sql
2025-12-12 13:45:35,171 - Knowledge - INFO - Worker kw11 processing /app/data/T0002/186251/b16203w/SQLPage-186251/tests/components/display_text.sql
2025-12-12 13:45:35,172 - Knowledge - INFO - Worker kw10 processing /app/data/T0002/186251/b16203w/SQLPage-186251/tests/sql_test_files/component_rendering/dynamic_run_sql_include.sql
2025-12-12 13:45:35,172 - Knowledge - INFO - Worker kw8 processing /app/data/T0002/186251/b16203w/SQLPage-186251/tests/sql_test_files/data/coalesce_eval.sql
2025-12-12 13:45:35,173 - Knowledge - INFO - [kw15] Queue=351, InProgress=0, PendingWorkers=13/15, Completed=0/611 (0.0%)
2025-12-12 13:45:35,174 - Knowledge - INFO - knowledge worker kw16 start
2025-12-12 13:45:35,175 - Knowledge - INFO - Worker kw17 created using shared MongoDB connection pool
2025-12-12 13:45:35,175 - Knowledge - INFO - Worker kw5 processing /app/data/T0002/186251/b16203w/SQLPage-186251/tests/sql_test_files/data/immutable_variables.sql
2025-12-12 13:45:35,176 - Knowledge - INFO - Worker kw7 processing /app/data/T0002/186251/b16203w/SQLPage-186251/tests/sql_test_files/data/fetch_with_meta_null.sql
2025-12-12 13:45:35,176 - Knowledge - INFO - Worker kw9 processing /app/data/T0002/186251/b16203w/SQLPage-186251/tests/core/select_temp_t.sql
2025-12-12 13:45:35,177 - Knowledge - INFO - Worker kw2 processing /app/data/T0002/186251/b16203w/SQLPage-186251/src/webserver/database/csv_import.rs
2025-12-12 13:45:35,177 - Knowledge - INFO - Worker kw3 processing /app/data/T0002/186251/b16203w/SQLPage-186251/src/render.rs
2025-12-12 13:45:35,178 - Knowledge - INFO - Worker kw6 processing /app/data/T0002/186251/b16203w/SQLPage-186251/tests/webhook_hmac_validation.sql
2025-12-12 13:45:35,178 - Knowledge - INFO - Fast-tracked /app/data/T0002/186251/b16203w/SQLPage-186251/sqlpage/templates/README.md (ext=.md, size=857)
2025-12-12 13:45:35,179 - Knowledge - INFO - Worker kw1 processing /app/data/T0002/186251/b16203w/SQLPage-186251/src/utils.rs
2025-12-12 13:45:35,180 - Knowledge - INFO - Worker kw14 processing /app/data/T0002/186251/b16203w/SQLPage-186251/examples/splitwise/README.md
2025-12-12 13:45:35,180 - Knowledge - INFO - Worker kw12 processing /app/data/T0002/186251/b16203w/SQLPage-186251/examples/modeling a many to many relationship with a form/topics.sql
2025-12-12 13:45:35,181 - Knowledge - INFO - Fast-tracked /app/data/T0002/186251/b16203w/SQLPage-186251/examples/master-detail-forms/sqlpage/migrations/0000_schema.sql (ext=.sql, size=309)
2025-12-12 13:45:35,181 - Knowledge - INFO - Fast-tracked /app/data/T0002/186251/b16203w/SQLPage-186251/tests/components/display_text.sql (ext=.sql, size=42)
2025-12-12 13:45:35,182 - Knowledge - INFO - Fast-tracked /app/data/T0002/186251/b16203w/SQLPage-186251/tests/sql_test_files/component_rendering/dynamic_run_sql_include.sql (ext=.sql, size=128)
2025-12-12 13:45:35,182 - Knowledge - INFO - Fast-tracked /app/data/T0002/186251/b16203w/SQLPage-186251/tests/sql_test_files/data/coalesce_eval.sql (ext=.sql, size=116)
2025-12-12 13:45:35,183 - Knowledge - INFO - Batch sizing: calculated=15, max_allowed=25, queue=351, active_workers=14/16
2025-12-12 13:45:35,183 - Knowledge - INFO - [kw16] Queue=336, InProgress=0, PendingWorkers=14/16, Completed=0/611 (0.0%)
2025-12-12 13:45:35,184 - Knowledge - INFO - knowledge worker kw17 start
2025-12-12 13:45:35,185 - Knowledge - INFO - Worker kw18 created using shared MongoDB connection pool
2025-12-12 13:45:35,185 - Knowledge - INFO - Fast-tracked /app/data/T0002/186251/b16203w/SQLPage-186251/tests/sql_test_files/data/immutable_variables.sql (ext=.sql, size=561)
2025-12-12 13:45:35,185 - Knowledge - INFO - Fast-tracked /app/data/T0002/186251/b16203w/SQLPage-186251/tests/sql_test_files/data/fetch_with_meta_null.sql (ext=.sql, size=66)
2025-12-12 13:45:35,186 - Knowledge - INFO - Fast-tracked /app/data/T0002/186251/b16203w/SQLPage-186251/tests/core/select_temp_t.sql (ext=.sql, size=147)
2025-12-12 13:45:35,186 - Knowledge - INFO - Worker kw2 processing /app/data/T0002/186251/b16203w/SQLPage-186251/src/webserver/database/sqlpage_functions/http_fetch_request.rs
2025-12-12 13:45:35,222 - Knowledge - INFO - Worker kw2 processing /app/data/T0002/186251/b16203w/SQLPage-186251/src/webserver/database/sqlpage_functions/functions.rs
2025-12-12 13:45:35,224 - Knowledge - INFO - Fast-tracked /app/data/T0002/186251/b16203w/SQLPage-186251/tests/webhook_hmac_validation.sql (ext=.sql, size=955)
2025-12-12 13:45:35,225 - Knowledge - INFO - Worker kw4 processing /app/data/T0002/186251/b16203w/SQLPage-186251/README.md
2025-12-12 13:45:35,226 - Knowledge - INFO - Fast-tracked /app/data/T0002/186251/b16203w/SQLPage-186251/src/utils.rs (ext=.rs, size=948)
2025-12-12 13:45:35,226 - Knowledge - INFO - Fast-tracked /app/data/T0002/186251/b16203w/SQLPage-186251/examples/modeling a many to many relationship with a form/topics.sql (ext=.sql, size=430)
2025-12-12 13:45:35,227 - Knowledge - INFO - Fast-tracked /app/data/T0002/186251/b16203w/SQLPage-186251/examples/splitwise/README.md (ext=.md, size=215)
2025-12-12 13:45:35,227 - Knowledge - INFO - Worker kw13 processing /app/data/T0002/186251/b16203w/SQLPage-186251/examples/master-detail-forms/README.md
2025-12-12 13:45:35,228 - Knowledge - INFO - Worker kw11 processing /app/data/T0002/186251/b16203w/SQLPage-186251/tests/components/any_component.sql
2025-12-12 13:45:35,228 - Knowledge - INFO - Worker kw10 processing /app/data/T0002/186251/b16203w/SQLPage-186251/tests/sql_test_files/component_rendering/without_a_shell.sql
2025-12-12 13:45:35,229 - Knowledge - INFO - Worker kw8 processing /app/data/T0002/186251/b16203w/SQLPage-186251/tests/sql_test_files/data/set_variable_func_null.sql
2025-12-12 13:45:35,229 - Knowledge - INFO - Worker kw15 processing /app/data/T0002/186251/b16203w/SQLPage-186251/examples/rich-text-editor/rich_text_editor.js
2025-12-12 13:45:35,230 - Knowledge - INFO - Batch sizing: calculated=15, max_allowed=25, queue=336, active_workers=15/17
2025-12-12 13:45:35,231 - Knowledge - INFO - [kw17] Queue=321, InProgress=0, PendingWorkers=15/17, Completed=0/611 (0.0%)
2025-12-12 13:45:35,231 - Knowledge - INFO - knowledge worker kw18 start
2025-12-12 13:45:35,231 - Knowledge - INFO - Worker kw19 created using shared MongoDB connection pool
2025-12-12 13:45:35,232 - Knowledge - INFO - Worker kw5 processing /app/data/T0002/186251/b16203w/SQLPage-186251/tests/sql_test_files/data/fetch_native_json_array_impl.sql
2025-12-12 13:45:35,232 - Knowledge - INFO - Worker kw7 processing /app/data/T0002/186251/b16203w/SQLPage-186251/tests/sql_test_files/data/basic_auth_password.sql
2025-12-12 13:45:35,233 - Knowledge - INFO - Worker kw9 processing /app/data/T0002/186251/b16203w/SQLPage-186251/tests/core/spaces in file name.sql
2025-12-12 13:45:35,233 - Knowledge - INFO - Worker kw3 processing /app/data/T0002/186251/b16203w/SQLPage-186251/biome.json
2025-12-12 13:45:35,234 - Knowledge - INFO - Worker kw2 processing /app/data/T0002/186251/b16203w/SQLPage-186251/src/webserver/database/sqlpage_functions/function_definition_macro.rs
2025-12-12 13:45:35,234 - Knowledge - INFO - Worker kw6 processing /app/data/T0002/186251/b16203w/SQLPage-186251/build.rs
2025-12-12 13:45:35,235 - Knowledge - INFO - Fast-tracked /app/data/T0002/186251/b16203w/SQLPage-186251/README.md (ext=.md, size=17656)
2025-12-12 13:45:35,235 - Knowledge - INFO - Worker kw1 processing /app/data/T0002/186251/b16203w/SQLPage-186251/src/templates.rs
2025-12-12 13:45:35,236 - Knowledge - INFO - Worker kw12 processing /app/data/T0002/186251/b16203w/SQLPage-186251/examples/modeling a many to many relationship with a form/post.sql
2025-12-12 13:45:35,236 - Knowledge - INFO - Worker kw14 processing /app/data/T0002/186251/b16203w/SQLPage-186251/examples/splitwise/group.sql
2025-12-12 13:45:35,237 - Knowledge - INFO - Fast-tracked /app/data/T0002/186251/b16203w/SQLPage-186251/tests/components/any_component.sql (ext=.sql, size=155)
2025-12-12 13:45:35,237 - Knowledge - INFO - Fast-tracked /app/data/T0002/186251/b16203w/SQLPage-186251/examples/splitwise/group.sql (ext=.sql, size=1958)
2025-12-12 13:45:35,240 - Knowledge - INFO - Fast-tracked /app/data/T0002/186251/b16203w/SQLPage-186251/tests/sql_test_files/data/set_variable_func_null.sql (ext=.sql, size=89)
2025-12-12 13:45:35,240 - Knowledge - INFO - Fast-tracked /app/data/T0002/186251/b16203w/SQLPage-186251/tests/sql_test_files/component_rendering/without_a_shell.sql (ext=.sql, size=169)
2025-12-12 13:45:35,241 - Knowledge - INFO - Worker kw16 processing /app/data/T0002/186251/b16203w/SQLPage-186251/examples/user-authentication/README.md
2025-12-12 13:45:35,241 - Knowledge - INFO - Worker kw15 processing /app/data/T0002/186251/b16203w/SQLPage-186251/examples/read-and-set-http-cookies/logout.sql
2025-12-12 13:45:35,242 - Knowledge - INFO - Batch sizing: calculated=15, max_allowed=25, queue=321, active_workers=16/18
2025-12-12 13:45:35,243 - Knowledge - INFO - knowledge worker kw19 start
2025-12-12 13:45:35,243 - Knowledge - INFO - [kw18] Queue=306, InProgress=0, PendingWorkers=16/18, Completed=0/611 (0.0%)
2025-12-12 13:45:35,244 - Knowledge - INFO - Worker kw20 created using shared MongoDB connection pool
2025-12-12 13:45:35,244 - Knowledge - INFO - Fast-tracked /app/data/T0002/186251/b16203w/SQLPage-186251/tests/sql_test_files/data/fetch_native_json_array_impl.sql (ext=.sql, size=478)
2025-12-12 13:45:35,245 - Knowledge - INFO - Fast-tracked /app/data/T0002/186251/b16203w/SQLPage-186251/tests/sql_test_files/data/basic_auth_password.sql (ext=.sql, size=68)
2025-12-12 13:45:35,245 - Knowledge - INFO - Fast-tracked /app/data/T0002/186251/b16203w/SQLPage-186251/biome.json (ext=.json, size=400)
2025-12-12 13:45:35,245 - Knowledge - INFO - Fast-tracked /app/data/T0002/186251/b16203w/SQLPage-186251/tests/core/spaces in file name.sql (ext=.sql, size=53)
2025-12-12 13:45:35,246 - Knowledge - INFO - Worker kw2 processing /app/data/T0002/186251/b16203w/SQLPage-186251/src/webserver/database/sqlpage_functions/url_parameters.rs
2025-12-12 13:45:35,247 - Knowledge - INFO - Worker kw6 processing /app/data/T0002/186251/b16203w/SQLPage-186251/docker-compose.yml
2025-12-12 13:45:35,247 - Knowledge - INFO - Worker kw4 processing /app/data/T0002/186251/b16203w/SQLPage-186251/tests/it_works.txt
2025-12-12 13:45:35,248 - Knowledge - INFO - Worker kw1 processing /app/data/T0002/186251/b16203w/SQLPage-186251/src/lib.rs
2025-12-12 13:45:35,249 - Knowledge - INFO - Fast-tracked /app/data/T0002/186251/b16203w/SQLPage-186251/examples/modeling a many to many relationship with a form/post.sql (ext=.sql, size=550)
2025-12-12 13:45:35,249 - Knowledge - INFO - Fast-tracked /app/data/T0002/186251/b16203w/SQLPage-186251/examples/master-detail-forms/README.md (ext=.md, size=1458)
2025-12-12 13:45:35,250 - Knowledge - INFO - Worker kw11 processing /app/data/T0002/186251/b16203w/SQLPage-186251/tests/components/display_form_field.sql
2025-12-12 13:45:35,250 - Knowledge - INFO - Worker kw14 processing /app/data/T0002/186251/b16203w/SQLPage-186251/examples/nginx/sqlpage_config/sqlpage.json
2025-12-12 13:45:35,251 - Knowledge - INFO - Worker kw8 processing /app/data/T0002/186251/b16203w/SQLPage-186251/tests/sql_test_files/data/hash_password.sql
2025-12-12 13:45:35,251 - Knowledge - INFO - Worker kw10 processing /app/data/T0002/186251/b16203w/SQLPage-186251/tests/sql_test_files/component_rendering/text_markdown.sql
2025-12-12 13:45:35,252 - Knowledge - INFO - Fast-tracked /app/data/T0002/186251/b16203w/SQLPage-186251/examples/read-and-set-http-cookies/logout.sql (ext=.sql, size=157)
2025-12-12 13:45:35,252 - Knowledge - INFO - Fast-tracked /app/data/T0002/186251/b16203w/SQLPage-186251/examples/user-authentication/README.md (ext=.md, size=3769)
2025-12-12 13:45:35,253 - Knowledge - INFO - Worker kw17 processing /app/data/T0002/186251/b16203w/SQLPage-186251/examples/todo application/sqlpage/sqlpage.json
2025-12-12 13:45:35,254 - Knowledge - INFO - Batch sizing: calculated=15, max_allowed=25, queue=306, active_workers=17/19
2025-12-12 13:45:35,254 - Knowledge - INFO - [kw19] Queue=291, InProgress=0, PendingWorkers=17/19, Completed=0/611 (0.0%)
2025-12-12 13:45:35,255 - Knowledge - INFO - Worker kw5 processing /app/data/T0002/186251/b16203w/SQLPage-186251/tests/sql_test_files/data/link_null.sql
2025-12-12 13:45:35,258 - Knowledge - INFO - Fast-tracked /app/data/T0002/186251/b16203w/SQLPage-186251/tests/sql_test_files/data/link_null.sql (ext=.sql, size=91)
2025-12-12 13:45:35,259 - Knowledge - INFO - knowledge worker kw20 start
2025-12-12 13:45:35,259 - Knowledge - INFO - Worker kw3 processing /app/data/T0002/186251/b16203w/SQLPage-186251/package.json
2025-12-12 13:45:35,260 - Knowledge - INFO - Worker kw9 processing /app/data/T0002/186251/b16203w/SQLPage-186251/tests/core/mod.rs
2025-12-12 13:45:35,261 - Knowledge - INFO - Fast-tracked /app/data/T0002/186251/b16203w/SQLPage-186251/docker-compose.yml (ext=.yml, size=1909)
2025-12-12 13:45:35,263 - Knowledge - INFO - Fast-tracked /app/data/T0002/186251/b16203w/SQLPage-186251/tests/it_works.txt (ext=.txt, size=10)
2025-12-12 13:45:35,264 - Knowledge - INFO - Worker kw1 processing /app/data/T0002/186251/b16203w/SQLPage-186251/src/dynamic_component.rs
2025-12-12 13:45:35,264 - Knowledge - INFO - Worker kw2 processing /app/data/T0002/186251/b16203w/SQLPage-186251/src/webserver/database/sqlpage_functions/mod.rs
2025-12-12 13:45:35,265 - Knowledge - INFO - Worker kw12 processing /app/data/T0002/186251/b16203w/SQLPage-186251/examples/modeling a many to many relationship with a form/write_submit.sql
2025-12-12 13:45:35,266 - Knowledge - INFO - Worker kw13 processing /app/data/T0002/186251/b16203w/SQLPage-186251/examples/PostGIS - using sqlpage with geographic data/add_point.sql
2025-12-12 13:45:35,267 - Knowledge - INFO - Fast-tracked /app/data/T0002/186251/b16203w/SQLPage-186251/tests/components/display_form_field.sql (ext=.sql, size=212)
2025-12-12 13:45:35,267 - Knowledge - INFO - Fast-tracked /app/data/T0002/186251/b16203w/SQLPage-186251/tests/sql_test_files/data/hash_password.sql (ext=.sql, size=101)
2025-12-12 13:45:35,267 - Knowledge - INFO - Fast-tracked /app/data/T0002/186251/b16203w/SQLPage-186251/examples/nginx/sqlpage_config/sqlpage.json (ext=.json, size=194)
2025-12-12 13:45:35,268 - Knowledge - INFO - Worker kw15 processing /app/data/T0002/186251/b16203w/SQLPage-186251/examples/read-and-set-http-cookies/index.sql
2025-12-12 13:45:35,269 - Knowledge - INFO - Fast-tracked /app/data/T0002/186251/b16203w/SQLPage-186251/tests/sql_test_files/component_rendering/text_markdown.sql (ext=.sql, size=65)
2025-12-12 13:45:35,269 - Knowledge - INFO - Worker kw16 processing /app/data/T0002/186251/b16203w/SQLPage-186251/examples/user-authentication/docker-compose.yml
2025-12-12 13:45:35,270 - Knowledge - INFO - Fast-tracked /app/data/T0002/186251/b16203w/SQLPage-186251/examples/todo application/sqlpage/sqlpage.json (ext=.json, size=63)
2025-12-12 13:45:35,271 - Knowledge - INFO - Worker kw18 processing /app/data/T0002/186251/b16203w/SQLPage-186251/examples/tiny_twitter/docker-compose.yml
2025-12-12 13:45:35,272 - Knowledge - INFO - Batch sizing: calculated=15, max_allowed=25, queue=291, active_workers=18/20
2025-12-12 13:45:35,272 - Knowledge - INFO - Worker kw7 processing /app/data/T0002/186251/b16203w/SQLPage-186251/tests/sql_test_files/data/exec.sql
2025-12-12 13:45:35,273 - Knowledge - INFO - Fast-tracked /app/data/T0002/186251/b16203w/SQLPage-186251/tests/sql_test_files/data/exec.sql (ext=.sql, size=110)
2025-12-12 13:45:35,276 - Knowledge - INFO - Fast-tracked /app/data/T0002/186251/b16203w/SQLPage-186251/package.json (ext=.json, size=354)
2025-12-12 13:45:35,276 - Knowledge - INFO - [kw20] Queue=276, InProgress=0, PendingWorkers=18/20, Completed=0/611 (0.0%)
2025-12-12 13:45:35,277 - Knowledge - INFO - Worker kw6 processing /app/data/T0002/186251/b16203w/SQLPage-186251/SECURITY.md
2025-12-12 13:45:35,277 - Knowledge - INFO - Fast-tracked /app/data/T0002/186251/b16203w/SQLPage-186251/tests/core/mod.rs (ext=.rs, size=7058)
2025-12-12 13:45:35,277 - Knowledge - INFO - Worker kw4 processing /app/data/T0002/186251/b16203w/SQLPage-186251/tests/uploads/upload_file_data_url_test.sql
2025-12-12 13:45:35,278 - Knowledge - INFO - Worker kw1 processing /app/data/T0002/186251/b16203w/SQLPage-186251/src/default_404.sql
2025-12-12 13:45:35,279 - Knowledge - INFO - Fast-tracked /app/data/T0002/186251/b16203w/SQLPage-186251/src/webserver/database/sqlpage_functions/mod.rs (ext=.rs, size=1061)
2025-12-12 13:45:35,280 - Knowledge - INFO - Fast-tracked /app/data/T0002/186251/b16203w/SQLPage-186251/examples/modeling a many to many relationship with a form/write_submit.sql (ext=.sql, size=395)
2025-12-12 13:45:35,280 - Knowledge - INFO - Fast-tracked /app/data/T0002/186251/b16203w/SQLPage-186251/examples/PostGIS - using sqlpage with geographic data/add_point.sql (ext=.sql, size=246)
2025-12-12 13:45:35,280 - Knowledge - INFO - Worker kw11 processing /app/data/T0002/186251/b16203w/SQLPage-186251/tests/server_timing/mod.rs
2025-12-12 13:45:35,281 - Knowledge - INFO - Worker kw8 processing /app/data/T0002/186251/b16203w/SQLPage-186251/tests/sql_test_files/data/fetch_base64.sql
2025-12-12 13:45:35,281 - Knowledge - INFO - Worker kw14 processing /app/data/T0002/186251/b16203w/SQLPage-186251/examples/nginx/sqlpage_config/migrations/000_init.sql
2025-12-12 13:45:35,282 - Knowledge - INFO - Worker kw10 processing /app/data/T0002/186251/b16203w/SQLPage-186251/tests/sql_test_files/component_rendering/error_the_dynamic_component_requires_a_property_named.sql
2025-12-12 13:45:35,282 - Knowledge - INFO - Fast-tracked /app/data/T0002/186251/b16203w/SQLPage-186251/examples/read-and-set-http-cookies/index.sql (ext=.sql, size=624)
2025-12-12 13:45:35,283 - Knowledge - INFO - Fast-tracked /app/data/T0002/186251/b16203w/SQLPage-186251/examples/user-authentication/docker-compose.yml (ext=.yml, size=645)
2025-12-12 13:45:35,283 - Knowledge - INFO - Worker kw17 processing /app/data/T0002/186251/b16203w/SQLPage-186251/examples/todo application/sqlpage/migrations/0000_init.sql
2025-12-12 13:45:35,284 - Knowledge - INFO - Fast-tracked /app/data/T0002/186251/b16203w/SQLPage-186251/examples/tiny_twitter/docker-compose.yml (ext=.yml, size=352)
2025-12-12 13:45:35,284 - Knowledge - INFO - Worker kw19 processing /app/data/T0002/186251/b16203w/SQLPage-186251/examples/image gallery with user uploads/sqlpage/migrations/0001_images_table.sql
2025-12-12 13:45:35,284 - Knowledge - INFO - Worker kw5 processing /app/data/T0002/186251/b16203w/SQLPage-186251/tests/sql_test_files/data/hash_password_null.sql
2025-12-12 13:45:35,285 - Knowledge - INFO - Worker kw7 processing /app/data/T0002/186251/b16203w/SQLPage-186251/tests/sql_test_files/data/hmac_default.sql
2025-12-12 13:45:35,285 - Knowledge - INFO - Worker kw3 processing /app/data/T0002/186251/b16203w/SQLPage-186251/Cargo.toml
2025-12-12 13:45:35,286 - Knowledge - INFO - Batch sizing: calculated=15, max_allowed=25, queue=276, active_workers=19/20
2025-12-12 13:45:35,322 - Knowledge - INFO - Fast-tracked /app/data/T0002/186251/b16203w/SQLPage-186251/SECURITY.md (ext=.md, size=287)
2025-12-12 13:45:35,323 - Knowledge - INFO - Worker kw9 processing /app/data/T0002/186251/b16203w/SQLPage-186251/tests/transactions/failed_transaction.sql
2025-12-12 13:45:35,324 - Knowledge - INFO - Worker kw2 processing /app/data/T0002/186251/b16203w/SQLPage-186251/src/webserver/database/sqlpage_functions/function_traits.rs
2025-12-12 13:45:35,324 - Knowledge - INFO - Fast-tracked /app/data/T0002/186251/b16203w/SQLPage-186251/tests/uploads/upload_file_data_url_test.sql (ext=.sql, size=190)
2025-12-12 13:45:35,325 - Knowledge - INFO - Fast-tracked /app/data/T0002/186251/b16203w/SQLPage-186251/src/default_404.sql (ext=.sql, size=1085)
2025-12-12 13:45:35,325 - Knowledge - INFO - Worker kw12 processing /app/data/T0002/186251/b16203w/SQLPage-186251/examples/modeling a many to many relationship with a form/index.sql
2025-12-12 13:45:35,327 - Knowledge - INFO - Worker kw13 processing /app/data/T0002/186251/b16203w/SQLPage-186251/examples/PostGIS - using sqlpage with geographic data/point.sql
2025-12-12 13:45:35,328 - Knowledge - INFO - Fast-tracked /app/data/T0002/186251/b16203w/SQLPage-186251/tests/sql_test_files/data/fetch_base64.sql (ext=.sql, size=198)
2025-12-12 13:45:35,329 - Knowledge - INFO - Fast-tracked /app/data/T0002/186251/b16203w/SQLPage-186251/tests/server_timing/mod.rs (ext=.rs, size=4448)
2025-12-12 13:45:35,329 - Knowledge - INFO - Fast-tracked /app/data/T0002/186251/b16203w/SQLPage-186251/examples/nginx/sqlpage_config/migrations/000_init.sql (ext=.sql, size=1099)
2025-12-12 13:45:35,330 - Knowledge - INFO - Fast-tracked /app/data/T0002/186251/b16203w/SQLPage-186251/tests/sql_test_files/component_rendering/error_the_dynamic_component_requires_a_property_named.sql (ext=.sql, size=61)
2025-12-12 13:45:35,330 - Knowledge - INFO - Worker kw15 processing /app/data/T0002/186251/b16203w/SQLPage-186251/examples/read-and-set-http-cookies/sqlpage/sqlpage.json
2025-12-12 13:45:35,331 - Knowledge - INFO - Worker kw16 processing /app/data/T0002/186251/b16203w/SQLPage-186251/examples/user-authentication/login.sql
2025-12-12 13:45:35,331 - Knowledge - INFO - Worker kw18 processing /app/data/T0002/186251/b16203w/SQLPage-186251/examples/light-dark-toggle/toggle.sql
2025-12-12 13:45:35,332 - Knowledge - INFO - Fast-tracked /app/data/T0002/186251/b16203w/SQLPage-186251/examples/todo application/sqlpage/migrations/0000_init.sql (ext=.sql, size=126)
2025-12-12 13:45:35,332 - Knowledge - INFO - Fast-tracked /app/data/T0002/186251/b16203w/SQLPage-186251/examples/image gallery with user uploads/sqlpage/migrations/0001_images_table.sql (ext=.sql, size=299)
2025-12-12 13:45:35,333 - Knowledge - INFO - Fast-tracked /app/data/T0002/186251/b16203w/SQLPage-186251/tests/sql_test_files/data/hash_password_null.sql (ext=.sql, size=64)
2025-12-12 13:45:35,334 - Knowledge - INFO - Worker kw5 processing /app/data/T0002/186251/b16203w/SQLPage-186251/tests/sql_test_files/data/url_encode.sql
2025-12-12 13:45:35,335 - Knowledge - INFO - Fast-tracked /app/data/T0002/186251/b16203w/SQLPage-186251/Cargo.toml (ext=.toml, size=2816)
2025-12-12 13:45:35,335 - Knowledge - INFO - Worker kw3 processing /app/data/T0002/186251/b16203w/SQLPage-186251/LICENSE.txt
2025-12-12 13:45:35,336 - Knowledge - INFO - Worker kw6 processing /app/data/T0002/186251/b16203w/SQLPage-186251/configuration.md
2025-12-12 13:45:35,338 - Knowledge - INFO - Fast-tracked /app/data/T0002/186251/b16203w/SQLPage-186251/tests/transactions/failed_transaction.sql (ext=.sql, size=146)
2025-12-12 13:45:35,338 - Knowledge - INFO - Worker kw2 processing /app/data/T0002/186251/b16203w/SQLPage-186251/src/webserver/database/connect.rs
2025-12-12 13:45:35,339 - Knowledge - INFO - Worker kw4 processing /app/data/T0002/186251/b16203w/SQLPage-186251/tests/uploads/uploaded_file_name_test.sql
2025-12-12 13:45:35,339 - Knowledge - INFO - Worker kw1 processing /app/data/T0002/186251/b16203w/SQLPage-186251/src/index.sql
2025-12-12 13:45:35,340 - Knowledge - INFO - Fast-tracked /app/data/T0002/186251/b16203w/SQLPage-186251/examples/modeling a many to many relationship with a form/index.sql (ext=.sql, size=924)
2025-12-12 13:45:35,340 - Knowledge - INFO - Fast-tracked /app/data/T0002/186251/b16203w/SQLPage-186251/examples/PostGIS - using sqlpage with geographic data/point.sql (ext=.sql, size=1521)
2025-12-12 13:45:35,341 - Knowledge - INFO - Worker kw8 processing /app/data/T0002/186251/b16203w/SQLPage-186251/tests/sql_test_files/data/fetch_hex.sql
2025-12-12 13:45:35,342 - Knowledge - INFO - Worker kw11 processing /app/data/T0002/186251/b16203w/SQLPage-186251/tests/server_timing/redirect_test.sql
2025-12-12 13:45:35,342 - Knowledge - INFO - Worker kw10 processing /app/data/T0002/186251/b16203w/SQLPage-186251/tests/sql_test_files/component_rendering/default_component.sql
2025-12-12 13:45:35,343 - Knowledge - INFO - Fast-tracked /app/data/T0002/186251/b16203w/SQLPage-186251/tests/server_timing/redirect_test.sql (ext=.sql, size=61)
2025-12-12 13:45:35,343 - Knowledge - INFO - Fast-tracked /app/data/T0002/186251/b16203w/SQLPage-186251/examples/read-and-set-http-cookies/sqlpage/sqlpage.json (ext=.json, size=42)
2025-12-12 13:45:35,344 - Knowledge - INFO - Fast-tracked /app/data/T0002/186251/b16203w/SQLPage-186251/examples/user-authentication/login.sql (ext=.sql, size=832)
2025-12-12 13:45:35,344 - Knowledge - INFO - Fast-tracked /app/data/T0002/186251/b16203w/SQLPage-186251/examples/light-dark-toggle/toggle.sql (ext=.sql, size=206)
2025-12-12 13:45:35,344 - Knowledge - INFO - Worker kw17 processing /app/data/T0002/186251/b16203w/SQLPage-186251/examples/todo application/sqlpage/migrations/README.md
2025-12-12 13:45:35,345 - Knowledge - INFO - Worker kw19 processing /app/data/T0002/186251/b16203w/SQLPage-186251/examples/image gallery with user uploads/README.md
2025-12-12 13:45:35,346 - Knowledge - INFO - Fast-tracked /app/data/T0002/186251/b16203w/SQLPage-186251/tests/sql_test_files/data/url_encode.sql (ext=.sql, size=64)
2025-12-12 13:45:35,347 - Knowledge - INFO - Worker kw20 processing /app/data/T0002/186251/b16203w/SQLPage-186251/examples/multiple-choice-question/index.sql
2025-12-12 13:45:35,347 - Knowledge - INFO - Fast-tracked /app/data/T0002/186251/b16203w/SQLPage-186251/tests/sql_test_files/data/hmac_default.sql (ext=.sql, size=120)
2025-12-12 13:45:35,348 - Knowledge - INFO - Fast-tracked /app/data/T0002/186251/b16203w/SQLPage-186251/LICENSE.txt (ext=.txt, size=1070)
2025-12-12 13:45:35,348 - Knowledge - INFO - Fast-tracked /app/data/T0002/186251/b16203w/SQLPage-186251/configuration.md (ext=.md, size=25504)
2025-12-12 13:45:35,349 - Knowledge - INFO - Worker kw9 processing /app/data/T0002/186251/b16203w/SQLPage-186251/tests/transactions/failed_transaction_mysql.sql
2025-12-12 13:45:35,349 - Knowledge - INFO - Worker kw2 processing /app/data/T0002/186251/b16203w/SQLPage-186251/src/webserver/database/mod.rs
2025-12-12 13:45:35,350 - Knowledge - INFO - Fast-tracked /app/data/T0002/186251/b16203w/SQLPage-186251/tests/uploads/uploaded_file_name_test.sql (ext=.sql, size=161)
2025-12-12 13:45:35,351 - Knowledge - INFO - Worker kw1 processing /app/data/T0002/186251/b16203w/SQLPage-186251/src/file_cache.rs
2025-12-12 13:45:35,351 - Knowledge - INFO - Worker kw12 processing /app/data/T0002/186251/b16203w/SQLPage-186251/examples/modeling a many to many relationship with a form/write.sql
2025-12-12 13:45:35,352 - Knowledge - INFO - Worker kw13 processing /app/data/T0002/186251/b16203w/SQLPage-186251/examples/PostGIS - using sqlpage with geographic data/index.sql
2025-12-12 13:45:35,352 - Knowledge - INFO - Worker kw14 processing /app/data/T0002/186251/b16203w/SQLPage-186251/examples/nginx/README.md
2025-12-12 13:45:35,353 - Knowledge - INFO - Fast-tracked /app/data/T0002/186251/b16203w/SQLPage-186251/tests/sql_test_files/data/fetch_hex.sql (ext=.sql, size=207)
2025-12-12 13:45:35,353 - Knowledge - INFO - Worker kw8 processing /app/data/T0002/186251/b16203w/SQLPage-186251/tests/sql_test_files/data/link.sql
2025-12-12 13:45:35,354 - Knowledge - INFO - Fast-tracked /app/data/T0002/186251/b16203w/SQLPage-186251/tests/sql_test_files/component_rendering/default_component.sql (ext=.sql, size=29)
2025-12-12 13:45:35,355 - Knowledge - INFO - Worker kw11 processing /app/data/T0002/186251/b16203w/SQLPage-186251/tests/sql_test_files/component_rendering/log.sql
2025-12-12 13:45:35,356 - Knowledge - INFO - Worker kw16 processing /app/data/T0002/186251/b16203w/SQLPage-186251/examples/user-authentication/create_user_welcome_message.sql
2025-12-12 13:45:35,357 - Knowledge - INFO - Worker kw18 processing /app/data/T0002/186251/b16203w/SQLPage-186251/examples/light-dark-toggle/presentation.sql
2025-12-12 13:45:35,358 - Knowledge - INFO - Fast-tracked /app/data/T0002/186251/b16203w/SQLPage-186251/examples/todo application/sqlpage/migrations/README.md (ext=.md, size=2074)
2025-12-12 13:45:35,358 - Knowledge - INFO - Worker kw5 processing /app/data/T0002/186251/b16203w/SQLPage-186251/tests/sql_test_files/data/set_variable_to_null_overwrites_existing.sql
2025-12-12 13:45:35,359 - Knowledge - INFO - Fast-tracked /app/data/T0002/186251/b16203w/SQLPage-186251/examples/image gallery with user uploads/README.md (ext=.md, size=865)
2025-12-12 13:45:35,359 - Knowledge - INFO - Fast-tracked /app/data/T0002/186251/b16203w/SQLPage-186251/examples/multiple-choice-question/index.sql (ext=.sql, size=302)
2025-12-12 13:45:35,360 - Knowledge - INFO - Worker kw20 processing /app/data/T0002/186251/b16203w/SQLPage-186251/examples/multiple-choice-question/create_question.sql
2025-12-12 13:45:35,360 - Knowledge - INFO - Worker kw3 processing /app/data/T0002/186251/b16203w/SQLPage-186251/AGENTS.md
2025-12-12 13:45:35,360 - Knowledge - INFO - Worker kw6 processing /app/data/T0002/186251/b16203w/SQLPage-186251/CONTRIBUTING.md
2025-12-12 13:45:35,361 - Knowledge - INFO - Fast-tracked /app/data/T0002/186251/b16203w/SQLPage-186251/tests/transactions/failed_transaction_mysql.sql (ext=.sql, size=506)
2025-12-12 13:45:35,362 - Knowledge - INFO - Worker kw4 processing /app/data/T0002/186251/b16203w/SQLPage-186251/tests/uploads/upload_file_test.sql
2025-12-12 13:45:35,363 - Knowledge - INFO - Worker kw1 processing /app/data/T0002/186251/b16203w/SQLPage-186251/src/template_helpers.rs
2025-12-12 13:45:35,363 - Knowledge - INFO - Fast-tracked /app/data/T0002/186251/b16203w/SQLPage-186251/examples/modeling a many to many relationship with a form/write.sql (ext=.sql, size=835)
2025-12-12 13:45:35,364 - Knowledge - INFO - Fast-tracked /app/data/T0002/186251/b16203w/SQLPage-186251/examples/PostGIS - using sqlpage with geographic data/index.sql (ext=.sql, size=945)
2025-12-12 13:45:35,365 - Knowledge - INFO - Worker kw15 processing /app/data/T0002/186251/b16203w/SQLPage-186251/examples/read-and-set-http-cookies/README.md
2025-12-12 13:45:35,365 - Knowledge - INFO - Fast-tracked /app/data/T0002/186251/b16203w/SQLPage-186251/examples/nginx/README.md (ext=.md, size=5193)
2025-12-12 13:45:35,366 - Knowledge - INFO - Fast-tracked /app/data/T0002/186251/b16203w/SQLPage-186251/tests/sql_test_files/data/link.sql (ext=.sql, size=96)
2025-12-12 13:45:35,366 - Knowledge - INFO - Worker kw10 processing /app/data/T0002/186251/b16203w/SQLPage-186251/tests/sql_test_files/component_rendering/dynamic_nested.sql
2025-12-12 13:45:35,367 - Knowledge - INFO - Fast-tracked /app/data/T0002/186251/b16203w/SQLPage-186251/examples/user-authentication/create_user_welcome_message.sql (ext=.sql, size=714)
2025-12-12 13:45:35,368 - Knowledge - INFO - Fast-tracked /app/data/T0002/186251/b16203w/SQLPage-186251/tests/sql_test_files/component_rendering/log.sql (ext=.sql, size=150)
2025-12-12 13:45:35,368 - Knowledge - INFO - Fast-tracked /app/data/T0002/186251/b16203w/SQLPage-186251/examples/light-dark-toggle/presentation.sql (ext=.sql, size=1867)
2025-12-12 13:45:35,369 - Knowledge - INFO - Worker kw17 processing /app/data/T0002/186251/b16203w/SQLPage-186251/examples/todo application/sqlpage/templates/README.md
2025-12-12 13:45:35,369 - Knowledge - INFO - Fast-tracked /app/data/T0002/186251/b16203w/SQLPage-186251/tests/sql_test_files/data/set_variable_to_null_overwrites_existing.sql (ext=.sql, size=53)
2025-12-12 13:45:35,369 - Knowledge - INFO - Worker kw19 processing /app/data/T0002/186251/b16203w/SQLPage-186251/examples/image gallery with user uploads/upload.sql
2025-12-12 13:45:35,370 - Knowledge - INFO - Worker kw7 processing /app/data/T0002/186251/b16203w/SQLPage-186251/tests/sql_test_files/data/set_variable_to_null.sql
2025-12-12 13:45:35,370 - Knowledge - INFO - Fast-tracked /app/data/T0002/186251/b16203w/SQLPage-186251/examples/multiple-choice-question/create_question.sql (ext=.sql, size=138)
2025-12-12 13:45:35,371 - Knowledge - INFO - Worker kw20 processing /app/data/T0002/186251/b16203w/SQLPage-186251/examples/multiple-choice-question/delete_option.sql
2025-12-12 13:45:35,372 - Knowledge - INFO - Fast-tracked /app/data/T0002/186251/b16203w/SQLPage-186251/examples/multiple-choice-question/delete_option.sql (ext=.sql, size=245)
2025-12-12 13:45:35,372 - Knowledge - INFO - Worker kw9 processing /app/data/T0002/186251/b16203w/SQLPage-186251/tests/transactions/mod.rs
2025-12-12 13:45:35,377 - Knowledge - INFO - Worker kw1 processing /app/data/T0002/186251/b16203w/SQLPage-186251/src/app_config.rs
2025-12-12 13:45:35,377 - Knowledge - INFO - Fast-tracked /app/data/T0002/186251/b16203w/SQLPage-186251/tests/uploads/upload_file_test.sql (ext=.sql, size=162)
2025-12-12 13:45:35,378 - Knowledge - INFO - Worker kw12 processing /app/data/T0002/186251/b16203w/SQLPage-186251/examples/modeling a many to many relationship with a form/sqlpage/migrations/03_sqlpage_shell.sql
2025-12-12 13:45:35,379 - Knowledge - INFO - Worker kw13 processing /app/data/T0002/186251/b16203w/SQLPage-186251/examples/PostGIS - using sqlpage with geographic data/sqlpage/sqlpage.json
2025-12-12 13:45:35,382 - Knowledge - INFO - Worker kw14 processing /app/data/T0002/186251/b16203w/SQLPage-186251/examples/nginx/website/post.sql
2025-12-12 13:45:35,382 - Knowledge - INFO - Fast-tracked /app/data/T0002/186251/b16203w/SQLPage-186251/examples/read-and-set-http-cookies/README.md (ext=.md, size=280)
2025-12-12 13:45:35,428 - Knowledge - INFO - Worker kw8 processing /app/data/T0002/186251/b16203w/SQLPage-186251/tests/sql_test_files/data/variables_function.sql
2025-12-12 13:45:35,446 - Knowledge - INFO - Fast-tracked /app/data/T0002/186251/b16203w/SQLPage-186251/tests/sql_test_files/component_rendering/dynamic_nested.sql (ext=.sql, size=298)
2025-12-12 13:45:35,447 - Knowledge - INFO - Worker kw16 processing /app/data/T0002/186251/b16203w/SQLPage-186251/examples/custom form component/basic.sql
2025-12-12 13:45:35,448 - Knowledge - INFO - Fast-tracked /app/data/T0002/186251/b16203w/SQLPage-186251/examples/custom form component/basic.sql (ext=.sql, size=1482)
2025-12-12 13:45:35,450 - Knowledge - INFO - Worker kw18 processing /app/data/T0002/186251/b16203w/SQLPage-186251/examples/light-dark-toggle/shell.sql
2025-12-12 13:45:35,451 - Knowledge - INFO - Fast-tracked /app/data/T0002/186251/b16203w/SQLPage-186251/examples/todo application/sqlpage/templates/README.md (ext=.md, size=857)
2025-12-12 13:45:35,451 - Knowledge - INFO - Worker kw5 processing /app/data/T0002/186251/b16203w/SQLPage-186251/tests/sql_test_files/data/sqlite_unicode_upper.sql
2025-12-12 13:45:35,453 - Knowledge - INFO - Fast-tracked /app/data/T0002/186251/b16203w/SQLPage-186251/examples/image gallery with user uploads/upload.sql (ext=.sql, size=1393)
2025-12-12 13:45:35,462 - Knowledge - INFO - Fast-tracked /app/data/T0002/186251/b16203w/SQLPage-186251/tests/sql_test_files/data/set_variable_to_null.sql (ext=.sql, size=73)
2025-12-12 13:45:35,463 - Knowledge - INFO - Fast-tracked /app/data/T0002/186251/b16203w/SQLPage-186251/AGENTS.md (ext=.md, size=2186)
2025-12-12 13:45:35,463 - Knowledge - INFO - Worker kw20 processing /app/data/T0002/186251/b16203w/SQLPage-186251/examples/multiple-choice-question/process.sql
2025-12-12 13:45:35,464 - Knowledge - INFO - Fast-tracked /app/data/T0002/186251/b16203w/SQLPage-186251/CONTRIBUTING.md (ext=.md, size=6207)
2025-12-12 13:45:35,465 - Knowledge - INFO - Fast-tracked /app/data/T0002/186251/b16203w/SQLPage-186251/tests/transactions/mod.rs (ext=.rs, size=3861)
2025-12-12 13:45:35,465 - Knowledge - INFO - Worker kw4 processing /app/data/T0002/186251/b16203w/SQLPage-186251/tests/uploads/upload_file_runsql_test.sql
2025-12-12 13:45:35,467 - Knowledge - INFO - Worker kw1 processing /app/data/T0002/186251/b16203w/SQLPage-186251/src/webserver/request_variables.rs
2025-12-12 13:45:35,467 - Knowledge - INFO - Fast-tracked /app/data/T0002/186251/b16203w/SQLPage-186251/examples/modeling a many to many relationship with a form/sqlpage/migrations/03_sqlpage_shell.sql (ext=.sql, size=744)
2025-12-12 13:45:35,467 - Knowledge - INFO - Fast-tracked /app/data/T0002/186251/b16203w/SQLPage-186251/examples/PostGIS - using sqlpage with geographic data/sqlpage/sqlpage.json (ext=.json, size=97)
2025-12-12 13:45:35,468 - Knowledge - INFO - Worker kw15 processing /app/data/T0002/186251/b16203w/SQLPage-186251/examples/read-and-set-http-cookies/subdirectory/read_cookies.sql
2025-12-12 13:45:35,469 - Knowledge - INFO - Fast-tracked /app/data/T0002/186251/b16203w/SQLPage-186251/examples/nginx/website/post.sql (ext=.sql, size=1195)
2025-12-12 13:45:35,469 - Knowledge - INFO - Fast-tracked /app/data/T0002/186251/b16203w/SQLPage-186251/tests/sql_test_files/data/variables_function.sql (ext=.sql, size=71)
2025-12-12 13:45:35,473 - Knowledge - INFO - Worker kw10 processing /app/data/T0002/186251/b16203w/SQLPage-186251/tests/sql_test_files/component_rendering/error_too_many_nested_inclusions.sql
2025-12-12 13:45:35,474 - Knowledge - INFO - Worker kw11 processing /app/data/T0002/186251/b16203w/SQLPage-186251/tests/sql_test_files/component_rendering/run_sql_variable_access.sql
2025-12-12 13:45:35,476 - Knowledge - INFO - Worker kw16 processing /app/data/T0002/186251/b16203w/SQLPage-186251/examples/custom form component/shell.sql
2025-12-12 13:45:35,477 - Knowledge - INFO - Worker kw17 processing /app/data/T0002/186251/b16203w/SQLPage-186251/examples/todo application/README.md
2025-12-12 13:45:35,477 - Knowledge - INFO - Fast-tracked /app/data/T0002/186251/b16203w/SQLPage-186251/examples/light-dark-toggle/shell.sql (ext=.sql, size=498)
2025-12-12 13:45:35,478 - Knowledge - INFO - Worker kw19 processing /app/data/T0002/186251/b16203w/SQLPage-186251/examples/image gallery with user uploads/login.sql
2025-12-12 13:45:35,478 - Knowledge - INFO - Fast-tracked /app/data/T0002/186251/b16203w/SQLPage-186251/tests/sql_test_files/data/sqlite_unicode_upper.sql (ext=.sql, size=131)
2025-12-12 13:45:35,478 - Knowledge - INFO - Worker kw7 processing /app/data/T0002/186251/b16203w/SQLPage-186251/tests/sql_test_files/data/path.sql
2025-12-12 13:45:35,480 - Knowledge - INFO - Worker kw3 processing /app/data/T0002/186251/b16203w/SQLPage-186251/db-test-setup/mssql/entrypoint.sh
2025-12-12 13:45:35,483 - Knowledge - INFO - Fast-tracked /app/data/T0002/186251/b16203w/SQLPage-186251/examples/multiple-choice-question/process.sql (ext=.sql, size=149)
2025-12-12 13:45:35,483 - Knowledge - INFO - Worker kw6 processing /app/data/T0002/186251/b16203w/SQLPage-186251/CHANGELOG.md
2025-12-12 13:45:35,484 - Knowledge - INFO - Worker kw9 processing /app/data/T0002/186251/b16203w/SQLPage-186251/tests/transactions/failed_transaction_mssql.sql
2025-12-12 13:45:35,487 - Knowledge - INFO - Fast-tracked /app/data/T0002/186251/b16203w/SQLPage-186251/tests/uploads/upload_file_runsql_test.sql (ext=.sql, size=99)
2025-12-12 13:45:35,488 - Knowledge - INFO - Fast-tracked /app/data/T0002/186251/b16203w/SQLPage-186251/src/webserver/http_client.rs (small file (2720 bytes))
2025-12-12 13:45:35,489 - Knowledge - INFO - Worker kw12 processing /app/data/T0002/186251/b16203w/SQLPage-186251/examples/modeling a many to many relationship with a form/sqlpage/migrations/00_schema.sql
2025-12-12 13:45:35,489 - Knowledge - INFO - Fast-tracked /app/data/T0002/186251/b16203w/SQLPage-186251/src/webserver/request_variables.rs (ext=.rs, size=903)
2025-12-12 13:45:35,489 - Knowledge - INFO - Worker kw13 processing /app/data/T0002/186251/b16203w/SQLPage-186251/examples/PostGIS - using sqlpage with geographic data/sqlpage/migrations/0000_create_db.sql
2025-12-12 13:45:35,490 - Knowledge - INFO - Fast-tracked /app/data/T0002/186251/b16203w/SQLPage-186251/examples/read-and-set-http-cookies/subdirectory/read_cookies.sql (ext=.sql, size=426)
2025-12-12 13:45:35,490 - Knowledge - INFO - Worker kw14 processing /app/data/T0002/186251/b16203w/SQLPage-186251/examples/nginx/website/index.sql
2025-12-12 13:45:35,491 - Knowledge - INFO - Worker kw8 processing /app/data/T0002/186251/b16203w/SQLPage-186251/tests/sql_test_files/data/case_variables.sql
2025-12-12 13:45:35,492 - Knowledge - INFO - Fast-tracked /app/data/T0002/186251/b16203w/SQLPage-186251/tests/sql_test_files/component_rendering/error_too_many_nested_inclusions.sql (ext=.sql, size=156)
2025-12-12 13:45:35,492 - Knowledge - INFO - Fast-tracked /app/data/T0002/186251/b16203w/SQLPage-186251/tests/sql_test_files/component_rendering/run_sql_variable_access.sql (ext=.sql, size=237)
2025-12-12 13:45:35,493 - Knowledge - INFO - Fast-tracked /app/data/T0002/186251/b16203w/SQLPage-186251/examples/custom form component/shell.sql (ext=.sql, size=122)
2025-12-12 13:45:35,493 - Knowledge - INFO - Fast-tracked /app/data/T0002/186251/b16203w/SQLPage-186251/examples/todo application/README.md (ext=.md, size=6598)
2025-12-12 13:45:35,494 - Knowledge - INFO - Worker kw18 processing /app/data/T0002/186251/b16203w/SQLPage-186251/examples/light-dark-toggle/index.sql
2025-12-12 13:45:35,494 - Knowledge - INFO - Worker kw5 processing /app/data/T0002/186251/b16203w/SQLPage-186251/tests/sql_test_files/data/fetch_simple.sql
2025-12-12 13:45:35,495 - Knowledge - INFO - Fast-tracked /app/data/T0002/186251/b16203w/SQLPage-186251/examples/image gallery with user uploads/login.sql (ext=.sql, size=451)
2025-12-12 13:45:35,528 - Knowledge - INFO - Fast-tracked /app/data/T0002/186251/b16203w/SQLPage-186251/tests/sql_test_files/data/path.sql (ext=.sql, size=87)
2025-12-12 13:45:35,529 - Knowledge - INFO - Fast-tracked /app/data/T0002/186251/b16203w/SQLPage-186251/db-test-setup/mssql/entrypoint.sh (ext=.sh, size=311)
2025-12-12 13:45:35,530 - Knowledge - INFO - Worker kw20 processing /app/data/T0002/186251/b16203w/SQLPage-186251/examples/multiple-choice-question/sqlpage/migrations/0001_create_users_table.sql
2025-12-12 13:45:35,530 - Knowledge - INFO - Fast-tracked /app/data/T0002/186251/b16203w/SQLPage-186251/CHANGELOG.md (ext=.md, size=133487)
2025-12-12 13:45:35,531 - Knowledge - INFO - Worker kw4 processing /app/data/T0002/186251/b16203w/SQLPage-186251/tests/uploads/upload_csv_test.sql
2025-12-12 13:45:35,532 - Knowledge - INFO - Fast-tracked /app/data/T0002/186251/b16203w/SQLPage-186251/tests/transactions/failed_transaction_mssql.sql (ext=.sql, size=163)
2025-12-12 13:45:35,532 - Knowledge - INFO - Worker kw1 processing /app/data/T0002/186251/b16203w/SQLPage-186251/src/webserver/content_security_policy.rs
2025-12-12 13:45:35,533 - Knowledge - INFO - Fast-tracked /app/data/T0002/186251/b16203w/SQLPage-186251/examples/modeling a many to many relationship with a form/sqlpage/migrations/00_schema.sql (ext=.sql, size=1200)
2025-12-12 13:45:35,533 - Knowledge - INFO - Fast-tracked /app/data/T0002/186251/b16203w/SQLPage-186251/examples/PostGIS - using sqlpage with geographic data/sqlpage/migrations/0000_create_db.sql (ext=.sql, size=680)
2025-12-12 13:45:35,534 - Knowledge - INFO - Worker kw15 processing /app/data/T0002/186251/b16203w/SQLPage-186251/examples/user-authentication/create_user.sql
2025-12-12 13:45:35,534 - Knowledge - INFO - Fast-tracked /app/data/T0002/186251/b16203w/SQLPage-186251/examples/nginx/website/index.sql (ext=.sql, size=226)
2025-12-12 13:45:35,535 - Knowledge - INFO - Worker kw10 processing /app/data/T0002/186251/b16203w/SQLPage-186251/tests/sql_test_files/component_rendering/temp_table_accessible_in_run_sql_nomssql.sql
2025-12-12 13:45:35,536 - Knowledge - INFO - Fast-tracked /app/data/T0002/186251/b16203w/SQLPage-186251/tests/sql_test_files/data/case_variables.sql (ext=.sql, size=263)
2025-12-12 13:45:35,537 - Knowledge - INFO - Worker kw11 processing /app/data/T0002/186251/b16203w/SQLPage-186251/tests/sql_test_files/component_rendering/dynamic_repeated_properties.sql
2025-12-12 13:45:35,538 - Knowledge - INFO - Worker kw16 processing /app/data/T0002/186251/b16203w/SQLPage-186251/examples/custom form component/index.sql
2025-12-12 13:45:35,538 - Knowledge - INFO - Worker kw17 processing /app/data/T0002/186251/b16203w/SQLPage-186251/examples/todo application/todo_form.sql
2025-12-12 13:45:35,539 - Knowledge - INFO - Worker kw19 processing /app/data/T0002/186251/b16203w/SQLPage-186251/examples/make a geographic data application using sqlite extensions/add_point.sql
2025-12-12 13:45:35,540 - Knowledge - INFO - Fast-tracked /app/data/T0002/186251/b16203w/SQLPage-186251/examples/light-dark-toggle/index.sql (ext=.sql, size=1148)
2025-12-12 13:45:35,540 - Knowledge - INFO - Worker kw7 processing /app/data/T0002/186251/b16203w/SQLPage-186251/tests/sql_test_files/data/hmac_base64.sql
2025-12-12 13:45:35,541 - Knowledge - INFO - Fast-tracked /app/data/T0002/186251/b16203w/SQLPage-186251/tests/sql_test_files/data/fetch_simple.sql (ext=.sql, size=161)
2025-12-12 13:45:35,541 - Knowledge - INFO - Worker kw3 processing /app/data/T0002/186251/b16203w/SQLPage-186251/db-test-setup/mssql/setup.sql
2025-12-12 13:45:35,542 - Knowledge - INFO - Worker kw6 processing /app/data/T0002/186251/b16203w/SQLPage-186251/examples/single sign on/keycloak-configuration.json
2025-12-12 13:45:35,542 - Knowledge - INFO - Fast-tracked /app/data/T0002/186251/b16203w/SQLPage-186251/examples/multiple-choice-question/sqlpage/migrations/0001_create_users_table.sql (ext=.sql, size=422)
2025-12-12 13:45:35,543 - Knowledge - INFO - Fast-tracked /app/data/T0002/186251/b16203w/SQLPage-186251/tests/uploads/upload_csv_test.sql (ext=.sql, size=317)
2025-12-12 13:45:35,544 - Knowledge - INFO - Worker kw9 processing /app/data/T0002/186251/b16203w/SQLPage-186251/tests/data_formats/json_columns.sql
2025-12-12 13:45:35,545 - Knowledge - INFO - Worker kw12 processing /app/data/T0002/186251/b16203w/SQLPage-186251/examples/modeling a many to many relationship with a form/sqlpage/migrations/01_sample_data.sql
2025-12-12 13:45:35,545 - Knowledge - INFO - Worker kw13 processing /app/data/T0002/186251/b16203w/SQLPage-186251/examples/PostGIS - using sqlpage with geographic data/edition_form.sql
2025-12-12 13:45:35,546 - Knowledge - INFO - Fast-tracked /app/data/T0002/186251/b16203w/SQLPage-186251/examples/user-authentication/create_user.sql (ext=.sql, size=457)
2025-12-12 13:45:35,546 - Knowledge - INFO - Worker kw14 processing /app/data/T0002/186251/b16203w/SQLPage-186251/examples/nginx/website/add_comment.sql
2025-12-12 13:45:35,550 - Knowledge - INFO - Fast-tracked /app/data/T0002/186251/b16203w/SQLPage-186251/tests/sql_test_files/component_rendering/temp_table_accessible_in_run_sql_nomssql.sql (ext=.sql, size=264)
2025-12-12 13:45:35,552 - Knowledge - INFO - Worker kw8 processing /app/data/T0002/186251/b16203w/SQLPage-186251/tests/sql_test_files/data/fetch_with_meta_simple.sql
2025-12-12 13:45:35,554 - Knowledge - INFO - Fast-tracked /app/data/T0002/186251/b16203w/SQLPage-186251/src/cli/commands.rs (small file (2633 bytes))
2025-12-12 13:45:35,555 - Knowledge - INFO - Fast-tracked /app/data/T0002/186251/b16203w/SQLPage-186251/tests/sql_test_files/component_rendering/dynamic_repeated_properties.sql (ext=.sql, size=327)
2025-12-12 13:45:35,556 - Knowledge - INFO - Fast-tracked /app/data/T0002/186251/b16203w/SQLPage-186251/examples/custom form component/index.sql (ext=.sql, size=544)
2025-12-12 13:45:35,557 - Knowledge - INFO - Fast-tracked /app/data/T0002/186251/b16203w/SQLPage-186251/examples/todo application/todo_form.sql (ext=.sql, size=1255)
2025-12-12 13:45:35,557 - Knowledge - INFO - Fast-tracked /app/data/T0002/186251/b16203w/SQLPage-186251/examples/make a geographic data application using sqlite extensions/add_point.sql (ext=.sql, size=243)
2025-12-12 13:45:35,558 - Knowledge - INFO - Worker kw18 processing /app/data/T0002/186251/b16203w/SQLPage-186251/examples/light-dark-toggle/codeconduct.sql
2025-12-12 13:45:35,558 - Knowledge - INFO - Fast-tracked /app/data/T0002/186251/b16203w/SQLPage-186251/tests/sql_test_files/data/hmac_base64.sql (ext=.sql, size=165)
2025-12-12 13:45:35,559 - Knowledge - INFO - Worker kw5 processing /app/data/T0002/186251/b16203w/SQLPage-186251/tests/sql_test_files/data/set_variable_numeric.sql
2025-12-12 13:45:35,561 - Knowledge - INFO - Fast-tracked /app/data/T0002/186251/b16203w/SQLPage-186251/db-test-setup/mssql/setup.sql (ext=.sql, size=286)
2025-12-12 13:45:35,565 - Knowledge - INFO - Worker kw20 processing /app/data/T0002/186251/b16203w/SQLPage-186251/examples/multiple-choice-question/README.md
2025-12-12 13:45:35,565 - Knowledge - INFO - Worker kw4 processing /app/data/T0002/186251/b16203w/SQLPage-186251/tests/uploads/mod.rs
2025-12-12 13:45:35,566 - Knowledge - INFO - Fast-tracked /app/data/T0002/186251/b16203w/SQLPage-186251/examples/single sign on/keycloak-configuration.json (ext=.json, size=187830)
2025-12-12 13:45:35,566 - Knowledge - INFO - Fast-tracked /app/data/T0002/186251/b16203w/SQLPage-186251/tests/data_formats/json_columns.sql (ext=.sql, size=384)
2025-12-12 13:45:35,567 - Knowledge - INFO - Worker kw12 processing /app/data/T0002/186251/b16203w/SQLPage-186251/examples/modeling a many to many relationship with a form/README.md
2025-12-12 13:45:35,567 - Knowledge - INFO - Fast-tracked /app/data/T0002/186251/b16203w/SQLPage-186251/examples/PostGIS - using sqlpage with geographic data/edition_form.sql (ext=.sql, size=531)
2025-12-12 13:45:35,567 - Knowledge - INFO - Worker kw15 processing /app/data/T0002/186251/b16203w/SQLPage-186251/examples/user-authentication/logout.sql
2025-12-12 13:45:35,568 - Knowledge - INFO - Fast-tracked /app/data/T0002/186251/b16203w/SQLPage-186251/examples/nginx/website/add_comment.sql (ext=.sql, size=132)
2025-12-12 13:45:35,569 - Knowledge - INFO - Worker kw10 processing /app/data/T0002/186251/b16203w/SQLPage-186251/tests/sql_test_files/component_rendering/dynamic_toplevel.sql
2025-12-12 13:45:35,569 - Knowledge - INFO - Fast-tracked /app/data/T0002/186251/b16203w/SQLPage-186251/tests/sql_test_files/data/fetch_with_meta_simple.sql (ext=.sql, size=388)
2025-12-12 13:45:35,570 - Knowledge - INFO - Worker kw11 processing /app/data/T0002/186251/b16203w/SQLPage-186251/tests/sql_test_files/component_rendering/simple.sql
2025-12-12 13:45:35,571 - Knowledge - INFO - Worker kw16 processing /app/data/T0002/186251/b16203w/SQLPage-186251/examples/custom form component/sqlpage/migrations/0001_users_and_groups.sql
2025-12-12 13:45:35,572 - Knowledge - INFO - Worker kw17 processing /app/data/T0002/186251/b16203w/SQLPage-186251/examples/microsoft sql server advanced forms/survey.sql
2025-12-12 13:45:35,572 - Knowledge - INFO - Worker kw19 processing /app/data/T0002/186251/b16203w/SQLPage-186251/examples/make a geographic data application using sqlite extensions/point.sql
2025-12-12 13:45:35,574 - Knowledge - INFO - Fast-tracked /app/data/T0002/186251/b16203w/SQLPage-186251/examples/light-dark-toggle/codeconduct.sql (ext=.sql, size=923)
2025-12-12 13:45:35,575 - Knowledge - INFO - Worker kw7 processing /app/data/T0002/186251/b16203w/SQLPage-186251/tests/sql_test_files/data/set_variable_to_sqlpage_post_function.sql
2025-12-12 13:45:35,576 - Knowledge - INFO - Fast-tracked /app/data/T0002/186251/b16203w/SQLPage-186251/tests/sql_test_files/data/set_variable_numeric.sql (ext=.sql, size=57)
2025-12-12 13:45:35,577 - Knowledge - INFO - Worker kw3 processing /app/data/T0002/186251/b16203w/SQLPage-186251/db-test-setup/postgres/ssl/README.md
2025-12-12 13:45:35,578 - Knowledge - INFO - Fast-tracked /app/data/T0002/186251/b16203w/SQLPage-186251/examples/multiple-choice-question/README.md (ext=.md, size=1146)
2025-12-12 13:45:35,627 - Knowledge - INFO - Fast-tracked /app/data/T0002/186251/b16203w/SQLPage-186251/tests/uploads/mod.rs (ext=.rs, size=5687)
2025-12-12 13:45:35,633 - Knowledge - INFO - Worker kw6 processing /app/data/T0002/186251/b16203w/SQLPage-186251/examples/single sign on/docker-compose.yaml
2025-12-12 13:45:35,636 - Knowledge - INFO - Worker kw9 processing /app/data/T0002/186251/b16203w/SQLPage-186251/tests/data_formats/json_data.sql
2025-12-12 13:45:35,637 - Knowledge - INFO - Fast-tracked /app/data/T0002/186251/b16203w/SQLPage-186251/examples/modeling a many to many relationship with a form/README.md (ext=.md, size=417)
2025-12-12 13:45:35,637 - Knowledge - INFO - Worker kw13 processing /app/data/T0002/186251/b16203w/SQLPage-186251/examples/PostGIS - using sqlpage with geographic data/README.md
2025-12-12 13:45:35,638 - Knowledge - INFO - Fast-tracked /app/data/T0002/186251/b16203w/SQLPage-186251/examples/user-authentication/logout.sql (ext=.sql, size=174)
2025-12-12 13:45:35,639 - Knowledge - INFO - Worker kw14 processing /app/data/T0002/186251/b16203w/SQLPage-186251/examples/nginx/docker-compose.yml
2025-12-12 13:45:35,640 - Knowledge - INFO - Fast-tracked /app/data/T0002/186251/b16203w/SQLPage-186251/tests/sql_test_files/component_rendering/dynamic_toplevel.sql (ext=.sql, size=306)
2025-12-12 13:45:35,641 - Knowledge - INFO - Worker kw8 processing /app/data/T0002/186251/b16203w/SQLPage-186251/tests/sql_test_files/data/variables_function_get_and_post.sql
2025-12-12 13:45:35,645 - Knowledge - INFO - Fast-tracked /app/data/T0002/186251/b16203w/SQLPage-186251/tests/sql_test_files/component_rendering/simple.sql (ext=.sql, size=108)
2025-12-12 13:45:35,649 - Knowledge - INFO - Fast-tracked /app/data/T0002/186251/b16203w/SQLPage-186251/examples/custom form component/sqlpage/migrations/0001_users_and_groups.sql (ext=.sql, size=1032)
2025-12-12 13:45:35,653 - Knowledge - INFO - Fast-tracked /app/data/T0002/186251/b16203w/SQLPage-186251/examples/microsoft sql server advanced forms/survey.sql (ext=.sql, size=845)
2025-12-12 13:45:35,655 - Knowledge - INFO - Fast-tracked /app/data/T0002/186251/b16203w/SQLPage-186251/examples/make a geographic data application using sqlite extensions/point.sql (ext=.sql, size=1399)
2025-12-12 13:45:35,656 - Knowledge - INFO - Worker kw18 processing /app/data/T0002/186251/b16203w/SQLPage-186251/examples/light-dark-toggle/sqlpage/sqlpage.yaml
2025-12-12 13:45:35,665 - Knowledge - INFO - Fast-tracked /app/data/T0002/186251/b16203w/SQLPage-186251/tests/sql_test_files/data/set_variable_to_sqlpage_post_function.sql (ext=.sql, size=91)
2025-12-12 13:45:35,668 - Knowledge - INFO - Worker kw5 processing /app/data/T0002/186251/b16203w/SQLPage-186251/tests/sql_test_files/data/create_table.sql
2025-12-12 13:45:35,679 - Knowledge - INFO - Fast-tracked /app/data/T0002/186251/b16203w/SQLPage-186251/db-test-setup/postgres/ssl/README.md (ext=.md, size=241)
2025-12-12 13:45:35,726 - Knowledge - INFO - Worker kw20 processing /app/data/T0002/186251/b16203w/SQLPage-186251/examples/multiple-choice-question/website_header.json
2025-12-12 13:45:35,726 - Knowledge - INFO - Worker kw4 processing /app/data/T0002/186251/b16203w/SQLPage-186251/tests/requests/webhook_hmac.rs
2025-12-12 13:45:35,729 - Knowledge - INFO - Fast-tracked /app/data/T0002/186251/b16203w/SQLPage-186251/examples/single sign on/docker-compose.yaml (ext=.yaml, size=1544)
2025-12-12 13:45:35,731 - Knowledge - INFO - Worker kw6 processing /app/data/T0002/186251/b16203w/SQLPage-186251/examples/single sign on/protected/index.sql
2025-12-12 13:45:35,735 - Knowledge - INFO - Worker kw12 processing /app/data/T0002/186251/b16203w/SQLPage-186251/examples/roundest_pokemon_rating/src/results.sql
2025-12-12 13:45:35,736 - Knowledge - INFO - Fast-tracked /app/data/T0002/186251/b16203w/SQLPage-186251/examples/PostGIS - using sqlpage with geographic data/README.md (ext=.md, size=766)
2025-12-12 13:45:35,737 - Knowledge - INFO - Worker kw15 processing /app/data/T0002/186251/b16203w/SQLPage-186251/examples/user-authentication/protected_page.sql
2025-12-12 13:45:35,737 - Knowledge - INFO - Fast-tracked /app/data/T0002/186251/b16203w/SQLPage-186251/src/index.sql (small file (2293 bytes))
2025-12-12 13:45:35,741 - Knowledge - INFO - Fast-tracked /app/data/T0002/186251/b16203w/SQLPage-186251/examples/nginx/docker-compose.yml (ext=.yml, size=963)
2025-12-12 13:45:35,743 - Knowledge - INFO - Worker kw10 processing /app/data/T0002/186251/b16203w/SQLPage-186251/tests/sql_test_files/component_rendering/error_cookie_component_cannot_be_used_after_data_has_already_been_sent.sql
2025-12-12 13:45:35,746 - Knowledge - INFO - Fast-tracked /app/data/T0002/186251/b16203w/SQLPage-186251/tests/sql_test_files/data/variables_function_get_and_post.sql (ext=.sql, size=66)
2025-12-12 13:45:35,749 - Knowledge - INFO - Worker kw11 processing /app/data/T0002/186251/b16203w/SQLPage-186251/tests/sql_test_files/component_rendering/deeply_nested_dynamic_components.sql
2025-12-12 13:45:35,749 - Knowledge - INFO - Worker kw16 processing /app/data/T0002/186251/b16203w/SQLPage-186251/examples/custom form component/README.md
2025-12-12 13:45:35,750 - Knowledge - INFO - Worker kw17 processing /app/data/T0002/186251/b16203w/SQLPage-186251/examples/microsoft sql server advanced forms/index.sql
2025-12-12 13:45:35,750 - Knowledge - INFO - Worker kw19 processing /app/data/T0002/186251/b16203w/SQLPage-186251/examples/make a geographic data application using sqlite extensions/index.sql
2025-12-12 13:45:35,751 - Knowledge - INFO - Worker kw7 processing /app/data/T0002/186251/b16203w/SQLPage-186251/tests/sql_test_files/data/read_file_as_data_url.sql
2025-12-12 13:45:35,751 - Knowledge - INFO - Fast-tracked /app/data/T0002/186251/b16203w/SQLPage-186251/examples/light-dark-toggle/sqlpage/sqlpage.yaml (ext=.yaml, size=45)
2025-12-12 13:45:35,756 - Knowledge - INFO - Fast-tracked /app/data/T0002/186251/b16203w/SQLPage-186251/tests/sql_test_files/data/read_file_as_data_url.sql (ext=.sql, size=169)
2025-12-12 13:45:35,756 - Knowledge - INFO - Worker kw3 processing /app/data/T0002/186251/b16203w/SQLPage-186251/docs/sqlpage for sqlite.md
2025-12-12 13:45:35,763 - Knowledge - INFO - Fast-tracked /app/data/T0002/186251/b16203w/SQLPage-186251/examples/multiple-choice-question/website_header.json (ext=.json, size=155)
2025-12-12 13:45:35,765 - Knowledge - INFO - Fast-tracked /app/data/T0002/186251/b16203w/SQLPage-186251/tests/data_formats/json_data.sql (ext=.sql, size=81)
2025-12-12 13:45:35,766 - Knowledge - INFO - Worker kw9 processing /app/data/T0002/186251/b16203w/SQLPage-186251/tests/data_formats/csv_data.sql
2025-12-12 13:45:35,766 - Knowledge - INFO - Fast-tracked /app/data/T0002/186251/b16203w/SQLPage-186251/tests/requests/webhook_hmac.rs (ext=.rs, size=3158)
2025-12-12 13:45:35,767 - Knowledge - INFO - Fast-tracked /app/data/T0002/186251/b16203w/SQLPage-186251/examples/roundest_pokemon_rating/src/results.sql (ext=.sql, size=390)
2025-12-12 13:45:35,768 - Knowledge - INFO - Worker kw13 processing /app/data/T0002/186251/b16203w/SQLPage-186251/examples/using react and other custom scripts and styles/api.sql
2025-12-12 13:45:35,768 - Knowledge - INFO - Fast-tracked /app/data/T0002/186251/b16203w/SQLPage-186251/examples/using react and other custom scripts and styles/api.sql (ext=.sql, size=227)
2025-12-12 13:45:35,770 - Knowledge - INFO - Worker kw14 processing /app/data/T0002/186251/b16203w/SQLPage-186251/examples/rich-text-editor/post.sql
2025-12-12 13:45:35,774 - Knowledge - INFO - Fast-tracked /app/data/T0002/186251/b16203w/SQLPage-186251/tests/sql_test_files/component_rendering/error_cookie_component_cannot_be_used_after_data_has_already_been_sent.sql (ext=.sql, size=148)
2025-12-12 13:45:35,827 - Knowledge - INFO - Worker kw8 processing /app/data/T0002/186251/b16203w/SQLPage-186251/tests/sql_test_files/data/set_variable_to_sqlpage_function.sql
2025-12-12 13:45:35,830 - Knowledge - INFO - Fast-tracked /app/data/T0002/186251/b16203w/SQLPage-186251/tests/sql_test_files/component_rendering/deeply_nested_dynamic_components.sql (ext=.sql, size=4903)
2025-12-12 13:45:35,831 - Knowledge - INFO - Fast-tracked /app/data/T0002/186251/b16203w/SQLPage-186251/examples/custom form component/README.md (ext=.md, size=869)
2025-12-12 13:45:35,832 - Knowledge - INFO - Fast-tracked /app/data/T0002/186251/b16203w/SQLPage-186251/examples/make a geographic data application using sqlite extensions/index.sql (ext=.sql, size=924)
2025-12-12 13:45:35,832 - Knowledge - INFO - Fast-tracked /app/data/T0002/186251/b16203w/SQLPage-186251/examples/microsoft sql server advanced forms/index.sql (ext=.sql, size=1270)
2025-12-12 13:45:35,833 - Knowledge - INFO - Worker kw18 processing /app/data/T0002/186251/b16203w/SQLPage-186251/examples/light-dark-toggle/README.md
2025-12-12 13:45:35,834 - Knowledge - INFO - Fast-tracked /app/data/T0002/186251/b16203w/SQLPage-186251/tests/sql_test_files/data/create_table.sql (ext=.sql, size=194)
2025-12-12 13:45:35,834 - Knowledge - INFO - Worker kw7 processing /app/data/T0002/186251/b16203w/SQLPage-186251/tests/sql_test_files/data/set_variable_to_other_variable.sql
2025-12-12 13:45:35,837 - Knowledge - INFO - Fast-tracked /app/data/T0002/186251/b16203w/SQLPage-186251/examples/light-dark-toggle/README.md (ext=.md, size=1298)
2025-12-12 13:45:35,839 - Knowledge - INFO - Worker kw20 processing /app/data/T0002/186251/b16203w/SQLPage-186251/examples/multiple-choice-question/admin.sql
2025-12-12 13:45:35,844 - Knowledge - INFO - Worker kw4 processing /app/data/T0002/186251/b16203w/SQLPage-186251/tests/requests/request_download_test.sql
2025-12-12 13:45:35,845 - Knowledge - INFO - Fast-tracked /app/data/T0002/186251/b16203w/SQLPage-186251/examples/single sign on/protected/index.sql (ext=.sql, size=567)
2025-12-12 13:45:35,845 - Knowledge - INFO - Worker kw12 processing /app/data/T0002/186251/b16203w/SQLPage-186251/examples/roundest_pokemon_rating/src/populate.sql
2025-12-12 13:45:35,846 - Knowledge - INFO - Fast-tracked /app/data/T0002/186251/b16203w/SQLPage-186251/tests/data_formats/csv_data.sql (ext=.sql, size=171)
2025-12-12 13:45:35,847 - Knowledge - INFO - Fast-tracked /app/data/T0002/186251/b16203w/SQLPage-186251/examples/user-authentication/protected_page.sql (ext=.sql, size=510)
2025-12-12 13:45:35,847 - Knowledge - INFO - Worker kw13 processing /app/data/T0002/186251/b16203w/SQLPage-186251/examples/using react and other custom scripts and styles/style.css
2025-12-12 13:45:35,849 - Knowledge - INFO - Fast-tracked /app/data/T0002/186251/b16203w/SQLPage-186251/examples/rich-text-editor/post.sql (ext=.sql, size=290)
2025-12-12 13:45:35,856 - Knowledge - INFO - Worker kw10 processing /app/data/T0002/186251/b16203w/SQLPage-186251/tests/sql_test_files/component_rendering/error_failed_to_import_the_csv.sql
2025-12-12 13:45:35,865 - Knowledge - INFO - Fast-tracked /app/data/T0002/186251/b16203w/SQLPage-186251/tests/sql_test_files/data/set_variable_to_sqlpage_function.sql (ext=.sql, size=86)
2025-12-12 13:45:35,866 - Knowledge - INFO - Worker kw11 processing /app/data/T0002/186251/b16203w/SQLPage-186251/tests/sql_test_files/component_rendering/run_sql.sql
2025-12-12 13:45:35,868 - Knowledge - INFO - Fast-tracked /app/data/T0002/186251/b16203w/SQLPage-186251/src/webserver/database/mod.rs (small file (2993 bytes))
2025-12-12 13:45:35,873 - Knowledge - INFO - Worker kw16 processing /app/data/T0002/186251/b16203w/SQLPage-186251/examples/custom form component/docker-compose.yml
2025-12-12 13:45:35,874 - Knowledge - INFO - Worker kw19 processing /app/data/T0002/186251/b16203w/SQLPage-186251/examples/make a geographic data application using sqlite extensions/sqlpage/sqlpage.json
2025-12-12 13:45:35,874 - Knowledge - INFO - Worker kw17 processing /app/data/T0002/186251/b16203w/SQLPage-186251/examples/microsoft sql server advanced forms/sqlpage/mssql-migrations/README.md
2025-12-12 13:45:35,876 - Knowledge - INFO - Fast-tracked /app/data/T0002/186251/b16203w/SQLPage-186251/docs/sqlpage for sqlite.md (ext=.md, size=2468)
2025-12-12 13:45:35,877 - Knowledge - INFO - Worker kw5 processing /app/data/T0002/186251/b16203w/SQLPage-186251/tests/sql_test_files/data/concat_str_in_pseudofunction.sql
2025-12-12 13:45:35,877 - Knowledge - INFO - Fast-tracked /app/data/T0002/186251/b16203w/SQLPage-186251/tests/sql_test_files/data/set_variable_to_other_variable.sql (ext=.sql, size=75)
2025-12-12 13:45:35,877 - Knowledge - INFO - Worker kw7 processing /app/data/T0002/186251/b16203w/SQLPage-186251/tests/sql_test_files/data/request_method.sql
2025-12-12 13:45:35,881 - Knowledge - INFO - Fast-tracked /app/data/T0002/186251/b16203w/SQLPage-186251/examples/multiple-choice-question/admin.sql (ext=.sql, size=1615)
2025-12-12 13:45:35,925 - Knowledge - INFO - Fast-tracked /app/data/T0002/186251/b16203w/SQLPage-186251/tests/requests/request_download_test.sql (ext=.sql, size=140)
2025-12-12 13:45:35,931 - Knowledge - INFO - Worker kw6 processing /app/data/T0002/186251/b16203w/SQLPage-186251/examples/single sign on/index.sql
2025-12-12 13:45:35,936 - Knowledge - INFO - Fast-tracked /app/data/T0002/186251/b16203w/SQLPage-186251/examples/roundest_pokemon_rating/src/populate.sql (ext=.sql, size=420)
2025-12-12 13:45:35,936 - Knowledge - INFO - Worker kw9 processing /app/data/T0002/186251/b16203w/SQLPage-186251/tests/data_formats/mod.rs
2025-12-12 13:45:35,938 - Knowledge - INFO - Worker kw15 processing /app/data/T0002/186251/b16203w/SQLPage-186251/examples/user-authentication/signup.sql
2025-12-12 13:45:35,939 - Knowledge - INFO - Worker kw14 processing /app/data/T0002/186251/b16203w/SQLPage-186251/examples/rich-text-editor/edit.sql
2025-12-12 13:45:35,940 - Knowledge - INFO - Fast-tracked /app/data/T0002/186251/b16203w/SQLPage-186251/examples/using react and other custom scripts and styles/style.css (ext=.css, size=761)
2025-12-12 13:45:35,941 - Knowledge - INFO - Worker kw8 processing /app/data/T0002/186251/b16203w/SQLPage-186251/tests/sql_test_files/data/fetch_with_meta_error.sql
2025-12-12 13:45:35,941 - Knowledge - INFO - Fast-tracked /app/data/T0002/186251/b16203w/SQLPage-186251/tests/sql_test_files/component_rendering/error_failed_to_import_the_csv.sql (ext=.sql, size=132)
2025-12-12 13:45:35,943 - Knowledge - INFO - Fast-tracked /app/data/T0002/186251/b16203w/SQLPage-186251/tests/sql_test_files/component_rendering/run_sql.sql (ext=.sql, size=121)
2025-12-12 13:45:35,953 - Knowledge - INFO - Fast-tracked /app/data/T0002/186251/b16203w/SQLPage-186251/examples/custom form component/docker-compose.yml (ext=.yml, size=616)
2025-12-12 13:45:35,956 - Knowledge - INFO - Fast-tracked /app/data/T0002/186251/b16203w/SQLPage-186251/examples/make a geographic data application using sqlite extensions/sqlpage/sqlpage.json (ext=.json, size=46)
2025-12-12 13:45:35,957 - Knowledge - INFO - Fast-tracked /app/data/T0002/186251/b16203w/SQLPage-186251/examples/microsoft sql server advanced forms/sqlpage/mssql-migrations/README.md (ext=.md, size=484)
2025-12-12 13:45:35,958 - Knowledge - INFO - Worker kw3 processing /app/data/T0002/186251/b16203w/SQLPage-186251/docs/introducing-sqlpage-to-the-postgres-community.md
2025-12-12 13:45:35,959 - Knowledge - INFO - Fast-tracked /app/data/T0002/186251/b16203w/SQLPage-186251/tests/sql_test_files/data/concat_str_in_pseudofunction.sql (ext=.sql, size=223)
2025-12-12 13:45:35,963 - Knowledge - INFO - Worker kw18 processing /app/data/T0002/186251/b16203w/SQLPage-186251/examples/light-dark-toggle/biography.sql
2025-12-12 13:45:35,965 - Knowledge - INFO - Fast-tracked /app/data/T0002/186251/b16203w/SQLPage-186251/tests/sql_test_files/data/request_method.sql (ext=.sql, size=106)
2025-12-12 13:45:35,966 - Knowledge - INFO - Worker kw20 processing /app/data/T0002/186251/b16203w/SQLPage-186251/examples/mysql json handling/survey.sql
2025-12-12 13:45:35,968 - Knowledge - INFO - Worker kw4 processing /app/data/T0002/186251/b16203w/SQLPage-186251/tests/requests/mod.rs
2025-12-12 13:45:35,970 - Knowledge - INFO - Worker kw12 processing /app/data/T0002/186251/b16203w/SQLPage-186251/examples/roundest_pokemon_rating/src/vote.sql
2025-12-12 13:45:35,970 - Knowledge - INFO - Fast-tracked /app/data/T0002/186251/b16203w/SQLPage-186251/examples/single sign on/index.sql (ext=.sql, size=1010)
2025-12-12 13:45:35,972 - Knowledge - INFO - Fast-tracked /app/data/T0002/186251/b16203w/SQLPage-186251/tests/data_formats/mod.rs (ext=.rs, size=5830)
2025-12-12 13:45:35,974 - Knowledge - INFO - Fast-tracked /app/data/T0002/186251/b16203w/SQLPage-186251/examples/rich-text-editor/edit.sql (ext=.sql, size=904)
2025-12-12 13:45:35,974 - Knowledge - INFO - Worker kw13 processing /app/data/T0002/186251/b16203w/SQLPage-186251/examples/using react and other custom scripts and styles/index.sql
2025-12-12 13:45:35,975 - Knowledge - INFO - Fast-tracked /app/data/T0002/186251/b16203w/SQLPage-186251/examples/user-authentication/signup.sql (ext=.sql, size=491)
2025-12-12 13:45:35,975 - Knowledge - INFO - Fast-tracked /app/data/T0002/186251/b16203w/SQLPage-186251/tests/sql_test_files/data/fetch_with_meta_error.sql (ext=.sql, size=132)
2025-12-12 13:45:35,976 - Knowledge - INFO - Worker kw10 processing /app/data/T0002/186251/b16203w/SQLPage-186251/tests/sql_test_files/component_rendering/error_invalid_json_in_dynamic_component.sql
2025-12-12 13:45:35,976 - Knowledge - INFO - Worker kw11 processing /app/data/T0002/186251/b16203w/SQLPage-186251/tests/sql_test_files/component_rendering/error_single_shell_per_page.sql
2025-12-12 13:45:35,977 - Knowledge - INFO - Worker kw16 processing /app/data/T0002/186251/b16203w/SQLPage-186251/examples/custom form component/form_action.sql
2025-12-12 13:45:35,978 - Knowledge - INFO - Worker kw19 processing /app/data/T0002/186251/b16203w/SQLPage-186251/examples/make a geographic data application using sqlite extensions/sqlpage/migrations/0000_create_db.sql
2025-12-12 13:45:36,023 - Knowledge - INFO - Worker kw17 processing /app/data/T0002/186251/b16203w/SQLPage-186251/examples/microsoft sql server advanced forms/sqlpage/mssql-migrations/0001_db_init.sql
2025-12-12 13:45:36,027 - Knowledge - INFO - Fast-tracked /app/data/T0002/186251/b16203w/SQLPage-186251/docs/introducing-sqlpage-to-the-postgres-community.md (ext=.md, size=3732)
2025-12-12 13:45:36,027 - Knowledge - INFO - Worker kw5 processing /app/data/T0002/186251/b16203w/SQLPage-186251/tests/sql_test_files/data/nested_sqlpage_functions.sql
2025-12-12 13:45:36,029 - Knowledge - INFO - Fast-tracked /app/data/T0002/186251/b16203w/SQLPage-186251/examples/light-dark-toggle/biography.sql (ext=.sql, size=642)
2025-12-12 13:45:36,029 - Knowledge - INFO - Worker kw7 processing /app/data/T0002/186251/b16203w/SQLPage-186251/tests/sql_test_files/data/varchar_nomysql.sql
2025-12-12 13:45:36,031 - Knowledge - INFO - Fast-tracked /app/data/T0002/186251/b16203w/SQLPage-186251/examples/mysql json handling/survey.sql (ext=.sql, size=845)
2025-12-12 13:45:36,032 - Knowledge - INFO - Fast-tracked /app/data/T0002/186251/b16203w/SQLPage-186251/tests/requests/mod.rs (ext=.rs, size=4251)
2025-12-12 13:45:36,033 - Knowledge - INFO - Worker kw6 processing /app/data/T0002/186251/b16203w/SQLPage-186251/examples/single sign on/sqlpage/sqlpage.yaml
2025-12-12 13:45:36,034 - Knowledge - INFO - Fast-tracked /app/data/T0002/186251/b16203w/SQLPage-186251/examples/roundest_pokemon_rating/src/vote.sql (ext=.sql, size=199)
2025-12-12 13:45:36,034 - Knowledge - INFO - Worker kw9 processing /app/data/T0002/186251/b16203w/SQLPage-186251/tests/errors/404.sql
2025-12-12 13:45:36,035 - Knowledge - INFO - Worker kw14 processing /app/data/T0002/186251/b16203w/SQLPage-186251/examples/rich-text-editor/create_blog_post.sql
2025-12-12 13:45:36,036 - Knowledge - INFO - Worker kw15 processing /app/data/T0002/186251/b16203w/SQLPage-186251/examples/user-authentication/signin.sql
2025-12-12 13:45:36,036 - Knowledge - INFO - Fast-tracked /app/data/T0002/186251/b16203w/SQLPage-186251/examples/using react and other custom scripts and styles/index.sql (ext=.sql, size=294)
2025-12-12 13:45:36,037 - Knowledge - INFO - Worker kw8 processing /app/data/T0002/186251/b16203w/SQLPage-186251/tests/sql_test_files/data/fetch_null.sql
2025-12-12 13:45:36,038 - Knowledge - INFO - Fast-tracked /app/data/T0002/186251/b16203w/SQLPage-186251/tests/sql_test_files/component_rendering/error_invalid_json_in_dynamic_component.sql (ext=.sql, size=147)
2025-12-12 13:45:36,039 - Knowledge - INFO - Fast-tracked /app/data/T0002/186251/b16203w/SQLPage-186251/tests/sql_test_files/component_rendering/error_single_shell_per_page.sql (ext=.sql, size=93)
2025-12-12 13:45:36,041 - Knowledge - INFO - Fast-tracked /app/data/T0002/186251/b16203w/SQLPage-186251/examples/custom form component/form_action.sql (ext=.sql, size=1196)
2025-12-12 13:45:36,042 - Knowledge - INFO - Fast-tracked /app/data/T0002/186251/b16203w/SQLPage-186251/examples/make a geographic data application using sqlite extensions/sqlpage/migrations/0000_create_db.sql (ext=.sql, size=609)
2025-12-12 13:45:36,044 - Knowledge - INFO - Fast-tracked /app/data/T0002/186251/b16203w/SQLPage-186251/examples/microsoft sql server advanced forms/sqlpage/mssql-migrations/0001_db_init.sql (ext=.sql, size=979)
2025-12-12 13:45:36,051 - Knowledge - INFO - Fast-tracked /app/data/T0002/186251/b16203w/SQLPage-186251/tests/sql_test_files/data/nested_sqlpage_functions.sql (ext=.sql, size=118)
2025-12-12 13:45:36,056 - Knowledge - INFO - Worker kw18 processing /app/data/T0002/186251/b16203w/SQLPage-186251/examples/image gallery with user uploads/logout.sql
2025-12-12 13:45:36,061 - Knowledge - INFO - Worker kw20 processing /app/data/T0002/186251/b16203w/SQLPage-186251/examples/mysql json handling/index.sql
2025-12-12 13:45:36,062 - Knowledge - INFO - Worker kw4 processing /app/data/T0002/186251/b16203w/SQLPage-186251/tests/requests/request_body_test.sql
2025-12-12 13:45:36,063 - Knowledge - INFO - Fast-tracked /app/data/T0002/186251/b16203w/SQLPage-186251/tests/sql_test_files/data/varchar_nomysql.sql (ext=.sql, size=169)
2025-12-12 13:45:36,124 - Knowledge - INFO - Fast-tracked /app/data/T0002/186251/b16203w/SQLPage-186251/examples/single sign on/sqlpage/sqlpage.yaml (ext=.yaml, size=804)
2025-12-12 13:45:36,126 - Knowledge - INFO - Worker kw12 processing /app/data/T0002/186251/b16203w/SQLPage-186251/examples/roundest_pokemon_rating/src/index.sql
2025-12-12 13:45:36,134 - Knowledge - INFO - Fast-tracked /app/data/T0002/186251/b16203w/SQLPage-186251/tests/errors/404.sql (ext=.sql, size=133)
2025-12-12 13:45:36,136 - Knowledge - INFO - Fast-tracked /app/data/T0002/186251/b16203w/SQLPage-186251/examples/rich-text-editor/create_blog_post.sql (ext=.sql, size=131)
2025-12-12 13:45:36,136 - Knowledge - INFO - Worker kw13 processing /app/data/T0002/186251/b16203w/SQLPage-186251/examples/using react and other custom scripts and styles/my_react_component.js
2025-12-12 13:45:36,137 - Knowledge - INFO - Fast-tracked /app/data/T0002/186251/b16203w/SQLPage-186251/examples/user-authentication/signin.sql (ext=.sql, size=366)
2025-12-12 13:45:36,139 - Knowledge - INFO - Worker kw10 processing /app/data/T0002/186251/b16203w/SQLPage-186251/tests/sql_test_files/component_rendering/shell_search.sql
2025-12-12 13:45:36,140 - Knowledge - INFO - Fast-tracked /app/data/T0002/186251/b16203w/SQLPage-186251/tests/sql_test_files/data/fetch_null.sql (ext=.sql, size=56)
2025-12-12 13:45:36,141 - Knowledge - INFO - Worker kw11 processing /app/data/T0002/186251/b16203w/SQLPage-186251/tests/sql_test_files/component_rendering/dynamic_shell.sql
2025-12-12 13:45:36,145 - Knowledge - INFO - Worker kw16 processing /app/data/T0002/186251/b16203w/SQLPage-186251/examples/todo application/shell.sql
2025-12-12 13:45:36,146 - Knowledge - INFO - Worker kw19 processing /app/data/T0002/186251/b16203w/SQLPage-186251/examples/make a geographic data application using sqlite extensions/README.md
2025-12-12 13:45:36,151 - Knowledge - INFO - Worker kw17 processing /app/data/T0002/186251/b16203w/SQLPage-186251/examples/microsoft sql server advanced forms/README.md
2025-12-12 13:45:36,152 - Knowledge - INFO - Worker kw5 processing /app/data/T0002/186251/b16203w/SQLPage-186251/tests/sql_test_files/data/postgres_cast_syntax.sql
2025-12-12 13:45:36,153 - Knowledge - INFO - Fast-tracked /app/data/T0002/186251/b16203w/SQLPage-186251/examples/image gallery with user uploads/logout.sql (ext=.sql, size=191)
2025-12-12 13:45:36,158 - Knowledge - INFO - Fast-tracked /app/data/T0002/186251/b16203w/SQLPage-186251/examples/mysql json handling/index.sql (ext=.sql, size=1244)
2025-12-12 13:45:36,159 - Knowledge - INFO - Worker kw7 processing /app/data/T0002/186251/b16203w/SQLPage-186251/tests/sql_test_files/data/header.sql
2025-12-12 13:45:36,167 - Knowledge - INFO - Fast-tracked /app/data/T0002/186251/b16203w/SQLPage-186251/tests/requests/request_body_test.sql (ext=.sql, size=89)
2025-12-12 13:45:36,169 - Knowledge - INFO - Worker kw6 processing /app/data/T0002/186251/b16203w/SQLPage-186251/examples/single sign on/sqlpage/migrations/000_sessions.sql
2025-12-12 13:45:36,171 - Knowledge - INFO - Fast-tracked /app/data/T0002/186251/b16203w/SQLPage-186251/examples/roundest_pokemon_rating/src/index.sql (ext=.sql, size=204)
2025-12-12 13:45:36,177 - Knowledge - INFO - Worker kw9 processing /app/data/T0002/186251/b16203w/SQLPage-186251/tests/errors/basic_auth.rs
2025-12-12 13:45:36,179 - Knowledge - INFO - Worker kw14 processing /app/data/T0002/186251/b16203w/SQLPage-186251/examples/rich-text-editor/index.sql
2025-12-12 13:45:36,183 - Knowledge - INFO - Fast-tracked /app/data/T0002/186251/b16203w/SQLPage-186251/examples/using react and other custom scripts and styles/my_react_component.js (ext=.js, size=886)
2025-12-12 13:45:36,186 - Knowledge - INFO - Worker kw15 processing /app/data/T0002/186251/b16203w/SQLPage-186251/examples/user-authentication/index.sql
2025-12-12 13:45:36,188 - Knowledge - INFO - Worker kw8 processing /app/data/T0002/186251/b16203w/SQLPage-186251/tests/sql_test_files/data/hmac_sha512.sql
2025-12-12 13:45:36,225 - Knowledge - INFO - Fast-tracked /app/data/T0002/186251/b16203w/SQLPage-186251/tests/sql_test_files/component_rendering/dynamic_shell.sql (ext=.sql, size=287)
2025-12-12 13:45:36,228 - Knowledge - INFO - Fast-tracked /app/data/T0002/186251/b16203w/SQLPage-186251/tests/sql_test_files/component_rendering/shell_search.sql (ext=.sql, size=88)
2025-12-12 13:45:36,230 - Knowledge - INFO - Fast-tracked /app/data/T0002/186251/b16203w/SQLPage-186251/examples/todo application/shell.sql (ext=.sql, size=117)
2025-12-12 13:45:36,230 - Knowledge - INFO - Fast-tracked /app/data/T0002/186251/b16203w/SQLPage-186251/examples/make a geographic data application using sqlite extensions/README.md (ext=.md, size=823)
2025-12-12 13:45:36,231 - Knowledge - INFO - Fast-tracked /app/data/T0002/186251/b16203w/SQLPage-186251/examples/microsoft sql server advanced forms/README.md (ext=.md, size=2040)
2025-12-12 13:45:36,232 - Knowledge - INFO - Worker kw18 processing /app/data/T0002/186251/b16203w/SQLPage-186251/examples/image gallery with user uploads/index.sql
2025-12-12 13:45:36,235 - Knowledge - INFO - Worker kw20 processing /app/data/T0002/186251/b16203w/SQLPage-186251/examples/mysql json handling/sqlpage/migrations/0001_users_and_groups.sql
2025-12-12 13:45:36,236 - Knowledge - INFO - Fast-tracked /app/data/T0002/186251/b16203w/SQLPage-186251/tests/sql_test_files/data/postgres_cast_syntax.sql (ext=.sql, size=49)
2025-12-12 13:45:36,241 - Knowledge - INFO - Fast-tracked /app/data/T0002/186251/b16203w/SQLPage-186251/tests/sql_test_files/data/header.sql (ext=.sql, size=72)
2025-12-12 13:45:36,242 - Knowledge - INFO - Worker kw4 processing /app/data/T0002/186251/b16203w/SQLPage-186251/tests/requests/request_body_base64_test.sql
2025-12-12 13:45:36,244 - Knowledge - INFO - Fast-tracked /app/data/T0002/186251/b16203w/SQLPage-186251/examples/single sign on/sqlpage/migrations/000_sessions.sql (ext=.sql, size=227)
2025-12-12 13:45:36,244 - Knowledge - INFO - Worker kw12 processing /app/data/T0002/186251/b16203w/SQLPage-186251/examples/roundest_pokemon_rating/sqlpage/migrations/0000_pokemon_table.sql
2025-12-12 13:45:36,246 - Knowledge - INFO - Fast-tracked /app/data/T0002/186251/b16203w/SQLPage-186251/tests/errors/basic_auth.rs (ext=.rs, size=1518)
2025-12-12 13:45:36,247 - Knowledge - INFO - Fast-tracked /app/data/T0002/186251/b16203w/SQLPage-186251/examples/rich-text-editor/index.sql (ext=.sql, size=620)
2025-12-12 13:45:36,247 - Knowledge - INFO - Worker kw13 processing /app/data/T0002/186251/b16203w/SQLPage-186251/examples/using react and other custom scripts and styles/sqlpage/migrations/0001_clicks.sql
2025-12-12 13:45:36,248 - Knowledge - INFO - Fast-tracked /app/data/T0002/186251/b16203w/SQLPage-186251/examples/user-authentication/index.sql (ext=.sql, size=611)
2025-12-12 13:45:36,248 - Knowledge - INFO - Fast-tracked /app/data/T0002/186251/b16203w/SQLPage-186251/tests/sql_test_files/data/hmac_sha512.sql (ext=.sql, size=242)
2025-12-12 13:45:36,250 - Knowledge - INFO - Worker kw11 processing /app/data/T0002/186251/b16203w/SQLPage-186251/tests/sql_test_files/component_rendering/download_base64.sql
2025-12-12 13:45:36,254 - Knowledge - INFO - Worker kw10 processing /app/data/T0002/186251/b16203w/SQLPage-186251/tests/sql_test_files/component_rendering/download_raw.sql
2025-12-12 13:45:36,258 - Knowledge - INFO - Fast-tracked /app/data/T0002/186251/b16203w/SQLPage-186251/tests/sql_test_files/component_rendering/download_raw.sql (ext=.sql, size=180)
2025-12-12 13:45:36,260 - Knowledge - INFO - Worker kw19 processing /app/data/T0002/186251/b16203w/SQLPage-186251/examples/handle-404/api/404.sql
2025-12-12 13:45:36,263 - Knowledge - INFO - Worker kw17 processing /app/data/T0002/186251/b16203w/SQLPage-186251/examples/microsoft sql server advanced forms/docker-compose.yml
2025-12-12 13:45:36,264 - Knowledge - INFO - Fast-tracked /app/data/T0002/186251/b16203w/SQLPage-186251/examples/image gallery with user uploads/index.sql (ext=.sql, size=645)
2025-12-12 13:45:36,274 - Knowledge - INFO - Fast-tracked /app/data/T0002/186251/b16203w/SQLPage-186251/examples/mysql json handling/sqlpage/migrations/0001_users_and_groups.sql (ext=.sql, size=411)
2025-12-12 13:45:36,277 - Knowledge - INFO - Worker kw5 processing /app/data/T0002/186251/b16203w/SQLPage-186251/tests/sql_test_files/data/set_variable_func_replace.sql
2025-12-12 13:45:36,279 - Knowledge - INFO - Worker kw7 processing /app/data/T0002/186251/b16203w/SQLPage-186251/tests/sql_test_files/data/lower.sql
2025-12-12 13:45:36,280 - Knowledge - INFO - Worker kw6 processing /app/data/T0002/186251/b16203w/SQLPage-186251/examples/single sign on/README.md
2025-12-12 13:45:36,280 - Knowledge - INFO - Fast-tracked /app/data/T0002/186251/b16203w/SQLPage-186251/tests/requests/request_body_base64_test.sql (ext=.sql, size=96)
2025-12-12 13:45:36,284 - Knowledge - INFO - Worker kw9 processing /app/data/T0002/186251/b16203w/SQLPage-186251/tests/errors/basic_auth.sql
2025-12-12 13:45:36,285 - Knowledge - INFO - Fast-tracked /app/data/T0002/186251/b16203w/SQLPage-186251/examples/roundest_pokemon_rating/sqlpage/migrations/0000_pokemon_table.sql (ext=.sql, size=160)
2025-12-12 13:45:36,286 - Knowledge - INFO - Worker kw14 processing /app/data/T0002/186251/b16203w/SQLPage-186251/examples/rich-text-editor/sqlpage/migrations/01_blog_posts.sql
2025-12-12 13:45:36,287 - Knowledge - INFO - Worker kw15 processing /app/data/T0002/186251/b16203w/SQLPage-186251/examples/user-authentication/generate_password_hash.sql
2025-12-12 13:45:36,287 - Knowledge - INFO - Fast-tracked /app/data/T0002/186251/b16203w/SQLPage-186251/examples/using react and other custom scripts and styles/sqlpage/migrations/0001_clicks.sql (ext=.sql, size=74)
2025-12-12 13:45:36,288 - Knowledge - INFO - Worker kw8 processing /app/data/T0002/186251/b16203w/SQLPage-186251/tests/sql_test_files/data/set_variable_func.sql
2025-12-12 13:45:36,289 - Knowledge - INFO - Fast-tracked /app/data/T0002/186251/b16203w/SQLPage-186251/tests/sql_test_files/component_rendering/download_base64.sql (ext=.sql, size=175)
2025-12-12 13:45:36,323 - Knowledge - INFO - Worker kw16 processing /app/data/T0002/186251/b16203w/SQLPage-186251/examples/todo application/index.sql
2025-12-12 13:45:36,326 - Knowledge - INFO - Worker kw10 processing /app/data/T0002/186251/b16203w/SQLPage-186251/tests/sql_test_files/data/uploaded_file_is_null.sql
2025-12-12 13:45:36,327 - Knowledge - INFO - Fast-tracked /app/data/T0002/186251/b16203w/SQLPage-186251/examples/handle-404/api/404.sql (ext=.sql, size=201)
2025-12-12 13:45:36,328 - Knowledge - INFO - Worker kw18 processing /app/data/T0002/186251/b16203w/SQLPage-186251/examples/image gallery with user uploads/upload_form.sql
2025-12-12 13:45:36,329 - Knowledge - INFO - Fast-tracked /app/data/T0002/186251/b16203w/SQLPage-186251/examples/microsoft sql server advanced forms/docker-compose.yml (ext=.yml, size=923)
2025-12-12 13:45:36,330 - Knowledge - INFO - Worker kw20 processing /app/data/T0002/186251/b16203w/SQLPage-186251/examples/mysql json handling/sqlpage/migrations/0002_survey.sql
2025-12-12 13:45:36,333 - Knowledge - INFO - Fast-tracked /app/data/T0002/186251/b16203w/SQLPage-186251/tests/sql_test_files/data/set_variable_func_replace.sql (ext=.sql, size=91)
2025-12-12 13:45:36,333 - Knowledge - INFO - Fast-tracked /app/data/T0002/186251/b16203w/SQLPage-186251/tests/sql_test_files/data/lower.sql (ext=.sql, size=198)
2025-12-12 13:45:36,334 - Knowledge - INFO - Fast-tracked /app/data/T0002/186251/b16203w/SQLPage-186251/examples/single sign on/README.md (ext=.md, size=4953)
2025-12-12 13:45:36,337 - Knowledge - INFO - Fast-tracked /app/data/T0002/186251/b16203w/SQLPage-186251/tests/errors/basic_auth.sql (ext=.sql, size=327)
2025-12-12 13:45:36,337 - Knowledge - INFO - Worker kw12 processing /app/data/T0002/186251/b16203w/SQLPage-186251/examples/roundest_pokemon_rating/README.md
2025-12-12 13:45:36,339 - Knowledge - INFO - Fast-tracked /app/data/T0002/186251/b16203w/SQLPage-186251/examples/rich-text-editor/sqlpage/migrations/01_blog_posts.sql (ext=.sql, size=121)
2025-12-12 13:45:36,339 - Knowledge - INFO - Worker kw13 processing /app/data/T0002/186251/b16203w/SQLPage-186251/examples/using react and other custom scripts and styles/react.sql
2025-12-12 13:45:36,340 - Knowledge - INFO - Fast-tracked /app/data/T0002/186251/b16203w/SQLPage-186251/examples/user-authentication/generate_password_hash.sql (ext=.sql, size=198)
2025-12-12 13:45:36,342 - Knowledge - INFO - Worker kw11 processing /app/data/T0002/186251/b16203w/SQLPage-186251/tests/sql_test_files/component_rendering/error_unknown_field.sql
2025-12-12 13:45:36,343 - Knowledge - INFO - Fast-tracked /app/data/T0002/186251/b16203w/SQLPage-186251/tests/sql_test_files/data/set_variable_func.sql (ext=.sql, size=95)
2025-12-12 13:45:36,344 - Knowledge - INFO - Fast-tracked /app/data/T0002/186251/b16203w/SQLPage-186251/examples/todo application/index.sql (ext=.sql, size=471)
2025-12-12 13:45:36,345 - Knowledge - INFO - Worker kw19 processing /app/data/T0002/186251/b16203w/SQLPage-186251/examples/handle-404/api/index.sql
2025-12-12 13:45:36,345 - Knowledge - INFO - Fast-tracked /app/data/T0002/186251/b16203w/SQLPage-186251/tests/sql_test_files/data/uploaded_file_is_null.sql (ext=.sql, size=96)
2025-12-12 13:45:36,362 - Knowledge - INFO - Fast-tracked /app/data/T0002/186251/b16203w/SQLPage-186251/examples/image gallery with user uploads/upload_form.sql (ext=.sql, size=539)
2025-12-12 13:45:36,370 - Knowledge - INFO - Worker kw17 processing /app/data/T0002/186251/b16203w/SQLPage-186251/examples/tiny_twitter/index.sql
2025-12-12 13:45:36,371 - Knowledge - INFO - Worker kw5 processing /app/data/T0002/186251/b16203w/SQLPage-186251/tests/sql_test_files/data/set_case.sql
2025-12-12 13:45:36,371 - Knowledge - INFO - Fast-tracked /app/data/T0002/186251/b16203w/SQLPage-186251/examples/mysql json handling/sqlpage/migrations/0002_survey.sql (ext=.sql, size=444)
2025-12-12 13:45:36,378 - Knowledge - INFO - Worker kw7 processing /app/data/T0002/186251/b16203w/SQLPage-186251/tests/sql_test_files/data/hmac_sha256.sql
2025-12-12 13:45:36,379 - Knowledge - INFO - Worker kw6 processing /app/data/T0002/186251/b16203w/SQLPage-186251/examples/single sign on/assets/homepage.md
2025-12-12 13:45:36,385 - Knowledge - INFO - Worker kw9 processing /app/data/T0002/186251/b16203w/SQLPage-186251/tests/errors/mod.rs
2025-12-12 13:45:36,386 - Knowledge - INFO - Fast-tracked /app/data/T0002/186251/b16203w/SQLPage-186251/examples/roundest_pokemon_rating/README.md (ext=.md, size=653)
2025-12-12 13:45:36,387 - Knowledge - INFO - Worker kw14 processing /app/data/T0002/186251/b16203w/SQLPage-186251/examples/rich-text-editor/README.md
2025-12-12 13:45:36,389 - Knowledge - INFO - Fast-tracked /app/data/T0002/186251/b16203w/SQLPage-186251/examples/using react and other custom scripts and styles/react.sql (ext=.sql, size=653)
2025-12-12 13:45:36,425 - Knowledge - INFO - Worker kw15 processing /app/data/T0002/186251/b16203w/SQLPage-186251/examples/user-authentication/sqlpage/migrations/0001_create_admin_user.sql
2025-12-12 13:45:36,430 - Knowledge - INFO - Worker kw8 processing /app/data/T0002/186251/b16203w/SQLPage-186251/tests/sql_test_files/data/query_string.sql
2025-12-12 13:45:36,431 - Knowledge - INFO - Fast-tracked /app/data/T0002/186251/b16203w/SQLPage-186251/examples/user-authentication/sqlpage/migrations/0001_create_admin_user.sql (ext=.sql, size=296)
2025-12-12 13:45:36,432 - Knowledge - INFO - Worker kw16 processing /app/data/T0002/186251/b16203w/SQLPage-186251/examples/todo application/delete.sql
2025-12-12 13:45:36,435 - Knowledge - INFO - Fast-tracked /app/data/T0002/186251/b16203w/SQLPage-186251/examples/handle-404/api/index.sql (ext=.sql, size=173)
2025-12-12 13:45:36,439 - Knowledge - INFO - Worker kw10 processing /app/data/T0002/186251/b16203w/SQLPage-186251/tests/sql_test_files/data/protocol.sql
2025-12-12 13:45:36,442 - Knowledge - INFO - Worker kw18 processing /app/data/T0002/186251/b16203w/SQLPage-186251/examples/image gallery with user uploads/create_session.sql
2025-12-12 13:45:36,444 - Knowledge - INFO - Fast-tracked /app/data/T0002/186251/b16203w/SQLPage-186251/examples/tiny_twitter/index.sql (ext=.sql, size=540)
2025-12-12 13:45:36,445 - Knowledge - INFO - Fast-tracked /app/data/T0002/186251/b16203w/SQLPage-186251/tests/sql_test_files/data/set_case.sql (ext=.sql, size=115)
2025-12-12 13:45:36,446 - Knowledge - INFO - Worker kw20 processing /app/data/T0002/186251/b16203w/SQLPage-186251/examples/mysql json handling/README.md
2025-12-12 13:45:36,449 - Knowledge - INFO - Fast-tracked /app/data/T0002/186251/b16203w/SQLPage-186251/tests/sql_test_files/data/hmac_sha256.sql (ext=.sql, size=178)
2025-12-12 13:45:36,450 - Knowledge - INFO - Fast-tracked /app/data/T0002/186251/b16203w/SQLPage-186251/examples/single sign on/assets/homepage.md (ext=.md, size=1306)
2025-12-12 13:45:36,455 - Knowledge - INFO - Fast-tracked /app/data/T0002/186251/b16203w/SQLPage-186251/tests/errors/mod.rs (ext=.rs, size=3132)
2025-12-12 13:45:36,455 - Knowledge - INFO - Worker kw12 processing /app/data/T0002/186251/b16203w/SQLPage-186251/examples/master-detail-forms/insert_address.sql
2025-12-12 13:45:36,459 - Knowledge - INFO - Fast-tracked /app/data/T0002/186251/b16203w/SQLPage-186251/examples/rich-text-editor/README.md (ext=.md, size=255)
2025-12-12 13:45:36,460 - Knowledge - INFO - Worker kw13 processing /app/data/T0002/186251/b16203w/SQLPage-186251/examples/using react and other custom scripts and styles/README.md
2025-12-12 13:45:36,462 - Knowledge - INFO - Fast-tracked /app/data/T0002/186251/b16203w/SQLPage-186251/tests/sql_test_files/component_rendering/error_unknown_field.sql (ext=.sql, size=96)
2025-12-12 13:45:36,463 - Knowledge - INFO - Worker kw15 processing /app/data/T0002/186251/b16203w/SQLPage-186251/examples/user-authentication/sqlpage/migrations/0000_init.sql
2025-12-12 13:45:36,469 - Knowledge - INFO - Fast-tracked /app/data/T0002/186251/b16203w/SQLPage-186251/tests/sql_test_files/data/query_string.sql (ext=.sql, size=81)
2025-12-12 13:45:36,473 - Knowledge - INFO - Worker kw19 processing /app/data/T0002/186251/b16203w/SQLPage-186251/examples/handle-404/index.sql
2025-12-12 13:45:36,474 - Knowledge - INFO - Fast-tracked /app/data/T0002/186251/b16203w/SQLPage-186251/examples/todo application/delete.sql (ext=.sql, size=1844)
2025-12-12 13:45:36,474 - Knowledge - INFO - Fast-tracked /app/data/T0002/186251/b16203w/SQLPage-186251/tests/sql_test_files/data/protocol.sql (ext=.sql, size=60)
2025-12-12 13:45:36,475 - Knowledge - INFO - Fast-tracked /app/data/T0002/186251/b16203w/SQLPage-186251/examples/image gallery with user uploads/create_session.sql (ext=.sql, size=748)
2025-12-12 13:45:36,476 - Knowledge - INFO - Worker kw17 processing /app/data/T0002/186251/b16203w/SQLPage-186251/examples/tiny_twitter/sqlpage/migrations/0001_tweets.sql
2025-12-12 13:45:36,477 - Knowledge - INFO - Worker kw5 processing /app/data/T0002/186251/b16203w/SQLPage-186251/tests/sql_test_files/data/client_ip.sql
2025-12-12 13:45:36,477 - Knowledge - INFO - Worker kw7 processing /app/data/T0002/186251/b16203w/SQLPage-186251/tests/sql_test_files/data/set_variable.sql
2025-12-12 13:45:36,478 - Knowledge - INFO - Fast-tracked /app/data/T0002/186251/b16203w/SQLPage-186251/examples/mysql json handling/README.md (ext=.md, size=824)
2025-12-12 13:45:36,478 - Knowledge - INFO - Worker kw6 processing /app/data/T0002/186251/b16203w/SQLPage-186251/examples/single sign on/cas/logout.sql
2025-12-12 13:45:36,480 - Knowledge - INFO - Fast-tracked /app/data/T0002/186251/b16203w/SQLPage-186251/examples/master-detail-forms/insert_address.sql (ext=.sql, size=179)
2025-12-12 13:45:36,480 - Knowledge - INFO - Processing batch of 15 files
2025-12-12 13:45:36,480 - Knowledge - INFO - Fast-tracked /app/data/T0002/186251/b16203w/SQLPage-186251/examples/single sign on/cas/logout.sql (ext=.sql, size=462)
2025-12-12 13:45:36,482 - Knowledge - INFO - Fast-tracked /app/data/T0002/186251/b16203w/SQLPage-186251/examples/using react and other custom scripts and styles/README.md (ext=.md, size=894)
2025-12-12 13:45:36,482 - Knowledge - INFO - Worker kw11 processing /app/data/T0002/186251/b16203w/SQLPage-186251/tests/sql_test_files/component_rendering/text_unsafe_markdown.sql
2025-12-12 13:45:36,486 - Knowledge - INFO - Fast-tracked /app/data/T0002/186251/b16203w/SQLPage-186251/examples/user-authentication/sqlpage/migrations/0000_init.sql (ext=.sql, size=268)
2025-12-12 13:45:36,526 - Knowledge - INFO - Worker kw8 processing /app/data/T0002/186251/b16203w/SQLPage-186251/tests/sql_test_files/data/headers.sql
2025-12-12 13:45:36,527 - Knowledge - INFO - Worker kw19 processing /app/data/T0002/186251/b16203w/SQLPage-186251/examples/multiple-choice-question/results.sql
2025-12-12 13:45:36,528 - Knowledge - INFO - Worker kw16 processing /app/data/T0002/186251/b16203w/SQLPage-186251/examples/todo application/timeline.sql
2025-12-12 13:45:36,531 - Knowledge - INFO - Worker kw10 processing /app/data/T0002/186251/b16203w/SQLPage-186251/tests/sql_test_files/data/basic_auth_username.sql
2025-12-12 13:45:36,535 - Knowledge - INFO - Worker kw18 processing /app/data/T0002/186251/b16203w/SQLPage-186251/examples/image gallery with user uploads/sqlpage/sqlpage.json
2025-12-12 13:45:36,536 - Knowledge - INFO - Fast-tracked /app/data/T0002/186251/b16203w/SQLPage-186251/examples/tiny_twitter/sqlpage/migrations/0001_tweets.sql (ext=.sql, size=56)
2025-12-12 13:45:36,541 - Knowledge - INFO - Fast-tracked /app/data/T0002/186251/b16203w/SQLPage-186251/tests/sql_test_files/data/set_variable.sql (ext=.sql, size=119)
2025-12-12 13:45:36,541 - Knowledge - INFO - Fast-tracked /app/data/T0002/186251/b16203w/SQLPage-186251/tests/sql_test_files/data/client_ip.sql (ext=.sql, size=59)
2025-12-12 13:45:36,546 - Knowledge - INFO - Worker kw20 processing /app/data/T0002/186251/b16203w/SQLPage-186251/examples/mysql json handling/docker-compose.yml
2025-12-12 13:45:36,552 - Knowledge - INFO - Worker kw9 processing /app/data/T0002/186251/b16203w/SQLPage-186251/tests/mod.rs
2025-12-12 13:45:36,553 - Knowledge - INFO - Worker kw12 processing /app/data/T0002/186251/b16203w/SQLPage-186251/examples/master-detail-forms/edit_user.sql
2025-12-12 13:45:36,554 - Knowledge - INFO - process ingested knowledge for /app/data/T0002/186251/b16203w/SQLPage-186251/examples/splitwise/README.md
2025-12-12 13:45:36,554 - Knowledge - INFO - Worker kw6 processing /app/data/T0002/186251/b16203w/SQLPage-186251/examples/single sign on/cas/index.sql
2025-12-12 13:45:36,555 - Knowledge - INFO - Worker kw13 processing /app/data/T0002/186251/b16203w/SQLPage-186251/examples/using react and other custom scripts and styles/equations.sql
2025-12-12 13:45:36,557 - Knowledge - INFO - Fast-tracked /app/data/T0002/186251/b16203w/SQLPage-186251/tests/sql_test_files/component_rendering/text_unsafe_markdown.sql (ext=.sql, size=81)
2025-12-12 13:45:36,560 - Knowledge - INFO - Fast-tracked /app/data/T0002/186251/b16203w/SQLPage-186251/tests/sql_test_files/data/headers.sql (ext=.sql, size=85)
2025-12-12 13:45:36,561 - Knowledge - INFO - Fast-tracked /app/data/T0002/186251/b16203w/SQLPage-186251/examples/multiple-choice-question/results.sql (ext=.sql, size=281)
2025-12-12 13:45:36,562 - Knowledge - INFO - Fast-tracked /app/data/T0002/186251/b16203w/SQLPage-186251/examples/todo application/timeline.sql (ext=.sql, size=365)
2025-12-12 13:45:36,574 - Knowledge - INFO - Fast-tracked /app/data/T0002/186251/b16203w/SQLPage-186251/tests/sql_test_files/data/basic_auth_username.sql (ext=.sql, size=68)
2025-12-12 13:45:36,575 - Knowledge - INFO - Worker kw17 processing /app/data/T0002/186251/b16203w/SQLPage-186251/examples/tiny_twitter/README.md
2025-12-12 13:45:36,575 - Knowledge - INFO - Fast-tracked /app/data/T0002/186251/b16203w/SQLPage-186251/examples/image gallery with user uploads/sqlpage/sqlpage.json (ext=.json, size=40)
2025-12-12 13:45:36,624 - Knowledge - INFO - Worker kw7 processing /app/data/T0002/186251/b16203w/SQLPage-186251/tests/sql_test_files/select_temp_t.sql
2025-12-12 13:45:36,626 - Knowledge - INFO - Worker kw5 processing /app/data/T0002/186251/b16203w/SQLPage-186251/tests/sql_test_files/data/random_string.sql
2025-12-12 13:45:36,629 - Knowledge - INFO - Fast-tracked /app/data/T0002/186251/b16203w/SQLPage-186251/examples/mysql json handling/docker-compose.yml (ext=.yml, size=621)
2025-12-12 13:45:36,636 - Knowledge - INFO - Fast-tracked /app/data/T0002/186251/b16203w/SQLPage-186251/tests/mod.rs (ext=.rs, size=161)
2025-12-12 13:45:36,637 - Knowledge - INFO - Fast-tracked /app/data/T0002/186251/b16203w/SQLPage-186251/examples/master-detail-forms/edit_user.sql (ext=.sql, size=1068)
2025-12-12 13:45:36,640 - Knowledge - INFO - process ingested knowledge for /app/data/T0002/186251/b16203w/SQLPage-186251/examples/splitwise/group.sql
2025-12-12 13:45:36,647 - Knowledge - INFO - Fast-tracked /app/data/T0002/186251/b16203w/SQLPage-186251/examples/single sign on/cas/index.sql (ext=.sql, size=364)
2025-12-12 13:45:36,648 - Knowledge - INFO - Worker kw11 processing /app/data/T0002/186251/b16203w/SQLPage-186251/tests/sql_test_files/component_rendering/markdown_in_table.sql
2025-12-12 13:45:36,651 - Knowledge - INFO - Fast-tracked /app/data/T0002/186251/b16203w/SQLPage-186251/examples/using react and other custom scripts and styles/equations.sql (ext=.sql, size=1636)
2025-12-12 13:45:36,651 - Knowledge - INFO - Worker kw8 processing /app/data/T0002/186251/b16203w/SQLPage-186251/tests/sql_test_files/data/hmac_shopify_webhook.sql
2025-12-12 13:45:36,652 - Knowledge - INFO - Worker kw19 processing /app/data/T0002/186251/b16203w/SQLPage-186251/examples/multiple-choice-question/edit_option.sql
2025-12-12 13:45:36,654 - Knowledge - INFO - Processing batch of 15 files
2025-12-12 13:45:36,655 - Knowledge - INFO - Worker kw10 processing /app/data/T0002/186251/b16203w/SQLPage-186251/tests/sql_test_files/data/read_file_as_text.sql
2025-12-12 13:45:36,657 - Knowledge - INFO - Worker kw18 processing /app/data/T0002/186251/b16203w/SQLPage-186251/examples/image gallery with user uploads/sqlpage/migrations/0002_users.sql
2025-12-12 13:45:36,657 - Knowledge - INFO - Fast-tracked /app/data/T0002/186251/b16203w/SQLPage-186251/examples/tiny_twitter/README.md (ext=.md, size=370)
2025-12-12 13:45:36,658 - Knowledge - INFO - Fast-tracked /app/data/T0002/186251/b16203w/SQLPage-186251/tests/sql_test_files/select_temp_t.sql (ext=.sql, size=148)
2025-12-12 13:45:36,660 - Knowledge - INFO - Worker kw20 processing /app/data/T0002/186251/b16203w/SQLPage-186251/examples/forms-with-multiple-steps/hidden/step_3.sql
2025-12-12 13:45:36,662 - Knowledge - INFO - Fast-tracked /app/data/T0002/186251/b16203w/SQLPage-186251/tests/sql_test_files/data/random_string.sql (ext=.sql, size=59)
2025-12-12 13:45:36,663 - Knowledge - INFO - Worker kw9 processing /app/data/T0002/186251/b16203w/SQLPage-186251/tests/end-to-end/playwright.config.ts
2025-12-12 13:45:36,664 - Knowledge - INFO - Worker kw12 processing /app/data/T0002/186251/b16203w/SQLPage-186251/examples/master-detail-forms/index.sql
2025-12-12 13:45:36,722 - Knowledge - INFO - Fast-tracked /app/data/T0002/186251/b16203w/SQLPage-186251/examples/master-detail-forms/index.sql (ext=.sql, size=578)
2025-12-12 13:45:36,732 - Knowledge - INFO - Worker kw6 processing /app/data/T0002/186251/b16203w/SQLPage-186251/examples/single sign on/cas/redirect_handler.sql
2025-12-12 13:45:36,737 - Knowledge - INFO - Fast-tracked /app/data/T0002/186251/b16203w/SQLPage-186251/tests/sql_test_files/component_rendering/markdown_in_table.sql (ext=.sql, size=395)
2025-12-12 13:45:36,737 - Knowledge - INFO - Worker kw13 processing /app/data/T0002/186251/b16203w/SQLPage-186251/examples/splitwise/index.sql
2025-12-12 13:45:36,740 - Knowledge - INFO - Fast-tracked /app/data/T0002/186251/b16203w/SQLPage-186251/tests/sql_test_files/data/hmac_shopify_webhook.sql (ext=.sql, size=298)
2025-12-12 13:45:36,740 - Knowledge - INFO - Fast-tracked /app/data/T0002/186251/b16203w/SQLPage-186251/examples/multiple-choice-question/edit_option.sql (ext=.sql, size=173)
2025-12-12 13:45:36,741 - Knowledge - INFO - process ingested knowledge for /app/data/T0002/186251/b16203w/SQLPage-186251/examples/user-authentication/README.md
2025-12-12 13:45:36,743 - Knowledge - INFO - Fast-tracked /app/data/T0002/186251/b16203w/SQLPage-186251/tests/sql_test_files/data/read_file_as_text.sql (ext=.sql, size=96)
2025-12-12 13:45:36,744 - Knowledge - INFO - Processing batch of 15 files
2025-12-12 13:45:36,744 - Knowledge - INFO - Worker kw7 processing /app/data/T0002/186251/b16203w/SQLPage-186251/tests/sql_test_files/README.md
2025-12-12 13:45:36,745 - Knowledge - INFO - Fast-tracked /app/data/T0002/186251/b16203w/SQLPage-186251/examples/image gallery with user uploads/sqlpage/migrations/0002_users.sql (ext=.sql, size=538)
2025-12-12 13:45:36,746 - Knowledge - INFO - Worker kw5 processing /app/data/T0002/186251/b16203w/SQLPage-186251/tests/sql_test_files/data/fetch_post.sql
2025-12-12 13:45:36,749 - Knowledge - INFO - Fast-tracked /app/data/T0002/186251/b16203w/SQLPage-186251/examples/forms-with-multiple-steps/hidden/step_3.sql (ext=.sql, size=330)
2025-12-12 13:45:36,751 - Knowledge - INFO - process ingested knowledge for /app/data/T0002/186251/b16203w/SQLPage-186251/examples/nginx/sqlpage_config/sqlpage.json
2025-12-12 13:45:36,752 - Knowledge - INFO - Fast-tracked /app/data/T0002/186251/b16203w/SQLPage-186251/tests/end-to-end/playwright.config.ts (ext=.ts, size=2170)
2025-12-12 13:45:36,752 - Knowledge - INFO - Worker kw12 processing /app/data/T0002/186251/b16203w/SQLPage-186251/examples/master-detail-forms/insert_user.sql
2025-12-12 13:45:36,754 - Knowledge - INFO - Worker kw11 processing /app/data/T0002/186251/b16203w/SQLPage-186251/tests/sql_test_files/component_rendering/error_arbitrary_SQL_expressions_as_function_arguments_are_not_supported.sql
2025-12-12 13:45:36,754 - Knowledge - INFO - Worker kw6 processing /app/data/T0002/186251/b16203w/SQLPage-186251/examples/single sign on/cas/README.md
2025-12-12 13:45:36,756 - Knowledge - INFO - Fast-tracked /app/data/T0002/186251/b16203w/SQLPage-186251/tests/sql_test_files/component_rendering/error_arbitrary_SQL_expressions_as_function_arguments_are_not_supported.sql (ext=.sql, size=261)
2025-12-12 13:45:36,756 - Knowledge - INFO - Worker kw8 processing /app/data/T0002/186251/b16203w/SQLPage-186251/tests/sql_test_files/data/delayed_function_call.sql
2025-12-12 13:45:36,760 - Knowledge - INFO - process ingested knowledge for /app/data/T0002/186251/b16203w/SQLPage-186251/examples/user-authentication/docker-compose.yml
2025-12-12 13:45:36,761 - Knowledge - INFO - Worker kw10 processing /app/data/T0002/186251/b16203w/SQLPage-186251/tests/sql_test_files/data/sqrt.sql
2025-12-12 13:45:36,761 - Knowledge - INFO - process ingested knowledge for /app/data/T0002/186251/b16203w/SQLPage-186251/examples/todo application/sqlpage/sqlpage.json
2025-12-12 13:45:36,764 - Knowledge - INFO - Fast-tracked /app/data/T0002/186251/b16203w/SQLPage-186251/examples/handle-404/index.sql (small file (2066 bytes))
2025-12-12 13:45:36,764 - Knowledge - INFO - Processing batch of 15 files
2025-12-12 13:45:36,765 - Knowledge - INFO - Fast-tracked /app/data/T0002/186251/b16203w/SQLPage-186251/tests/sql_test_files/README.md (ext=.md, size=855)
2025-12-12 13:45:36,766 - Knowledge - INFO - Fast-tracked /app/data/T0002/186251/b16203w/SQLPage-186251/tests/sql_test_files/data/fetch_post.sql (ext=.sql, size=479)
2025-12-12 13:45:36,767 - Knowledge - INFO - Processing batch of 15 files
2025-12-12 13:45:36,768 - Knowledge - INFO - process ingested knowledge for /app/data/T0002/186251/b16203w/SQLPage-186251/examples/nginx/sqlpage_config/migrations/000_init.sql
2025-12-12 13:45:36,771 - Knowledge - INFO - Worker kw9 processing /app/data/T0002/186251/b16203w/SQLPage-186251/tests/end-to-end/package.json
2025-12-12 13:45:36,774 - Knowledge - INFO - Fast-tracked /app/data/T0002/186251/b16203w/SQLPage-186251/examples/master-detail-forms/insert_user.sql (ext=.sql, size=387)
2025-12-12 13:45:36,775 - Knowledge - INFO - Fast-tracked /app/data/T0002/186251/b16203w/SQLPage-186251/examples/splitwise/index.sql (ext=.sql, size=661)
2025-12-12 13:45:36,776 - Knowledge - INFO - Worker kw11 processing /app/data/T0002/186251/b16203w/SQLPage-186251/tests/sql_test_files/component_rendering/columns_component_json_nomssql_nopostgres.sql
2025-12-12 13:45:36,777 - Knowledge - INFO - process ingested knowledge for /app/data/T0002/186251/b16203w/SQLPage-186251/examples/user-authentication/login.sql
2025-12-12 13:45:36,778 - Knowledge - INFO - Fast-tracked /app/data/T0002/186251/b16203w/SQLPage-186251/examples/single sign on/cas/README.md (ext=.md, size=5349)
2025-12-12 13:45:36,778 - Knowledge - INFO - Fast-tracked /app/data/T0002/186251/b16203w/SQLPage-186251/tests/sql_test_files/data/delayed_function_call.sql (ext=.sql, size=257)
2025-12-12 13:45:36,779 - Knowledge - INFO - Fast-tracked /app/data/T0002/186251/b16203w/SQLPage-186251/tests/sql_test_files/data/sqrt.sql (ext=.sql, size=97)
2025-12-12 13:45:36,783 - Knowledge - INFO - process ingested knowledge for /app/data/T0002/186251/b16203w/SQLPage-186251/examples/todo application/sqlpage/migrations/0000_init.sql
2025-12-12 13:45:36,784 - Knowledge - INFO - Processing batch of 15 files
2025-12-12 13:45:36,784 - Knowledge - INFO - process ingested knowledge for /app/data/T0002/186251/b16203w/SQLPage-186251/examples/tiny_twitter/docker-compose.yml
2025-12-12 13:45:36,824 - Knowledge - INFO - process ingested knowledge for /app/data/T0002/186251/b16203w/SQLPage-186251/examples/light-dark-toggle/toggle.sql
2025-12-12 13:45:36,824 - Knowledge - INFO - Worker kw5 processing /app/data/T0002/186251/b16203w/SQLPage-186251/tests/sql_test_files/data/decimal.sql
2025-12-12 13:45:36,825 - Knowledge - INFO - process ingested knowledge for /app/data/T0002/186251/b16203w/SQLPage-186251/examples/multiple-choice-question/index.sql
2025-12-12 13:45:36,828 - Knowledge - INFO - process ingested knowledge for /app/data/T0002/186251/b16203w/SQLPage-186251/examples/nginx/README.md
2025-12-12 13:45:36,832 - Knowledge - INFO - Worker kw13 processing /app/data/T0002/186251/b16203w/SQLPage-186251/examples/splitwise/sqlpage/migrations/0001_views.sql
2025-12-12 13:45:36,832 - Knowledge - INFO - Fast-tracked /app/data/T0002/186251/b16203w/SQLPage-186251/examples/splitwise/sqlpage/migrations/0001_views.sql (ext=.sql, size=1184)
2025-12-12 13:45:36,834 - Knowledge - INFO - process ingested knowledge for /app/data/T0002/186251/b16203w/SQLPage-186251/examples/user-authentication/create_user_welcome_message.sql
2025-12-12 13:45:36,834 - Knowledge - INFO - Fast-tracked /app/data/T0002/186251/b16203w/SQLPage-186251/tests/end-to-end/package.json (ext=.json, size=339)
2025-12-12 13:45:36,836 - Knowledge - INFO - Processing batch of 20 files
2025-12-12 13:45:36,837 - Knowledge - INFO - Processing batch of 20 files
2025-12-12 13:45:36,838 - Knowledge - INFO - process ingested knowledge for /app/data/T0002/186251/b16203w/SQLPage-186251/examples/todo application/sqlpage/migrations/README.md
2025-12-12 13:45:36,839 - Knowledge - INFO - process ingested knowledge for /app/data/T0002/186251/b16203w/SQLPage-186251/examples/image gallery with user uploads/sqlpage/migrations/0001_images_table.sql
2025-12-12 13:45:36,840 - Knowledge - INFO - Worker kw7 processing /app/data/T0002/186251/b16203w/SQLPage-186251/tests/sql_test_files/mod.rs
2025-12-12 13:45:36,842 - Knowledge - INFO - process ingested knowledge for /app/data/T0002/186251/b16203w/SQLPage-186251/examples/light-dark-toggle/presentation.sql
2025-12-12 13:45:36,844 - Knowledge - INFO - process ingested knowledge for /app/data/T0002/186251/b16203w/SQLPage-186251/examples/multiple-choice-question/create_question.sql
2025-12-12 13:45:36,844 - Knowledge - INFO - Fast-tracked /app/data/T0002/186251/b16203w/SQLPage-186251/tests/sql_test_files/data/decimal.sql (ext=.sql, size=87)
2025-12-12 13:45:36,845 - Knowledge - INFO - process ingested knowledge for /app/data/T0002/186251/b16203w/SQLPage-186251/examples/nginx/website/post.sql
2025-12-12 13:45:36,850 - Knowledge - INFO - Worker kw13 processing /app/data/T0002/186251/b16203w/SQLPage-186251/examples/splitwise/sqlpage/migrations/0000_schema.sql
2025-12-12 13:45:36,855 - Knowledge - INFO - Fast-tracked /app/data/T0002/186251/b16203w/SQLPage-186251/tests/sql_test_files/component_rendering/columns_component_json_nomssql_nopostgres.sql (ext=.sql, size=244)
2025-12-12 13:45:36,866 - Knowledge - INFO - process ingested knowledge for /app/data/T0002/186251/b16203w/SQLPage-186251/examples/custom form component/basic.sql
2025-12-12 13:45:36,930 - Knowledge - INFO - Fast-tracked /app/data/T0002/186251/b16203w/SQLPage-186251/examples/single sign on/cas/redirect_handler.sql (small file (2432 bytes))
2025-12-12 13:45:36,932 - Knowledge - INFO - Worker kw9 processing /app/data/T0002/186251/b16203w/SQLPage-186251/tests/end-to-end/official-site.spec.ts
2025-12-12 13:45:36,936 - Knowledge - INFO - process ingested knowledge for /app/data/T0002/186251/b16203w/SQLPage-186251/tests/sql_test_files/data/cookie.sql
2025-12-12 13:45:36,936 - Knowledge - INFO - process ingested knowledge for /app/data/T0002/186251/b16203w/SQLPage-186251/tests/sql_test_files/component_rendering/run_sql_from_database.sql
2025-12-12 13:45:36,941 - Knowledge - INFO - process ingested knowledge for /app/data/T0002/186251/b16203w/SQLPage-186251/examples/todo application/sqlpage/templates/README.md
2025-12-12 13:45:36,942 - Knowledge - INFO - process ingested knowledge for /app/data/T0002/186251/b16203w/SQLPage-186251/examples/image gallery with user uploads/README.md
2025-12-12 13:45:36,945 - Knowledge - INFO - process ingested knowledge for /app/data/T0002/186251/b16203w/SQLPage-186251/examples/light-dark-toggle/shell.sql
2025-12-12 13:45:36,946 - Knowledge - INFO - Fast-tracked /app/data/T0002/186251/b16203w/SQLPage-186251/tests/sql_test_files/mod.rs (ext=.rs, size=8114)
2025-12-12 13:45:36,946 - Knowledge - INFO - process ingested knowledge for /app/data/T0002/186251/b16203w/SQLPage-186251/examples/multiple-choice-question/delete_option.sql
2025-12-12 13:45:36,948 - Knowledge - INFO - Processing batch of 20 files
2025-12-12 13:45:36,948 - Knowledge - INFO - process ingested knowledge for /app/data/T0002/186251/b16203w/SQLPage-186251/examples/nginx/website/index.sql
2025-12-12 13:45:36,949 - Knowledge - INFO - Fast-tracked /app/data/T0002/186251/b16203w/SQLPage-186251/examples/splitwise/sqlpage/migrations/0000_schema.sql (ext=.sql, size=420)
2025-12-12 13:45:36,951 - Knowledge - INFO - process ingested knowledge for /app/data/T0002/186251/b16203w/SQLPage-186251/examples/custom form component/shell.sql
2025-12-12 13:45:36,954 - Knowledge - INFO - Fast-tracked /app/data/T0002/186251/b16203w/SQLPage-186251/tests/end-to-end/official-site.spec.ts (ext=.ts, size=10649)
2025-12-12 13:45:36,955 - Knowledge - INFO - process ingested knowledge for /app/data/T0002/186251/b16203w/SQLPage-186251/tests/sql_test_files/data/coalesce_eval.sql
2025-12-12 13:45:36,958 - Knowledge - INFO - process ingested knowledge for /app/data/T0002/186251/b16203w/SQLPage-186251/tests/sql_test_files/component_rendering/dynamic_run_sql_include.sql
2025-12-12 13:45:36,960 - Knowledge - INFO - process ingested knowledge for /app/data/T0002/186251/b16203w/SQLPage-186251/examples/todo application/README.md
2025-12-12 13:45:36,961 - Knowledge - INFO - process ingested knowledge for /app/data/T0002/186251/b16203w/SQLPage-186251/examples/image gallery with user uploads/upload.sql
2025-12-12 13:45:36,962 - Knowledge - INFO - process ingested knowledge for /app/data/T0002/186251/b16203w/SQLPage-186251/examples/light-dark-toggle/index.sql
2025-12-12 13:45:36,963 - Knowledge - INFO - process ingested knowledge for /app/data/T0002/186251/b16203w/SQLPage-186251/examples/multiple-choice-question/process.sql
2025-12-12 13:45:36,964 - Knowledge - INFO - process ingested knowledge for /app/data/T0002/186251/b16203w/SQLPage-186251/tests/sql_test_files/data/set_variable_large_integer.sql
2025-12-12 13:45:36,965 - Knowledge - INFO - process ingested knowledge for /app/data/T0002/186251/b16203w/SQLPage-186251/examples/nginx/website/add_comment.sql
2025-12-12 13:45:36,967 - Knowledge - INFO - process ingested knowledge for /app/data/T0002/186251/b16203w/SQLPage-186251/examples/custom form component/index.sql
2025-12-12 13:45:36,968 - Knowledge - INFO - process ingested knowledge for /app/data/T0002/186251/b16203w/SQLPage-186251/tests/sql_test_files/data/set_variable_func_null.sql
2025-12-12 13:45:36,969 - Knowledge - INFO - process ingested knowledge for /app/data/T0002/186251/b16203w/SQLPage-186251/tests/sql_test_files/component_rendering/without_a_shell.sql
2025-12-12 13:45:36,971 - Knowledge - INFO - process ingested knowledge for /app/data/T0002/186251/b16203w/SQLPage-186251/examples/todo application/todo_form.sql
2025-12-12 13:45:36,972 - Knowledge - INFO - process ingested knowledge for /app/data/T0002/186251/b16203w/SQLPage-186251/examples/image gallery with user uploads/login.sql
2025-12-12 13:45:36,975 - Knowledge - INFO - process ingested knowledge for /app/data/T0002/186251/b16203w/SQLPage-186251/examples/light-dark-toggle/codeconduct.sql
2025-12-12 13:45:36,976 - Knowledge - INFO - process ingested knowledge for /app/data/T0002/186251/b16203w/SQLPage-186251/examples/multiple-choice-question/sqlpage/migrations/0001_create_users_table.sql
2025-12-12 13:45:36,977 - Knowledge - INFO - process ingested knowledge for /app/data/T0002/186251/b16203w/SQLPage-186251/tests/sql_test_files/data/immutable_variables.sql
2025-12-12 13:45:36,978 - Knowledge - INFO - process ingested knowledge for /app/data/T0002/186251/b16203w/SQLPage-186251/examples/nginx/docker-compose.yml
2025-12-12 13:45:36,978 - Knowledge - INFO - process ingested knowledge for /app/data/T0002/186251/b16203w/SQLPage-186251/examples/custom form component/sqlpage/migrations/0001_users_and_groups.sql
2025-12-12 13:45:36,979 - Knowledge - INFO - process ingested knowledge for /app/data/T0002/186251/b16203w/SQLPage-186251/tests/sql_test_files/data/hash_password.sql
2025-12-12 13:45:36,980 - Knowledge - INFO - process ingested knowledge for /app/data/T0002/186251/b16203w/SQLPage-186251/tests/sql_test_files/component_rendering/text_markdown.sql
2025-12-12 13:45:36,981 - Knowledge - INFO - process ingested knowledge for /app/data/T0002/186251/b16203w/SQLPage-186251/examples/microsoft sql server advanced forms/survey.sql
2025-12-12 13:45:36,982 - Knowledge - INFO - process ingested knowledge for /app/data/T0002/186251/b16203w/SQLPage-186251/examples/make a geographic data application using sqlite extensions/add_point.sql
2025-12-12 13:45:36,983 - Knowledge - INFO - process ingested knowledge for /app/data/T0002/186251/b16203w/SQLPage-186251/examples/light-dark-toggle/sqlpage/sqlpage.yaml
2025-12-12 13:45:37,026 - Knowledge - INFO - process ingested knowledge for /app/data/T0002/186251/b16203w/SQLPage-186251/examples/multiple-choice-question/README.md
2025-12-12 13:45:37,030 - Knowledge - INFO - process ingested knowledge for /app/data/T0002/186251/b16203w/SQLPage-186251/tests/sql_test_files/data/fetch_native_json_array_impl.sql
2025-12-12 13:45:37,031 - Knowledge - INFO - process ingested knowledge for /app/data/T0002/186251/b16203w/SQLPage-186251/examples/rich-text-editor/post.sql
2025-12-12 13:45:37,034 - Knowledge - INFO - process ingested knowledge for /app/data/T0002/186251/b16203w/SQLPage-186251/examples/custom form component/README.md
2025-12-12 13:45:37,034 - Knowledge - INFO - process ingested knowledge for /app/data/T0002/186251/b16203w/SQLPage-186251/tests/sql_test_files/data/fetch_base64.sql
2025-12-12 13:45:37,035 - Knowledge - INFO - process ingested knowledge for /app/data/T0002/186251/b16203w/SQLPage-186251/tests/sql_test_files/component_rendering/error_the_dynamic_component_requires_a_property_named.sql
2025-12-12 13:45:37,036 - Knowledge - INFO - process ingested knowledge for /app/data/T0002/186251/b16203w/SQLPage-186251/examples/microsoft sql server advanced forms/index.sql
2025-12-12 13:45:37,036 - Knowledge - INFO - process ingested knowledge for /app/data/T0002/186251/b16203w/SQLPage-186251/examples/make a geographic data application using sqlite extensions/point.sql
2025-12-12 13:45:37,037 - Knowledge - INFO - process ingested knowledge for /app/data/T0002/186251/b16203w/SQLPage-186251/examples/light-dark-toggle/README.md
2025-12-12 13:45:37,038 - Knowledge - INFO - process ingested knowledge for /app/data/T0002/186251/b16203w/SQLPage-186251/examples/multiple-choice-question/website_header.json
2025-12-12 13:45:37,039 - Knowledge - INFO - process ingested knowledge for /app/data/T0002/186251/b16203w/SQLPage-186251/tests/sql_test_files/data/link_null.sql
2025-12-12 13:45:37,040 - Knowledge - INFO - process ingested knowledge for /app/data/T0002/186251/b16203w/SQLPage-186251/examples/rich-text-editor/edit.sql
2025-12-12 13:45:37,040 - Knowledge - INFO - process ingested knowledge for /app/data/T0002/186251/b16203w/SQLPage-186251/examples/custom form component/docker-compose.yml
2025-12-12 13:45:37,041 - Knowledge - INFO - process ingested knowledge for /app/data/T0002/186251/b16203w/SQLPage-186251/tests/sql_test_files/data/fetch_hex.sql
2025-12-12 13:45:37,042 - Knowledge - INFO - process ingested knowledge for /app/data/T0002/186251/b16203w/SQLPage-186251/tests/sql_test_files/component_rendering/default_component.sql
2025-12-12 13:45:37,042 - Knowledge - INFO - process ingested knowledge for /app/data/T0002/186251/b16203w/SQLPage-186251/examples/microsoft sql server advanced forms/sqlpage/mssql-migrations/README.md
2025-12-12 13:45:37,043 - Knowledge - INFO - process ingested knowledge for /app/data/T0002/186251/b16203w/SQLPage-186251/examples/make a geographic data application using sqlite extensions/index.sql
2025-12-12 13:45:37,045 - Knowledge - INFO - process ingested knowledge for /app/data/T0002/186251/b16203w/SQLPage-186251/examples/make a geographic data application using sqlite extensions/sqlpage/sqlpage.json
2025-12-12 13:45:37,048 - Knowledge - INFO - process ingested knowledge for /app/data/T0002/186251/b16203w/SQLPage-186251/examples/multiple-choice-question/admin.sql
2025-12-12 13:45:37,050 - Knowledge - INFO - process ingested knowledge for /app/data/T0002/186251/b16203w/SQLPage-186251/tests/sql_test_files/data/hash_password_null.sql
2025-12-12 13:45:37,050 - Knowledge - INFO - process ingested knowledge for /app/data/T0002/186251/b16203w/SQLPage-186251/examples/rich-text-editor/create_blog_post.sql
2025-12-12 13:45:37,051 - Knowledge - INFO - process ingested knowledge for /app/data/T0002/186251/b16203w/SQLPage-186251/examples/custom form component/form_action.sql
2025-12-12 13:45:37,055 - Knowledge - INFO - Processing batch of 20 files
2025-12-12 13:45:37,056 - Knowledge - INFO - process ingested knowledge for /app/data/T0002/186251/b16203w/SQLPage-186251/tests/sql_test_files/data/link.sql
2025-12-12 13:45:37,060 - Knowledge - INFO - process ingested knowledge for /app/data/T0002/186251/b16203w/SQLPage-186251/tests/sql_test_files/component_rendering/dynamic_nested.sql
2025-12-12 13:45:37,062 - Knowledge - INFO - process ingested knowledge for /app/data/T0002/186251/b16203w/SQLPage-186251/examples/microsoft sql server advanced forms/sqlpage/mssql-migrations/0001_db_init.sql
2025-12-12 13:45:37,062 - Knowledge - INFO - Processing batch of 20 files
2025-12-12 13:45:37,064 - Knowledge - INFO - process ingested knowledge for /app/data/T0002/186251/b16203w/SQLPage-186251/examples/light-dark-toggle/biography.sql
2025-12-12 13:45:37,069 - Knowledge - INFO - process ingested knowledge for /app/data/T0002/186251/b16203w/SQLPage-186251/examples/make a geographic data application using sqlite extensions/sqlpage/migrations/0000_create_db.sql
2025-12-12 13:45:37,070 - Knowledge - INFO - process ingested knowledge for /app/data/T0002/186251/b16203w/SQLPage-186251/examples/mysql json handling/survey.sql
2025-12-12 13:45:37,074 - Knowledge - INFO - process ingested knowledge for /app/data/T0002/186251/b16203w/SQLPage-186251/tests/sql_test_files/data/url_encode.sql
2025-12-12 13:45:37,080 - Knowledge - INFO - process ingested knowledge for /app/data/T0002/186251/b16203w/SQLPage-186251/tests/sql_test_files/data/set_variable_to_null_overwrites_existing.sql
2025-12-12 13:45:37,080 - Knowledge - INFO - process ingested knowledge for /app/data/T0002/186251/b16203w/SQLPage-186251/tests/sql_test_files/data/sqlite_unicode_upper.sql
2025-12-12 13:45:37,136 - Knowledge - INFO - process ingested knowledge for /app/data/T0002/186251/b16203w/SQLPage-186251/examples/todo application/shell.sql
2025-12-12 13:45:37,142 - Knowledge - INFO - process ingested knowledge for /app/data/T0002/186251/b16203w/SQLPage-186251/tests/sql_test_files/data/variables_function.sql
2025-12-12 13:45:37,144 - Knowledge - INFO - process ingested knowledge for /app/data/T0002/186251/b16203w/SQLPage-186251/tests/sql_test_files/component_rendering/error_too_many_nested_inclusions.sql
2025-12-12 13:45:37,144 - Knowledge - INFO - Processing batch of 20 files
2025-12-12 13:45:37,155 - Knowledge - INFO - process ingested knowledge for /app/data/T0002/186251/b16203w/SQLPage-186251/examples/microsoft sql server advanced forms/README.md
2025-12-12 13:45:37,156 - Knowledge - INFO - process ingested knowledge for /app/data/T0002/186251/b16203w/SQLPage-186251/examples/master-detail-forms/sqlpage/migrations/0000_schema.sql
2025-12-12 13:45:37,165 - Knowledge - INFO - process ingested knowledge for /app/data/T0002/186251/b16203w/SQLPage-186251/examples/image gallery with user uploads/logout.sql
2025-12-12 13:45:37,166 - Knowledge - INFO - process ingested knowledge for /app/data/T0002/186251/b16203w/SQLPage-186251/examples/make a geographic data application using sqlite extensions/README.md
2025-12-12 13:45:37,178 - Knowledge - INFO - process ingested knowledge for /app/data/T0002/186251/b16203w/SQLPage-186251/examples/mysql json handling/index.sql
2025-12-12 13:45:37,180 - Knowledge - INFO - process ingested knowledge for /app/data/T0002/186251/b16203w/SQLPage-186251/examples/rich-text-editor/index.sql
2025-12-12 13:45:37,180 - Knowledge - INFO - process ingested knowledge for /app/data/T0002/186251/b16203w/SQLPage-186251/tests/sql_test_files/data/fetch_simple.sql
2025-12-12 13:45:37,181 - Knowledge - INFO - process ingested knowledge for /app/data/T0002/186251/b16203w/SQLPage-186251/tests/sql_test_files/data/env_var_empty.sql
2025-12-12 13:45:37,182 - Knowledge - INFO - process ingested knowledge for /app/data/T0002/186251/b16203w/SQLPage-186251/examples/todo application/index.sql
2025-12-12 13:45:37,183 - Knowledge - INFO - process ingested knowledge for /app/data/T0002/186251/b16203w/SQLPage-186251/tests/sql_test_files/data/case_variables.sql
2025-12-12 13:45:37,184 - Knowledge - INFO - process ingested knowledge for /app/data/T0002/186251/b16203w/SQLPage-186251/tests/sql_test_files/component_rendering/temp_table_accessible_in_run_sql_nomssql.sql
2025-12-12 13:45:37,184 - Knowledge - INFO - process ingested knowledge for /app/data/T0002/186251/b16203w/SQLPage-186251/tests/basic/mod.rs
2025-12-12 13:45:37,186 - Knowledge - INFO - process ingested knowledge for /app/data/T0002/186251/b16203w/SQLPage-186251/examples/microsoft sql server advanced forms/docker-compose.yml
2025-12-12 13:45:37,186 - Knowledge - INFO - process ingested knowledge for /app/data/T0002/186251/b16203w/SQLPage-186251/examples/master-detail-forms/README.md
2025-12-12 13:45:37,190 - Knowledge - INFO - process ingested knowledge for /app/data/T0002/186251/b16203w/SQLPage-186251/examples/image gallery with user uploads/index.sql
2025-12-12 13:45:37,190 - Knowledge - INFO - process ingested knowledge for /app/data/T0002/186251/b16203w/SQLPage-186251/examples/handle-404/api/404.sql
2025-12-12 13:45:37,192 - Knowledge - INFO - process ingested knowledge for /app/data/T0002/186251/b16203w/SQLPage-186251/examples/mysql json handling/sqlpage/migrations/0001_users_and_groups.sql
2025-12-12 13:45:37,222 - Knowledge - INFO - process ingested knowledge for /app/data/T0002/186251/b16203w/SQLPage-186251/examples/rich-text-editor/sqlpage/migrations/01_blog_posts.sql
2025-12-12 13:45:37,227 - Knowledge - INFO - process ingested knowledge for /app/data/T0002/186251/b16203w/SQLPage-186251/tests/sql_test_files/data/set_variable_numeric.sql
2025-12-12 13:45:37,230 - Knowledge - INFO - process ingested knowledge for /app/data/T0002/186251/b16203w/SQLPage-186251/tests/sql_test_files/data/fetch_with_meta_null.sql
2025-12-12 13:45:37,230 - Knowledge - INFO - process ingested knowledge for /app/data/T0002/186251/b16203w/SQLPage-186251/examples/todo application/delete.sql
2025-12-12 13:45:37,231 - Knowledge - INFO - process ingested knowledge for /app/data/T0002/186251/b16203w/SQLPage-186251/tests/sql_test_files/data/fetch_with_meta_simple.sql
2025-12-12 13:45:37,233 - Knowledge - INFO - process ingested knowledge for /app/data/T0002/186251/b16203w/SQLPage-186251/tests/sql_test_files/component_rendering/dynamic_toplevel.sql
2025-12-12 13:45:37,234 - Knowledge - INFO - process ingested knowledge for /app/data/T0002/186251/b16203w/SQLPage-186251/tests/components/display_text.sql
2025-12-12 13:45:37,235 - Knowledge - INFO - process ingested knowledge for /app/data/T0002/186251/b16203w/SQLPage-186251/examples/tiny_twitter/index.sql
2025-12-12 13:45:37,236 - Knowledge - INFO - process ingested knowledge for /app/data/T0002/186251/b16203w/SQLPage-186251/examples/PostGIS - using sqlpage with geographic data/add_point.sql
2025-12-12 13:45:37,238 - Knowledge - INFO - process ingested knowledge for /app/data/T0002/186251/b16203w/SQLPage-186251/examples/image gallery with user uploads/upload_form.sql
2025-12-12 13:45:37,241 - Knowledge - INFO - process ingested knowledge for /app/data/T0002/186251/b16203w/SQLPage-186251/examples/handle-404/api/index.sql
2025-12-12 13:45:37,241 - Knowledge - INFO - process ingested knowledge for /app/data/T0002/186251/b16203w/SQLPage-186251/examples/mysql json handling/sqlpage/migrations/0002_survey.sql
2025-12-12 13:45:37,243 - Knowledge - INFO - process ingested knowledge for /app/data/T0002/186251/b16203w/SQLPage-186251/examples/rich-text-editor/README.md
2025-12-12 13:45:37,244 - Knowledge - INFO - process ingested knowledge for /app/data/T0002/186251/b16203w/SQLPage-186251/tests/sql_test_files/data/create_table.sql
2025-12-12 13:45:37,244 - Knowledge - INFO - process ingested knowledge for /app/data/T0002/186251/b16203w/SQLPage-186251/tests/sql_test_files/data/basic_auth_password.sql
2025-12-12 13:45:37,246 - Knowledge - INFO - process ingested knowledge for /app/data/T0002/186251/b16203w/SQLPage-186251/examples/todo application/timeline.sql
2025-12-12 13:45:37,246 - Knowledge - INFO - process ingested knowledge for /app/data/T0002/186251/b16203w/SQLPage-186251/tests/sql_test_files/data/variables_function_get_and_post.sql
2025-12-12 13:45:37,247 - Knowledge - INFO - process ingested knowledge for /app/data/T0002/186251/b16203w/SQLPage-186251/tests/sql_test_files/component_rendering/error_cookie_component_cannot_be_used_after_data_has_already_been_sent.sql
2025-12-12 13:45:37,248 - Knowledge - INFO - process ingested knowledge for /app/data/T0002/186251/b16203w/SQLPage-186251/tests/components/any_component.sql
2025-12-12 13:45:37,248 - Knowledge - INFO - process ingested knowledge for /app/data/T0002/186251/b16203w/SQLPage-186251/examples/tiny_twitter/sqlpage/migrations/0001_tweets.sql
2025-12-12 13:45:37,249 - Knowledge - INFO - process ingested knowledge for /app/data/T0002/186251/b16203w/SQLPage-186251/examples/PostGIS - using sqlpage with geographic data/point.sql
2025-12-12 13:45:37,249 - Knowledge - INFO - process ingested knowledge for /app/data/T0002/186251/b16203w/SQLPage-186251/examples/image gallery with user uploads/create_session.sql
2025-12-12 13:45:37,250 - Knowledge - INFO - process ingested knowledge for /app/data/T0002/186251/b16203w/SQLPage-186251/examples/handle-404/index.sql
2025-12-12 13:45:37,251 - Knowledge - INFO - process ingested knowledge for /app/data/T0002/186251/b16203w/SQLPage-186251/examples/mysql json handling/README.md
2025-12-12 13:45:37,540 - Knowledge - INFO - process ingested knowledge for /app/data/T0002/186251/b16203w/SQLPage-186251/tests/sql_test_files/data/concat_str_in_pseudofunction.sql
2025-12-12 13:45:37,547 - Knowledge - INFO - process ingested knowledge for /app/data/T0002/186251/b16203w/SQLPage-186251/tests/sql_test_files/data/exec.sql
2025-12-12 13:45:37,548 - Knowledge - INFO - process ingested knowledge for /app/data/T0002/186251/b16203w/SQLPage-186251/tests/sql_test_files/data/set_variable_to_sqlpage_function.sql
2025-12-12 13:45:37,549 - Knowledge - INFO - process ingested knowledge for /app/data/T0002/186251/b16203w/SQLPage-186251/examples/tiny_twitter/README.md
2025-12-12 13:45:37,555 - Knowledge - INFO - process ingested knowledge for /app/data/T0002/186251/b16203w/SQLPage-186251/examples/PostGIS - using sqlpage with geographic data/index.sql
2025-12-12 13:45:37,555 - Knowledge - INFO - process ingested knowledge for /app/data/T0002/186251/b16203w/SQLPage-186251/examples/mysql json handling/docker-compose.yml
2025-12-12 13:45:37,563 - Knowledge - INFO - process ingested knowledge for /app/data/T0002/186251/b16203w/SQLPage-186251/tests/sql_test_files/data/nested_sqlpage_functions.sql
2025-12-12 13:45:37,629 - Knowledge - INFO - process ingested knowledge for /app/data/T0002/186251/b16203w/SQLPage-186251/tests/sql_test_files/component_rendering/error_failed_to_import_the_csv.sql
2025-12-12 13:45:37,635 - Knowledge - INFO - process ingested knowledge for /app/data/T0002/186251/b16203w/SQLPage-186251/tests/sql_test_files/data/hmac_default.sql
2025-12-12 13:45:37,637 - Knowledge - INFO - process ingested knowledge for /app/data/T0002/186251/b16203w/SQLPage-186251/tests/sql_test_files/data/fetch_with_meta_error.sql
2025-12-12 13:45:37,652 - Knowledge - INFO - process ingested knowledge for /app/data/T0002/186251/b16203w/SQLPage-186251/examples/PostGIS - using sqlpage with geographic data/sqlpage/sqlpage.json
2025-12-12 13:45:37,664 - Knowledge - INFO - process ingested knowledge for /app/data/T0002/186251/b16203w/SQLPage-186251/tests/components/display_form_field.sql
2025-12-12 13:45:37,665 - Knowledge - INFO - process ingested knowledge for /app/data/T0002/186251/b16203w/SQLPage-186251/examples/forms-with-multiple-steps/hidden/step_3.sql
2025-12-12 13:45:37,673 - Knowledge - INFO - process ingested knowledge for /app/data/T0002/186251/b16203w/SQLPage-186251/tests/sql_test_files/data/postgres_cast_syntax.sql
2025-12-12 13:45:37,730 - Knowledge - INFO - process ingested knowledge for /app/data/T0002/186251/b16203w/SQLPage-186251/examples/multiple-choice-question/results.sql
2025-12-12 13:45:37,959 - Knowledge - INFO - process ingested knowledge for /app/data/T0002/186251/b16203w/SQLPage-186251/examples/image gallery with user uploads/sqlpage/sqlpage.json
2025-12-12 13:45:38,191 - Knowledge - INFO - process ingested knowledge for /app/data/T0002/186251/b16203w/SQLPage-186251/tests/sql_test_files/component_rendering/error_invalid_json_in_dynamic_component.sql
2025-12-12 13:45:38,193 - Knowledge - INFO - process ingested knowledge for /app/data/T0002/186251/b16203w/SQLPage-186251/examples/PostGIS - using sqlpage with geographic data/sqlpage/migrations/0000_create_db.sql
2025-12-12 13:45:38,193 - Knowledge - INFO - process ingested knowledge for /app/data/T0002/186251/b16203w/SQLPage-186251/tests/server_timing/mod.rs
2025-12-12 13:45:38,194 - Knowledge - INFO - process ingested knowledge for /app/data/T0002/186251/b16203w/SQLPage-186251/tests/sql_test_files/data/set_variable_func_replace.sql
2025-12-12 13:45:38,194 - Knowledge - INFO - process ingested knowledge for /app/data/T0002/186251/b16203w/SQLPage-186251/examples/image gallery with user uploads/sqlpage/migrations/0002_users.sql
2025-12-12 13:45:38,195 - Knowledge - INFO - process ingested knowledge for /app/data/T0002/186251/b16203w/SQLPage-186251/tests/sql_test_files/data/fetch_null.sql
2025-12-12 13:45:38,195 - Knowledge - INFO - process ingested knowledge for /app/data/T0002/186251/b16203w/SQLPage-186251/tests/sql_test_files/data/set_variable_to_null.sql
2025-12-12 13:45:38,196 - Knowledge - INFO - process ingested knowledge for /app/data/T0002/186251/b16203w/SQLPage-186251/examples/multiple-choice-question/edit_option.sql
2025-12-12 13:45:38,196 - Knowledge - INFO - process ingested knowledge for /app/data/T0002/186251/b16203w/SQLPage-186251/tests/server_timing/redirect_test.sql
2025-12-12 13:45:38,304 - Knowledge - INFO - process ingested knowledge for /app/data/T0002/186251/b16203w/SQLPage-186251/tests/sql_test_files/data/set_case.sql
2025-12-12 13:45:38,461 - Knowledge - INFO - process ingested knowledge for /app/data/T0002/186251/b16203w/SQLPage-186251/tests/sql_test_files/data/hmac_sha512.sql
2025-12-12 13:45:38,463 - Knowledge - INFO - process ingested knowledge for /app/data/T0002/186251/b16203w/SQLPage-186251/tests/sql_test_files/data/path.sql
2025-12-12 13:45:38,463 - Knowledge - INFO - process ingested knowledge for /app/data/T0002/186251/b16203w/SQLPage-186251/tests/sql_test_files/component_rendering/log.sql
2025-12-12 13:45:38,569 - Knowledge - INFO - process ingested knowledge for /app/data/T0002/186251/b16203w/SQLPage-186251/tests/sql_test_files/data/client_ip.sql
2025-12-12 13:45:38,830 - Knowledge - INFO - process ingested knowledge for /app/data/T0002/186251/b16203w/SQLPage-186251/tests/sql_test_files/data/set_variable_func.sql
2025-12-12 13:45:38,831 - Knowledge - INFO - process ingested knowledge for /app/data/T0002/186251/b16203w/SQLPage-186251/examples/PostGIS - using sqlpage with geographic data/edition_form.sql
2025-12-12 13:45:38,832 - Knowledge - INFO - process ingested knowledge for /app/data/T0002/186251/b16203w/SQLPage-186251/tests/sql_test_files/component_rendering/run_sql_variable_access.sql
2025-12-12 13:45:38,832 - Knowledge - INFO - process ingested knowledge for /app/data/T0002/186251/b16203w/SQLPage-186251/tests/sql_test_files/component_rendering/shell_search.sql
2025-12-12 13:45:39,112 - Knowledge - INFO - process ingested knowledge for /app/data/T0002/186251/b16203w/SQLPage-186251/tests/sql_test_files/data/hmac_base64.sql
2025-12-12 13:45:39,195 - Knowledge - INFO - process ingested knowledge for /app/data/T0002/186251/b16203w/SQLPage-186251/tests/sql_test_files/data/random_string.sql
2025-12-12 13:45:39,196 - Knowledge - INFO - process ingested knowledge for /app/data/T0002/186251/b16203w/SQLPage-186251/examples/PostGIS - using sqlpage with geographic data/README.md
2025-12-12 13:45:39,197 - Knowledge - INFO - process ingested knowledge for /app/data/T0002/186251/b16203w/SQLPage-186251/tests/sql_test_files/component_rendering/dynamic_repeated_properties.sql
2025-12-12 13:45:39,393 - Knowledge - INFO - process ingested knowledge for /app/data/T0002/186251/b16203w/SQLPage-186251/tests/sql_test_files/data/query_string.sql
2025-12-12 13:45:39,393 - Knowledge - INFO - process ingested knowledge for /app/data/T0002/186251/b16203w/SQLPage-186251/tests/sql_test_files/data/set_variable_to_sqlpage_post_function.sql
2025-12-12 13:45:39,517 - Knowledge - INFO - process ingested knowledge for /app/data/T0002/186251/b16203w/SQLPage-186251/tests/sql_test_files/component_rendering/download_raw.sql
2025-12-12 13:45:39,931 - Knowledge - INFO - process ingested knowledge for /app/data/T0002/186251/b16203w/SQLPage-186251/tests/sql_test_files/component_rendering/simple.sql
2025-12-12 13:45:41,878 - Knowledge - INFO - process ingested knowledge for /app/data/T0002/186251/b16203w/SQLPage-186251/tests/sql_test_files/data/fetch_post.sql
2025-12-12 13:45:41,879 - Knowledge - INFO - process ingested knowledge for /app/data/T0002/186251/b16203w/SQLPage-186251/tests/sql_test_files/data/read_file_as_data_url.sql
2025-12-12 13:45:41,922 - Knowledge - INFO - process ingested knowledge for /app/data/T0002/186251/b16203w/SQLPage-186251/examples/using react and other custom scripts and styles/api.sql
2025-12-12 13:45:41,929 - Knowledge - INFO - process ingested knowledge for /app/data/T0002/186251/b16203w/SQLPage-186251/tests/sql_test_files/data/uploaded_file_is_null.sql
2025-12-12 13:45:42,156 - Knowledge - INFO - Processing batch of 20 files
2025-12-12 13:45:42,172 - Knowledge - INFO - process ingested knowledge for /app/data/T0002/186251/b16203w/SQLPage-186251/tests/common/mod.rs
2025-12-12 13:45:42,473 - Knowledge - INFO - [LLM_CALL] Completed: 01_sample_data.sql:chunk1, Duration: 5635ms, PromptTokens: 7534, CompletionTokens: 154, Cost: $0.00081
2025-12-12 13:45:42,474 - Knowledge - INFO - done ingest for /app/data/T0002/186251/b16203w/SQLPage-186251/examples/modeling a many to many relationship with a form/sqlpage/migrations/01_sample_data.sql
2025-12-12 13:45:43,442 - Knowledge - INFO - process ingested knowledge for /app/data/T0002/186251/b16203w/SQLPage-186251/tests/sql_test_files/data/headers.sql
2025-12-12 13:45:43,944 - Knowledge - INFO - process ingested knowledge for /app/data/T0002/186251/b16203w/SQLPage-186251/tests/sql_test_files/component_rendering/deeply_nested_dynamic_components.sql
2025-12-12 13:45:43,955 - Knowledge - INFO - process ingested knowledge for /app/data/T0002/186251/b16203w/SQLPage-186251/tests/sql_test_files/data/decimal.sql
2025-12-12 13:45:44,024 - Knowledge - INFO - process ingested knowledge for /app/data/T0002/186251/b16203w/SQLPage-186251/examples/using react and other custom scripts and styles/style.css
2025-12-12 13:45:44,028 - Knowledge - INFO - process ingested knowledge for /app/data/T0002/186251/b16203w/SQLPage-186251/tests/core/select_temp_t.sql
2025-12-12 13:45:45,533 - Knowledge - INFO - process ingested knowledge for /app/data/T0002/186251/b16203w/SQLPage-186251/tests/sql_test_files/data/hmac_shopify_webhook.sql
2025-12-12 13:45:46,066 - Knowledge - INFO - process ingested knowledge for /app/data/T0002/186251/b16203w/SQLPage-186251/tests/sql_test_files/data/protocol.sql
2025-12-12 13:45:46,581 - Knowledge - INFO - process ingested knowledge for /app/data/T0002/186251/b16203w/SQLPage-186251/examples/using react and other custom scripts and styles/index.sql
2025-12-12 13:45:46,593 - Knowledge - INFO - process ingested knowledge for /app/data/T0002/186251/b16203w/SQLPage-186251/tests/core/spaces in file name.sql
2025-12-12 13:45:47,050 - Knowledge - INFO - process ingested knowledge for /app/data/T0002/186251/b16203w/SQLPage-186251/tests/sql_test_files/data/delayed_function_call.sql
2025-12-12 13:45:47,447 - Knowledge - INFO - process ingested knowledge for /app/data/T0002/186251/b16203w/SQLPage-186251/tests/sql_test_files/data/basic_auth_username.sql
2025-12-12 13:45:49,001 - Knowledge - INFO - process ingested knowledge for /app/data/T0002/186251/b16203w/SQLPage-186251/tests/sql_test_files/data/set_variable_to_other_variable.sql
2025-12-12 13:45:49,027 - Knowledge - INFO - process ingested knowledge for /app/data/T0002/186251/b16203w/SQLPage-186251/tests/core/mod.rs
2025-12-12 13:45:49,055 - Knowledge - INFO - process ingested knowledge for /app/data/T0002/186251/b16203w/SQLPage-186251/tests/sql_test_files/component_rendering/run_sql.sql
2025-12-12 13:45:51,946 - Knowledge - INFO - process ingested knowledge for /app/data/T0002/186251/b16203w/SQLPage-186251/examples/using react and other custom scripts and styles/my_react_component.js
2025-12-12 13:45:51,963 - Knowledge - INFO - process ingested knowledge for /app/data/T0002/186251/b16203w/SQLPage-186251/tests/sql_test_files/data/request_method.sql
2025-12-12 13:45:51,983 - Knowledge - INFO - process ingested knowledge for /app/data/T0002/186251/b16203w/SQLPage-186251/tests/transactions/failed_transaction.sql
2025-12-12 13:45:52,634 - Knowledge - INFO - process ingested knowledge for /app/data/T0002/186251/b16203w/SQLPage-186251/tests/sql_test_files/component_rendering/error_single_shell_per_page.sql
2025-12-12 13:45:56,277 - Knowledge - INFO - process ingested knowledge for /app/data/T0002/186251/b16203w/SQLPage-186251/examples/using react and other custom scripts and styles/sqlpage/migrations/0001_clicks.sql
2025-12-12 13:45:56,950 - Knowledge - INFO - process ingested knowledge for /app/data/T0002/186251/b16203w/SQLPage-186251/tests/sql_test_files/data/varchar_nomysql.sql
2025-12-12 13:45:56,966 - Knowledge - INFO - process ingested knowledge for /app/data/T0002/186251/b16203w/SQLPage-186251/tests/transactions/failed_transaction_mysql.sql
2025-12-12 13:45:57,840 - Knowledge - INFO - [LLM_CALL] Completed: build.rs:chunk1, Duration: 20995ms, PromptTokens: 4816, CompletionTokens: 982, Cost: $0.00087
2025-12-12 13:45:57,928 - Knowledge - INFO - done ingest for /app/data/T0002/186251/b16203w/SQLPage-186251/build.rs
2025-12-12 13:45:59,089 - Knowledge - INFO - [LLM_CALL] Completed: tomselect.js:chunk1, Duration: 22644ms, PromptTokens: 2324, CompletionTokens: 394, Cost: $0.00039
2025-12-12 13:45:59,154 - Knowledge - INFO - done ingest for /app/data/T0002/186251/b16203w/SQLPage-186251/sqlpage/tomselect.js
2025-12-12 13:46:00,179 - Knowledge - INFO - [LLM_CALL] Completed: apexcharts.js:chunk1, Duration: 23757ms, PromptTokens: 6074, CompletionTokens: 362, Cost: $0.00075
2025-12-12 13:46:00,239 - Knowledge - INFO - done ingest for /app/data/T0002/186251/b16203w/SQLPage-186251/sqlpage/apexcharts.js
2025-12-12 13:46:00,680 - Knowledge - INFO - process ingested knowledge for /app/data/T0002/186251/b16203w/SQLPage-186251/tests/sql_test_files/data/read_file_as_text.sql
2025-12-12 13:46:00,768 - Knowledge - INFO - process ingested knowledge for /app/data/T0002/186251/b16203w/SQLPage-186251/examples/using react and other custom scripts and styles/react.sql
2025-12-12 13:46:01,287 - Knowledge - INFO - [LLM_CALL] Completed: rich_text_editor.js:chunk1, Duration: 24714ms, PromptTokens: 13050, CompletionTokens: 1088, Cost: $0.00174
2025-12-12 13:46:01,288 - Knowledge - INFO - done ingest for /app/data/T0002/186251/b16203w/SQLPage-186251/examples/rich-text-editor/rich_text_editor.js
2025-12-12 13:46:01,528 - Knowledge - INFO - process ingested knowledge for /app/data/T0002/186251/b16203w/SQLPage-186251/tests/sql_test_files/data/header.sql
2025-12-12 13:46:04,976 - Knowledge - INFO - process ingested knowledge for /app/data/T0002/186251/b16203w/SQLPage-186251/tests/sql_test_files/data/sqrt.sql
2025-12-12 13:46:05,578 - Knowledge - INFO - process ingested knowledge for /app/data/T0002/186251/b16203w/SQLPage-186251/examples/using react and other custom scripts and styles/README.md
2025-12-12 13:46:10,027 - Knowledge - INFO - process ingested knowledge for /app/data/T0002/186251/b16203w/SQLPage-186251/tests/sql_test_files/component_rendering/dynamic_shell.sql
2025-12-12 13:46:10,854 - Knowledge - INFO - process ingested knowledge for /app/data/T0002/186251/b16203w/SQLPage-186251/tests/transactions/mod.rs
2025-12-12 13:46:10,973 - Knowledge - INFO - process ingested knowledge for /app/data/T0002/186251/b16203w/SQLPage-186251/tests/sql_test_files/data/lower.sql
2025-12-12 13:46:12,765 - Knowledge - INFO - [LLM_CALL] Completed: sqlpage.js:chunk1, Duration: 36415ms, PromptTokens: 7028, CompletionTokens: 954, Cost: $0.00108
2025-12-12 13:46:12,766 - Knowledge - INFO - done ingest for /app/data/T0002/186251/b16203w/SQLPage-186251/sqlpage/sqlpage.js
2025-12-12 13:46:13,169 - Knowledge - INFO - process ingested knowledge for /app/data/T0002/186251/b16203w/SQLPage-186251/tests/sql_test_files/component_rendering/download_base64.sql
2025-12-12 13:46:13,176 - Knowledge - INFO - process ingested knowledge for /app/data/T0002/186251/b16203w/SQLPage-186251/examples/using react and other custom scripts and styles/equations.sql
2025-12-12 13:46:13,231 - Knowledge - INFO - process ingested knowledge for /app/data/T0002/186251/b16203w/SQLPage-186251/tests/transactions/failed_transaction_mssql.sql
2025-12-12 13:46:15,183 - Knowledge - INFO - process ingested knowledge for /app/data/T0002/186251/b16203w/SQLPage-186251/tests/sql_test_files/component_rendering/error_unknown_field.sql
2025-12-12 13:46:15,190 - Knowledge - INFO - process ingested knowledge for /app/data/T0002/186251/b16203w/SQLPage-186251/tests/sql_test_files/data/hmac_sha256.sql
2025-12-12 13:46:18,235 - Knowledge - INFO - process ingested knowledge for /app/data/T0002/186251/b16203w/SQLPage-186251/examples/splitwise/index.sql
2025-12-12 13:46:18,633 - Knowledge - INFO - process ingested knowledge for /app/data/T0002/186251/b16203w/SQLPage-186251/tests/data_formats/json_columns.sql
2025-12-12 13:46:19,139 - Knowledge - INFO - process ingested knowledge for /app/data/T0002/186251/b16203w/SQLPage-186251/tests/sql_test_files/data/set_variable.sql
2025-12-12 13:46:19,358 - Knowledge - INFO - [LLM_CALL] Completed: blob_to_data_url.rs:chunk1, Duration: 43204ms, PromptTokens: 3978, CompletionTokens: 376, Cost: $0.00055
2025-12-12 13:46:19,360 - Knowledge - INFO - done ingest for /app/data/T0002/186251/b16203w/SQLPage-186251/src/webserver/database/blob_to_data_url.rs
2025-12-12 13:46:21,195 - Knowledge - INFO - process ingested knowledge for /app/data/T0002/186251/b16203w/SQLPage-186251/tests/sql_test_files/component_rendering/text_unsafe_markdown.sql
2025-12-12 13:46:21,241 - Knowledge - INFO - process ingested knowledge for /app/data/T0002/186251/b16203w/SQLPage-186251/examples/splitwise/sqlpage/migrations/0001_views.sql
2025-12-12 13:46:22,262 - Knowledge - INFO - [LLM_CALL] Completed: lib.rs:chunk1, Duration: 46605ms, PromptTokens: 3490, CompletionTokens: 384, Cost: $0.00050
2025-12-12 13:46:22,262 - Knowledge - INFO - done ingest for /app/data/T0002/186251/b16203w/SQLPage-186251/src/lib.rs
2025-12-12 13:46:25,846 - Knowledge - INFO - process ingested knowledge for /app/data/T0002/186251/b16203w/SQLPage-186251/tests/sql_test_files/select_temp_t.sql
2025-12-12 13:46:25,858 - Knowledge - INFO - process ingested knowledge for /app/data/T0002/186251/b16203w/SQLPage-186251/tests/data_formats/json_data.sql
2025-12-12 13:46:27,140 - Knowledge - INFO - process ingested knowledge for /app/data/T0002/186251/b16203w/SQLPage-186251/examples/splitwise/sqlpage/migrations/0000_schema.sql
2025-12-12 13:46:27,651 - Knowledge - INFO - [LLM_CALL] Completed: dynamic_component.rs:chunk1, Duration: 51974ms, PromptTokens: 3982, CompletionTokens: 468, Cost: $0.00059
2025-12-12 13:46:27,652 - Knowledge - INFO - done ingest for /app/data/T0002/186251/b16203w/SQLPage-186251/src/dynamic_component.rs
2025-12-12 13:46:27,843 - Knowledge - INFO - [LLM_CALL] Completed: function_definition_macro.rs:chunk1, Duration: 52094ms, PromptTokens: 2180, CompletionTokens: 390, Cost: $0.00037
2025-12-12 13:46:27,844 - Knowledge - INFO - done ingest for /app/data/T0002/186251/b16203w/SQLPage-186251/src/webserver/database/sqlpage_functions/function_definition_macro.rs
2025-12-12 13:46:28,129 - Knowledge - INFO - [WEBSOCKET] Sent: Type=progress_update, Size: 292, Duration: 0ms
2025-12-12 13:46:28,140 - Knowledge - INFO - [WEBSOCKET] Sent: Type=unknown, Size: ?, Duration: 12ms
2025-12-12 13:46:28,146 - Knowledge - INFO - Progress: 44.0% | Files: 270/611 | Rate: 5.22 files/sec | Queue: 246
2025-12-12 13:46:29,083 - Knowledge - INFO - process ingested knowledge for /app/data/T0002/186251/b16203w/SQLPage-186251/tests/sql_test_files/component_rendering/markdown_in_table.sql
2025-12-12 13:46:29,138 - Knowledge - INFO - process ingested knowledge for /app/data/T0002/186251/b16203w/SQLPage-186251/tests/sql_test_files/README.md
2025-12-12 13:46:30,223 - Knowledge - INFO - [kw17] Queue=246, InProgress=0, PendingWorkers=20/20, Completed=273/611 (44.7%)
2025-12-12 13:46:30,223 - Knowledge - INFO - Batch sizing: calculated=15, max_allowed=25, queue=246, active_workers=20/20
2025-12-12 13:46:30,246 - Knowledge - INFO - [kw14] Queue=246, InProgress=0, PendingWorkers=20/20, Completed=273/611 (44.7%)
2025-12-12 13:46:30,258 - Knowledge - INFO - Processing batch of 15 files
2025-12-12 13:46:30,259 - Knowledge - INFO - Batch sizing: calculated=15, max_allowed=25, queue=246, active_workers=20/20
2025-12-12 13:46:30,269 - Knowledge - INFO - process ingested knowledge for /app/data/T0002/186251/b16203w/SQLPage-186251/examples/rich-text-editor/rich_text_editor.js
2025-12-12 13:46:30,481 - Knowledge - INFO - [LLM_CALL] Completed: error_highlighting.rs:chunk1, Duration: 54925ms, PromptTokens: 2856, CompletionTokens: 384, Cost: $0.00044
2025-12-12 13:46:30,529 - Knowledge - INFO - done ingest for /app/data/T0002/186251/b16203w/SQLPage-186251/src/webserver/database/error_highlighting.rs
2025-12-12 13:46:30,768 - Knowledge - INFO - process ingested knowledge for /app/data/T0002/186251/b16203w/SQLPage-186251/tests/data_formats/csv_data.sql
2025-12-12 13:46:30,779 - Knowledge - INFO - process ingested knowledge for /app/data/T0002/186251/b16203w/SQLPage-186251/tests/sql_test_files/component_rendering/error_arbitrary_SQL_expressions_as_function_arguments_are_not_supported.sql
2025-12-12 13:46:30,785 - Knowledge - INFO - process ingested knowledge for /app/data/T0002/186251/b16203w/SQLPage-186251/tests/sql_test_files/mod.rs
2025-12-12 13:46:31,694 - Knowledge - INFO - Async storing batch of 15 embeddings
2025-12-12 13:46:31,751 - Knowledge - INFO - Async storing batch of 15 embeddings
2025-12-12 13:46:31,757 - Knowledge - INFO - process ingested knowledge for /app/data/T0002/186251/b16203w/SQLPage-186251/examples/read-and-set-http-cookies/logout.sql
2025-12-12 13:46:31,764 - Knowledge - INFO - Worker kw17 processing /app/data/T0002/186251/b16203w/SQLPage-186251/examples/forms-with-multiple-steps/hidden/step_1.sql
2025-12-12 13:46:31,949 - Knowledge - INFO - Worker kw14 processing /app/data/T0002/186251/b16203w/SQLPage-186251/examples/forms-with-multiple-steps/cookies/index.sql
2025-12-12 13:46:31,979 - Knowledge - INFO - Fast-tracked /app/data/T0002/186251/b16203w/SQLPage-186251/examples/forms-with-multiple-steps/hidden/step_1.sql (ext=.sql, size=109)
2025-12-12 13:46:31,980 - Knowledge - INFO - Fast-tracked /app/data/T0002/186251/b16203w/SQLPage-186251/examples/forms-with-multiple-steps/cookies/index.sql (ext=.sql, size=54)
2025-12-12 13:46:32,033 - Knowledge - INFO - Worker kw17 processing /app/data/T0002/186251/b16203w/SQLPage-186251/examples/forms-with-multiple-steps/hidden/index.sql
2025-12-12 13:46:32,061 - Knowledge - INFO - Worker kw14 processing /app/data/T0002/186251/b16203w/SQLPage-186251/examples/forms-with-multiple-steps/cookies/step_2.sql
2025-12-12 13:46:32,222 - Knowledge - INFO - Fast-tracked /app/data/T0002/186251/b16203w/SQLPage-186251/examples/forms-with-multiple-steps/hidden/index.sql (ext=.sql, size=54)
2025-12-12 13:46:32,243 - Knowledge - INFO - Fast-tracked /app/data/T0002/186251/b16203w/SQLPage-186251/examples/forms-with-multiple-steps/cookies/step_2.sql (ext=.sql, size=467)
2025-12-12 13:46:32,260 - Knowledge - INFO - Worker kw17 processing /app/data/T0002/186251/b16203w/SQLPage-186251/examples/forms-with-multiple-steps/hidden/step_2.sql
2025-12-12 13:46:32,272 - Knowledge - INFO - Worker kw14 processing /app/data/T0002/186251/b16203w/SQLPage-186251/examples/forms-with-multiple-steps/cookies/finish.sql
2025-12-12 13:46:32,362 - Knowledge - INFO - Fast-tracked /app/data/T0002/186251/b16203w/SQLPage-186251/examples/forms-with-multiple-steps/hidden/step_2.sql (ext=.sql, size=357)
2025-12-12 13:46:32,422 - Knowledge - INFO - Worker kw17 processing /app/data/T0002/186251/b16203w/SQLPage-186251/examples/forms-with-multiple-steps/hidden/finish.sql
2025-12-12 13:46:32,428 - Knowledge - INFO - Fast-tracked /app/data/T0002/186251/b16203w/SQLPage-186251/examples/forms-with-multiple-steps/cookies/finish.sql (ext=.sql, size=670)
2025-12-12 13:46:32,450 - Knowledge - INFO - Worker kw14 processing /app/data/T0002/186251/b16203w/SQLPage-186251/examples/sending emails/index.sql
2025-12-12 13:46:32,465 - Knowledge - INFO - Fast-tracked /app/data/T0002/186251/b16203w/SQLPage-186251/examples/forms-with-multiple-steps/hidden/finish.sql (ext=.sql, size=356)
2025-12-12 13:46:32,524 - Knowledge - INFO - Fast-tracked /app/data/T0002/186251/b16203w/SQLPage-186251/examples/sending emails/index.sql (ext=.sql, size=333)
2025-12-12 13:46:32,524 - Knowledge - INFO - Worker kw17 processing /app/data/T0002/186251/b16203w/SQLPage-186251/examples/forms-with-multiple-steps/index.sql
2025-12-12 13:46:32,534 - Knowledge - INFO - Worker kw14 processing /app/data/T0002/186251/b16203w/SQLPage-186251/examples/sending emails/email.sql
2025-12-12 13:46:32,539 - Knowledge - INFO - [LLM_CALL] Completed: single_or_vec.rs:chunk1, Duration: 57173ms, PromptTokens: 2624, CompletionTokens: 418, Cost: $0.00043
2025-12-12 13:46:32,586 - Knowledge - INFO - Fast-tracked /app/data/T0002/186251/b16203w/SQLPage-186251/examples/forms-with-multiple-steps/index.sql (ext=.sql, size=307)
2025-12-12 13:46:32,658 - Knowledge - INFO - Fast-tracked /app/data/T0002/186251/b16203w/SQLPage-186251/examples/sending emails/email.sql (ext=.sql, size=1551)
2025-12-12 13:46:32,671 - Knowledge - INFO - done ingest for /app/data/T0002/186251/b16203w/SQLPage-186251/src/webserver/single_or_vec.rs
2025-12-12 13:46:32,682 - Knowledge - INFO - Worker kw17 processing /app/data/T0002/186251/b16203w/SQLPage-186251/examples/forms-with-multiple-steps/database/step_3.sql
2025-12-12 13:46:32,829 - Knowledge - INFO - Worker kw14 processing /app/data/T0002/186251/b16203w/SQLPage-186251/examples/sending emails/README.md
2025-12-12 13:46:32,890 - Knowledge - INFO - [LLM_CALL] Completed: filesystem.rs:chunk1, Duration: 57314ms, PromptTokens: 7602, CompletionTokens: 746, Cost: $0.00106
2025-12-12 13:46:32,898 - Knowledge - INFO - Fast-tracked /app/data/T0002/186251/b16203w/SQLPage-186251/examples/forms-with-multiple-steps/database/step_3.sql (ext=.sql, size=323)
2025-12-12 13:46:32,945 - Knowledge - INFO - Fast-tracked /app/data/T0002/186251/b16203w/SQLPage-186251/examples/sending emails/README.md (ext=.md, size=3033)
2025-12-12 13:46:32,946 - Knowledge - INFO - done ingest for /app/data/T0002/186251/b16203w/SQLPage-186251/src/filesystem.rs
2025-12-12 13:46:32,963 - Knowledge - INFO - Worker kw17 processing /app/data/T0002/186251/b16203w/SQLPage-186251/examples/forms-with-multiple-steps/database/step_1.sql
2025-12-12 13:46:32,984 - Knowledge - INFO - Worker kw14 processing /app/data/T0002/186251/b16203w/SQLPage-186251/examples/SQLPage developer user interface/sqlpage/sqlpage.json
2025-12-12 13:46:33,089 - Knowledge - INFO - Fast-tracked /app/data/T0002/186251/b16203w/SQLPage-186251/examples/forms-with-multiple-steps/database/step_1.sql (ext=.sql, size=162)
2025-12-12 13:46:33,127 - Knowledge - INFO - Worker kw17 processing /app/data/T0002/186251/b16203w/SQLPage-186251/examples/forms-with-multiple-steps/database/index.sql
2025-12-12 13:46:33,140 - Knowledge - INFO - Fast-tracked /app/data/T0002/186251/b16203w/SQLPage-186251/examples/SQLPage developer user interface/sqlpage/sqlpage.json (ext=.json, size=85)
2025-12-12 13:46:33,140 - Knowledge - INFO - Worker kw14 processing /app/data/T0002/186251/b16203w/SQLPage-186251/examples/SQLPage developer user interface/sqlpage/migrations/0000_create_sqlpage_files_table.sql
2025-12-12 13:46:33,172 - Knowledge - INFO - Fast-tracked /app/data/T0002/186251/b16203w/SQLPage-186251/examples/forms-with-multiple-steps/database/index.sql (ext=.sql, size=188)
2025-12-12 13:46:33,222 - Knowledge - INFO - Worker kw17 processing /app/data/T0002/186251/b16203w/SQLPage-186251/examples/forms-with-multiple-steps/database/step_2.sql
2025-12-12 13:46:33,247 - Knowledge - INFO - Fast-tracked /app/data/T0002/186251/b16203w/SQLPage-186251/examples/SQLPage developer user interface/sqlpage/migrations/0000_create_sqlpage_files_table.sql (ext=.sql, size=531)
2025-12-12 13:46:33,276 - Knowledge - INFO - Worker kw14 processing /app/data/T0002/186251/b16203w/SQLPage-186251/examples/SQLPage developer user interface/sqlpage/migrations/00001_table_contents.sql
2025-12-12 13:46:33,332 - Knowledge - INFO - Fast-tracked /app/data/T0002/186251/b16203w/SQLPage-186251/examples/forms-with-multiple-steps/database/step_2.sql (ext=.sql, size=367)
2025-12-12 13:46:33,360 - Knowledge - INFO - Worker kw17 processing /app/data/T0002/186251/b16203w/SQLPage-186251/examples/forms-with-multiple-steps/database/finish.sql
2025-12-12 13:46:33,432 - Knowledge - INFO - Fast-tracked /app/data/T0002/186251/b16203w/SQLPage-186251/examples/forms-with-multiple-steps/database/finish.sql (ext=.sql, size=569)
2025-12-12 13:46:33,433 - Knowledge - INFO - Fast-tracked /app/data/T0002/186251/b16203w/SQLPage-186251/examples/SQLPage developer user interface/sqlpage/migrations/00001_table_contents.sql (ext=.sql, size=416)
2025-12-12 13:46:33,441 - Knowledge - INFO - Worker kw17 processing /app/data/T0002/186251/b16203w/SQLPage-186251/examples/forms-with-multiple-steps/sqlpage/migrations/01_users.sql
2025-12-12 13:46:33,460 - Knowledge - INFO - Worker kw14 processing /app/data/T0002/186251/b16203w/SQLPage-186251/examples/SQLPage developer user interface/README.md
2025-12-12 13:46:33,522 - Knowledge - INFO - process ingested knowledge for /app/data/T0002/186251/b16203w/SQLPage-186251/tests/data_formats/mod.rs
2025-12-12 13:46:33,633 - Knowledge - INFO - Fast-tracked /app/data/T0002/186251/b16203w/SQLPage-186251/examples/forms-with-multiple-steps/sqlpage/migrations/01_users.sql (ext=.sql, size=184)
2025-12-12 13:46:33,691 - Knowledge - INFO - Fast-tracked /app/data/T0002/186251/b16203w/SQLPage-186251/examples/SQLPage developer user interface/README.md (ext=.md, size=269)
2025-12-12 13:46:33,743 - Knowledge - INFO - Worker kw17 processing /app/data/T0002/186251/b16203w/SQLPage-186251/examples/forms-with-multiple-steps/sqlpage/migrations/02_database_persistence.sql
2025-12-12 13:46:33,763 - Knowledge - INFO - Worker kw14 processing /app/data/T0002/186251/b16203w/SQLPage-186251/examples/SQLPage developer user interface/website/view_table.sql
2025-12-12 13:46:33,799 - Knowledge - INFO - Fast-tracked /app/data/T0002/186251/b16203w/SQLPage-186251/examples/forms-with-multiple-steps/sqlpage/migrations/02_database_persistence.sql (ext=.sql, size=287)
2025-12-12 13:46:33,858 - Knowledge - INFO - Fast-tracked /app/data/T0002/186251/b16203w/SQLPage-186251/examples/SQLPage developer user interface/website/view_table.sql (ext=.sql, size=490)
2025-12-12 13:46:33,889 - Knowledge - INFO - Worker kw17 processing /app/data/T0002/186251/b16203w/SQLPage-186251/examples/forms-with-multiple-steps/README.md
2025-12-12 13:46:33,924 - Knowledge - INFO - Worker kw14 processing /app/data/T0002/186251/b16203w/SQLPage-186251/examples/SQLPage developer user interface/website/edit.sql
2025-12-12 13:46:33,959 - Knowledge - INFO - Fast-tracked /app/data/T0002/186251/b16203w/SQLPage-186251/examples/forms-with-multiple-steps/README.md (ext=.md, size=3106)
2025-12-12 13:46:33,964 - Knowledge - INFO - Worker kw17 processing /app/data/T0002/186251/b16203w/SQLPage-186251/examples/forms-with-multiple-steps/cookies/step_3.sql
2025-12-12 13:46:34,023 - Knowledge - INFO - Fast-tracked /app/data/T0002/186251/b16203w/SQLPage-186251/examples/SQLPage developer user interface/website/edit.sql (ext=.sql, size=572)
2025-12-12 13:46:34,035 - Knowledge - INFO - Worker kw14 processing /app/data/T0002/186251/b16203w/SQLPage-186251/examples/SQLPage developer user interface/website/insert_file.sql
2025-12-12 13:46:34,040 - Knowledge - INFO - Fast-tracked /app/data/T0002/186251/b16203w/SQLPage-186251/examples/forms-with-multiple-steps/cookies/step_3.sql (ext=.sql, size=305)
2025-12-12 13:46:34,127 - Knowledge - INFO - Fast-tracked /app/data/T0002/186251/b16203w/SQLPage-186251/examples/SQLPage developer user interface/website/insert_file.sql (ext=.sql, size=276)
2025-12-12 13:46:34,138 - Knowledge - INFO - Worker kw17 processing /app/data/T0002/186251/b16203w/SQLPage-186251/examples/forms-with-multiple-steps/cookies/step_1.sql
2025-12-12 13:46:34,163 - Knowledge - INFO - Worker kw14 processing /app/data/T0002/186251/b16203w/SQLPage-186251/examples/SQLPage developer user interface/website/index.sql
2025-12-12 13:46:34,255 - Knowledge - INFO - Fast-tracked /app/data/T0002/186251/b16203w/SQLPage-186251/examples/forms-with-multiple-steps/cookies/step_1.sql (ext=.sql, size=147)
2025-12-12 13:46:34,272 - Knowledge - INFO - Fast-tracked /app/data/T0002/186251/b16203w/SQLPage-186251/examples/SQLPage developer user interface/website/index.sql (ext=.sql, size=687)
2025-12-12 13:46:34,272 - Knowledge - INFO - Worker kw14 processing /app/data/T0002/186251/b16203w/SQLPage-186251/examples/SQLPage developer user interface/website/delete.sql
2025-12-12 13:46:34,274 - Knowledge - INFO - Async storage completed for 15 embeddings
2025-12-12 13:46:34,292 - Knowledge - INFO - Fast-tracked /app/data/T0002/186251/b16203w/SQLPage-186251/examples/SQLPage developer user interface/website/delete.sql (ext=.sql, size=488)
2025-12-12 13:46:34,361 - Knowledge - INFO - Async storage completed for 15 embeddings
2025-12-12 13:46:34,930 - Knowledge - INFO - [WEBSOCKET] Sent: Type=progress_update, Size: 293, Duration: 0ms
2025-12-12 13:46:34,950 - Knowledge - INFO - [WEBSOCKET] Sent: Type=unknown, Size: ?, Duration: 20ms
2025-12-12 13:46:34,950 - Knowledge - INFO - Progress: 46.6% | Files: 285/611 | Rate: 4.68 files/sec | Queue: 216
2025-12-12 13:46:34,971 - Knowledge - INFO - process ingested knowledge for /app/data/T0002/186251/b16203w/SQLPage-186251/tests/sql_test_files/component_rendering/columns_component_json_nomssql_nopostgres.sql
2025-12-12 13:46:35,435 - Knowledge - INFO - process ingested knowledge for /app/data/T0002/186251/b16203w/SQLPage-186251/tests/errors/404.sql
2025-12-12 13:46:36,381 - Knowledge - INFO - [LLM_CALL] Completed: http_fetch_request.rs:chunk1, Duration: 60716ms, PromptTokens: 2560, CompletionTokens: 373, Cost: $0.00041
2025-12-12 13:46:36,422 - Knowledge - INFO - done ingest for /app/data/T0002/186251/b16203w/SQLPage-186251/src/webserver/database/sqlpage_functions/http_fetch_request.rs
2025-12-12 13:46:36,446 - Knowledge - INFO - [kw16] Queue=216, InProgress=0, PendingWorkers=20/20, Completed=291/611 (47.6%)
2025-12-12 13:46:36,452 - Knowledge - INFO - Batch sizing: calculated=15, max_allowed=25, queue=216, active_workers=20/20
2025-12-12 13:46:36,522 - Knowledge - INFO - Processing batch of 20 files
2025-12-12 13:46:36,530 - Knowledge - INFO - process ingested knowledge for /app/data/T0002/186251/b16203w/SQLPage-186251/examples/single sign on/cas/login.sql
2025-12-12 13:46:36,935 - Knowledge - INFO - [LLM_CALL] Completed: execute_queries.rs:chunk1, Duration: 60879ms, PromptTokens: 10032, CompletionTokens: 1072, Cost: $0.00143
2025-12-12 13:46:36,949 - Knowledge - INFO - done ingest for /app/data/T0002/186251/b16203w/SQLPage-186251/src/webserver/database/execute_queries.rs
2025-12-12 13:46:37,056 - Knowledge - INFO - [kw20] Queue=216, InProgress=0, PendingWorkers=20/20, Completed=292/611 (47.8%)
2025-12-12 13:46:37,057 - Knowledge - INFO - Batch sizing: calculated=15, max_allowed=25, queue=216, active_workers=20/20
2025-12-12 13:46:37,065 - Knowledge - INFO - process ingested knowledge for /app/data/T0002/186251/b16203w/SQLPage-186251/tests/errors/basic_auth.rs
2025-12-12 13:46:39,529 - Knowledge - INFO - [LLM_CALL] Completed: error.rs:chunk1, Duration: 63360ms, PromptTokens: 3578, CompletionTokens: 688, Cost: $0.00063
2025-12-12 13:46:39,530 - Knowledge - INFO - done ingest for /app/data/T0002/186251/b16203w/SQLPage-186251/src/webserver/error.rs
2025-12-12 13:46:39,764 - Knowledge - INFO - Async storing batch of 15 embeddings
2025-12-12 13:46:39,770 - Knowledge - INFO - process ingested knowledge for /app/data/T0002/186251/b16203w/SQLPage-186251/examples/modeling a many to many relationship with a form/topics.sql
2025-12-12 13:46:39,845 - Knowledge - INFO - Worker kw16 processing /app/data/T0002/186251/b16203w/SQLPage-186251/examples/SQLPage developer user interface/website/js/code-editor.js
2025-12-12 13:46:39,863 - Knowledge - INFO - Fast-tracked /app/data/T0002/186251/b16203w/SQLPage-186251/examples/SQLPage developer user interface/website/js/code-editor.js (ext=.js, size=1293)
2025-12-12 13:46:39,953 - Knowledge - INFO - Worker kw16 processing /app/data/T0002/186251/b16203w/SQLPage-186251/examples/SQLPage developer user interface/docker-compose.yml
2025-12-12 13:46:40,060 - Knowledge - INFO - Fast-tracked /app/data/T0002/186251/b16203w/SQLPage-186251/examples/SQLPage developer user interface/docker-compose.yml (ext=.yml, size=619)
2025-12-12 13:46:40,067 - Knowledge - INFO - Worker kw16 processing /app/data/T0002/186251/b16203w/SQLPage-186251/examples/simple-website-example/edit.sql
2025-12-12 13:46:40,167 - Knowledge - INFO - Fast-tracked /app/data/T0002/186251/b16203w/SQLPage-186251/examples/simple-website-example/edit.sql (ext=.sql, size=379)
2025-12-12 13:46:40,167 - Knowledge - INFO - Worker kw16 processing /app/data/T0002/186251/b16203w/SQLPage-186251/examples/simple-website-example/table.sql
2025-12-12 13:46:40,191 - Knowledge - INFO - Fast-tracked /app/data/T0002/186251/b16203w/SQLPage-186251/examples/simple-website-example/table.sql (ext=.sql, size=123)
2025-12-12 13:46:40,197 - Knowledge - INFO - Worker kw16 processing /app/data/T0002/186251/b16203w/SQLPage-186251/examples/simple-website-example/index.sql
2025-12-12 13:46:40,241 - Knowledge - INFO - Fast-tracked /app/data/T0002/186251/b16203w/SQLPage-186251/examples/simple-website-example/index.sql (ext=.sql, size=703)
2025-12-12 13:46:40,282 - Knowledge - INFO - Worker kw16 processing /app/data/T0002/186251/b16203w/SQLPage-186251/examples/simple-website-example/delete.sql
2025-12-12 13:46:40,339 - Knowledge - INFO - Fast-tracked /app/data/T0002/186251/b16203w/SQLPage-186251/examples/simple-website-example/delete.sql (ext=.sql, size=170)
2025-12-12 13:46:40,353 - Knowledge - INFO - Worker kw16 processing /app/data/T0002/186251/b16203w/SQLPage-186251/examples/simple-website-example/user.sql
2025-12-12 13:46:40,367 - Knowledge - INFO - process ingested knowledge for /app/data/T0002/186251/b16203w/SQLPage-186251/tests/errors/basic_auth.sql
2025-12-12 13:46:40,385 - Knowledge - INFO - process ingested knowledge for /app/data/T0002/186251/b16203w/SQLPage-186251/examples/read-and-set-http-cookies/index.sql
2025-12-12 13:46:40,439 - Knowledge - INFO - Fast-tracked /app/data/T0002/186251/b16203w/SQLPage-186251/examples/simple-website-example/user.sql (ext=.sql, size=222)
2025-12-12 13:46:40,561 - Knowledge - INFO - Worker kw16 processing /app/data/T0002/186251/b16203w/SQLPage-186251/examples/simple-website-example/sqlpage/sqlpage.json
2025-12-12 13:46:40,667 - Knowledge - INFO - Fast-tracked /app/data/T0002/186251/b16203w/SQLPage-186251/examples/simple-website-example/sqlpage/sqlpage.json (ext=.json, size=42)
2025-12-12 13:46:40,730 - Knowledge - INFO - Worker kw16 processing /app/data/T0002/186251/b16203w/SQLPage-186251/examples/simple-website-example/sqlpage/migrations/0001_create_users_table.sql
2025-12-12 13:46:40,781 - Knowledge - INFO - Fast-tracked /app/data/T0002/186251/b16203w/SQLPage-186251/examples/simple-website-example/sqlpage/migrations/0001_create_users_table.sql (ext=.sql, size=137)
2025-12-12 13:46:40,822 - Knowledge - INFO - Worker kw16 processing /app/data/T0002/186251/b16203w/SQLPage-186251/examples/simple-website-example/README.md
2025-12-12 13:46:40,833 - Knowledge - INFO - Fast-tracked /app/data/T0002/186251/b16203w/SQLPage-186251/examples/simple-website-example/README.md (ext=.md, size=1520)
2025-12-12 13:46:40,833 - Knowledge - INFO - Worker kw16 processing /app/data/T0002/186251/b16203w/SQLPage-186251/examples/CRUD - Authentication/www/logout.sql
2025-12-12 13:46:40,843 - Knowledge - INFO - Fast-tracked /app/data/T0002/186251/b16203w/SQLPage-186251/examples/CRUD - Authentication/www/logout.sql (ext=.sql, size=217)
2025-12-12 13:46:40,844 - Knowledge - INFO - Worker kw16 processing /app/data/T0002/186251/b16203w/SQLPage-186251/examples/CRUD - Authentication/www/menu_test/dummy.sql
2025-12-12 13:46:40,858 - Knowledge - INFO - Worker kw16 processing /app/data/T0002/186251/b16203w/SQLPage-186251/examples/CRUD - Authentication/www/menu_test/dummy_menu.sql
2025-12-12 13:46:40,882 - Knowledge - INFO - Worker kw16 processing /app/data/T0002/186251/b16203w/SQLPage-186251/examples/CRUD - Authentication/www/menu_test/menu_code.sql
2025-12-12 13:46:40,942 - Knowledge - INFO - Worker kw16 processing /app/data/T0002/186251/b16203w/SQLPage-186251/examples/CRUD - Authentication/www/menu_test/menu_demo.sql
2025-12-12 13:46:41,075 - Knowledge - INFO - Async storage completed for 15 embeddings
2025-12-12 13:46:41,242 - Knowledge - INFO - Fast-tracked /app/data/T0002/186251/b16203w/SQLPage-186251/examples/CRUD - Authentication/www/menu_test/dummy.sql (small file (2305 bytes))
2025-12-12 13:46:42,823 - Knowledge - INFO - Async storing batch of 15 embeddings
2025-12-12 13:46:42,831 - Knowledge - INFO - process ingested knowledge for /app/data/T0002/186251/b16203w/SQLPage-186251/examples/modeling a many to many relationship with a form/post.sql
2025-12-12 13:46:42,874 - Knowledge - INFO - Worker kw20 processing /app/data/T0002/186251/b16203w/SQLPage-186251/examples/CRUD - Authentication/www/currencies_list.sql
2025-12-12 13:46:43,080 - Knowledge - INFO - Worker kw20 processing /app/data/T0002/186251/b16203w/SQLPage-186251/examples/CRUD - Authentication/www/currencies_item_form.sql
2025-12-12 13:46:43,169 - Knowledge - INFO - Worker kw20 processing /app/data/T0002/186251/b16203w/SQLPage-186251/examples/CRUD - Authentication/www/intro.sql
2025-12-12 13:46:43,344 - Knowledge - INFO - Worker kw20 processing /app/data/T0002/186251/b16203w/SQLPage-186251/examples/CRUD - Authentication/www/index.sql
2025-12-12 13:46:43,382 - Knowledge - INFO - Fast-tracked /app/data/T0002/186251/b16203w/SQLPage-186251/examples/CRUD - Authentication/www/index.sql (ext=.sql, size=952)
2025-12-12 13:46:43,422 - Knowledge - INFO - Worker kw20 processing /app/data/T0002/186251/b16203w/SQLPage-186251/examples/CRUD - Authentication/www/footer_debug_post-get-set.sql
2025-12-12 13:46:43,451 - Knowledge - INFO - Fast-tracked /app/data/T0002/186251/b16203w/SQLPage-186251/examples/CRUD - Authentication/www/footer_debug_post-get-set.sql (ext=.sql, size=1771)
2025-12-12 13:46:43,451 - Knowledge - INFO - process ingested knowledge for /app/data/T0002/186251/b16203w/SQLPage-186251/tests/errors/mod.rs
2025-12-12 13:46:43,458 - Knowledge - INFO - Worker kw20 processing /app/data/T0002/186251/b16203w/SQLPage-186251/examples/CRUD - Authentication/www/header_shell_session.sql
2025-12-12 13:46:43,485 - Knowledge - INFO - Worker kw20 processing /app/data/T0002/186251/b16203w/SQLPage-186251/examples/CRUD - Authentication/www/css/style.css
2025-12-12 13:46:43,524 - Knowledge - INFO - Fast-tracked /app/data/T0002/186251/b16203w/SQLPage-186251/examples/CRUD - Authentication/www/css/style.css (ext=.css, size=314)
2025-12-12 13:46:43,544 - Knowledge - INFO - Worker kw20 processing /app/data/T0002/186251/b16203w/SQLPage-186251/examples/CRUD - Authentication/www/css/prism-tabler-theme.css
2025-12-12 13:46:43,657 - Knowledge - INFO - Fast-tracked /app/data/T0002/186251/b16203w/SQLPage-186251/examples/CRUD - Authentication/www/css/prism-tabler-theme.css (ext=.css, size=1220)
2025-12-12 13:46:43,722 - Knowledge - INFO - Worker kw20 processing /app/data/T0002/186251/b16203w/SQLPage-186251/examples/CRUD - Authentication/www/create_session.sql
2025-12-12 13:46:43,735 - Knowledge - INFO - Fast-tracked /app/data/T0002/186251/b16203w/SQLPage-186251/examples/CRUD - Authentication/www/create_session.sql (ext=.sql, size=888)
2025-12-12 13:46:43,745 - Knowledge - INFO - Worker kw20 processing /app/data/T0002/186251/b16203w/SQLPage-186251/examples/CRUD - Authentication/www/README.md
2025-12-12 13:46:43,763 - Knowledge - INFO - Fast-tracked /app/data/T0002/186251/b16203w/SQLPage-186251/examples/CRUD - Authentication/www/README.md (ext=.md, size=19169)
2025-12-12 13:46:43,769 - Knowledge - INFO - Worker kw20 processing /app/data/T0002/186251/b16203w/SQLPage-186251/examples/CRUD - Authentication/www/currencies_item_dml.sql
2025-12-12 13:46:43,841 - Knowledge - INFO - Worker kw20 processing /app/data/T0002/186251/b16203w/SQLPage-186251/examples/CRUD - Authentication/www/login.sql
2025-12-12 13:46:43,943 - Knowledge - INFO - Fast-tracked /app/data/T0002/186251/b16203w/SQLPage-186251/examples/CRUD - Authentication/www/login.sql (ext=.sql, size=1432)
2025-12-12 13:46:43,958 - Knowledge - INFO - Worker kw20 processing /app/data/T0002/186251/b16203w/SQLPage-186251/examples/CRUD - Authentication/sqlpage/sqlpage.json
2025-12-12 13:46:43,972 - Knowledge - INFO - Fast-tracked /app/data/T0002/186251/b16203w/SQLPage-186251/examples/CRUD - Authentication/sqlpage/sqlpage.json (ext=.json, size=144)
2025-12-12 13:46:43,977 - Knowledge - INFO - Worker kw20 processing /app/data/T0002/186251/b16203w/SQLPage-186251/examples/CRUD - Authentication/sqlpage/migrations/0003_auth.sql
2025-12-12 13:46:44,063 - Knowledge - INFO - Fast-tracked /app/data/T0002/186251/b16203w/SQLPage-186251/examples/CRUD - Authentication/sqlpage/migrations/0003_auth.sql (ext=.sql, size=711)
2025-12-12 13:46:44,064 - Knowledge - INFO - Worker kw20 processing /app/data/T0002/186251/b16203w/SQLPage-186251/examples/CRUD - Authentication/sqlpage/migrations/0000_db_init.sql
2025-12-12 13:46:44,069 - Knowledge - INFO - Fast-tracked /app/data/T0002/186251/b16203w/SQLPage-186251/examples/CRUD - Authentication/sqlpage/migrations/0000_db_init.sql (ext=.sql, size=1312)
2025-12-12 13:46:44,083 - Knowledge - INFO - Async storage completed for 15 embeddings
2025-12-12 13:46:44,383 - Knowledge - INFO - Processing batch of 20 files
2025-12-12 13:46:44,383 - Knowledge - INFO - process ingested knowledge for /app/data/T0002/186251/b16203w/SQLPage-186251/tests/oidc/mod.rs
2025-12-12 13:46:47,377 - Knowledge - INFO - process ingested knowledge for /app/data/T0002/186251/b16203w/SQLPage-186251/examples/modeling a many to many relationship with a form/write_submit.sql
2025-12-12 13:46:48,353 - Knowledge - INFO - process ingested knowledge for /app/data/T0002/186251/b16203w/SQLPage-186251/examples/read-and-set-http-cookies/sqlpage/sqlpage.json
2025-12-12 13:46:48,386 - Knowledge - INFO - [LLM_CALL] Completed: content_security_policy.rs:chunk1, Duration: 72430ms, PromptTokens: 2172, CompletionTokens: 587, Cost: $0.00045
2025-12-12 13:46:48,449 - Knowledge - INFO - done ingest for /app/data/T0002/186251/b16203w/SQLPage-186251/src/webserver/content_security_policy.rs
2025-12-12 13:46:49,001 - Knowledge - INFO - process ingested knowledge for /app/data/T0002/186251/b16203w/SQLPage-186251/tests/webhook_hmac_validation.sql
2025-12-12 13:46:49,596 - Knowledge - INFO - [LLM_CALL] Completed: routing.rs:chunk1, Duration: 73351ms, PromptTokens: 11496, CompletionTokens: 644, Cost: $0.00141
2025-12-12 13:46:49,597 - Knowledge - INFO - done ingest for /app/data/T0002/186251/b16203w/SQLPage-186251/src/webserver/routing.rs
2025-12-12 13:46:50,656 - Knowledge - INFO - [LLM_CALL] Completed: file_cache.rs:chunk1, Duration: 74825ms, PromptTokens: 4312, CompletionTokens: 745, Cost: $0.00073
2025-12-12 13:46:50,662 - Knowledge - INFO - done ingest for /app/data/T0002/186251/b16203w/SQLPage-186251/src/file_cache.rs
2025-12-12 13:46:51,332 - Knowledge - INFO - process ingested knowledge for /app/data/T0002/186251/b16203w/SQLPage-186251/examples/modeling a many to many relationship with a form/index.sql
2025-12-12 13:46:51,444 - Knowledge - INFO - [LLM_CALL] Completed: menu_demo.sql:chunk1, Duration: 9451ms, PromptTokens: 2018, CompletionTokens: 59, Cost: $0.00023
2025-12-12 13:46:51,469 - Knowledge - INFO - done ingest for /app/data/T0002/186251/b16203w/SQLPage-186251/examples/CRUD - Authentication/www/menu_test/menu_demo.sql
2025-12-12 13:46:51,854 - Knowledge - INFO - process ingested knowledge for /app/data/T0002/186251/b16203w/SQLPage-186251/examples/read-and-set-http-cookies/README.md
2025-12-12 13:46:52,342 - Knowledge - INFO - process ingested knowledge for /app/data/T0002/186251/b16203w/SQLPage-186251/build.rs
2025-12-12 13:46:53,775 - Knowledge - INFO - process ingested knowledge for /app/data/T0002/186251/b16203w/SQLPage-186251/tests/mod.rs
2025-12-12 13:46:53,830 - Knowledge - INFO - process ingested knowledge for /app/data/T0002/186251/b16203w/SQLPage-186251/examples/modeling a many to many relationship with a form/write.sql
2025-12-12 13:46:53,834 - Knowledge - INFO - [WEBSOCKET] Sent: Type=progress_update, Size: 293, Duration: 0ms
2025-12-12 13:46:53,847 - Knowledge - INFO - process ingested knowledge for /app/data/T0002/186251/b16203w/SQLPage-186251/examples/read-and-set-http-cookies/subdirectory/read_cookies.sql
2025-12-12 13:46:54,063 - Knowledge - INFO - [WEBSOCKET] Sent: Type=unknown, Size: ?, Duration: 229ms
2025-12-12 13:46:54,171 - Knowledge - INFO - Progress: 51.1% | Files: 312/611 | Rate: 4.33 files/sec | Queue: 186
2025-12-12 13:46:54,958 - Knowledge - INFO - process ingested knowledge for /app/data/T0002/186251/b16203w/SQLPage-186251/docker-compose.yml
2025-12-12 13:46:56,133 - Knowledge - INFO - process ingested knowledge for /app/data/T0002/186251/b16203w/SQLPage-186251/tests/end-to-end/playwright.config.ts
2025-12-12 13:46:56,683 - Knowledge - INFO - process ingested knowledge for /app/data/T0002/186251/b16203w/SQLPage-186251/examples/user-authentication/create_user.sql
2025-12-12 13:46:56,695 - Knowledge - INFO - [kw19] Queue=186, InProgress=0, PendingWorkers=20/20, Completed=315/611 (51.6%)
2025-12-12 13:46:56,734 - Knowledge - INFO - process ingested knowledge for /app/data/T0002/186251/b16203w/SQLPage-186251/SECURITY.md
2025-12-12 13:46:56,744 - Knowledge - INFO - [kw18] Queue=186, InProgress=0, PendingWorkers=20/20, Completed=315/611 (51.6%)
2025-12-12 13:46:56,744 - Knowledge - INFO - Batch sizing: calculated=12, max_allowed=25, queue=186, active_workers=20/20
2025-12-12 13:46:56,752 - Knowledge - INFO - Batch sizing: calculated=12, max_allowed=25, queue=186, active_workers=20/20
2025-12-12 13:46:57,347 - Knowledge - INFO - [LLM_CALL] Completed: dummy_menu.sql:chunk1, Duration: 15819ms, PromptTokens: 4858, CompletionTokens: 271, Cost: $0.00059
2025-12-12 13:46:57,347 - Knowledge - INFO - done ingest for /app/data/T0002/186251/b16203w/SQLPage-186251/examples/CRUD - Authentication/www/menu_test/dummy_menu.sql
2025-12-12 13:46:58,283 - Knowledge - INFO - [LLM_CALL] Completed: menu_code.sql:chunk1, Duration: 16619ms, PromptTokens: 4686, CompletionTokens: 257, Cost: $0.00057
2025-12-12 13:46:58,329 - Knowledge - INFO - done ingest for /app/data/T0002/186251/b16203w/SQLPage-186251/examples/CRUD - Authentication/www/menu_test/menu_code.sql
2025-12-12 13:46:59,025 - Knowledge - INFO - [LLM_CALL] Completed: template_helpers.rs:chunk1, Duration: 83152ms, PromptTokens: 13420, CompletionTokens: 1141, Cost: $0.00180
2025-12-12 13:46:59,033 - Knowledge - INFO - done ingest for /app/data/T0002/186251/b16203w/SQLPage-186251/src/template_helpers.rs
2025-12-12 13:46:59,175 - Knowledge - INFO - process ingested knowledge for /app/data/T0002/186251/b16203w/SQLPage-186251/examples/user-authentication/logout.sql
2025-12-12 13:46:59,179 - Knowledge - INFO - Async storing batch of 15 embeddings
2025-12-12 13:46:59,181 - Knowledge - INFO - process ingested knowledge for /app/data/T0002/186251/b16203w/SQLPage-186251/examples/modeling a many to many relationship with a form/sqlpage/migrations/03_sqlpage_shell.sql
2025-12-12 13:46:59,184 - Knowledge - INFO - Worker kw19 processing /app/data/T0002/186251/b16203w/SQLPage-186251/examples/CRUD - Authentication/sqlpage/migrations/0007_currencies.sql
2025-12-12 13:46:59,322 - Knowledge - INFO - Fast-tracked /app/data/T0002/186251/b16203w/SQLPage-186251/examples/CRUD - Authentication/sqlpage/migrations/0007_currencies.sql (ext=.sql, size=283)
2025-12-12 13:46:59,330 - Knowledge - INFO - Worker kw19 processing /app/data/T0002/186251/b16203w/SQLPage-186251/examples/CRUD - Authentication/README.md
2025-12-12 13:46:59,340 - Knowledge - INFO - Fast-tracked /app/data/T0002/186251/b16203w/SQLPage-186251/examples/CRUD - Authentication/README.md (ext=.md, size=19204)
2025-12-12 13:46:59,340 - Knowledge - INFO - Worker kw19 processing /app/data/T0002/186251/b16203w/SQLPage-186251/examples/charts, computations and custom components/taptempo.sql
2025-12-12 13:46:59,356 - Knowledge - INFO - Fast-tracked /app/data/T0002/186251/b16203w/SQLPage-186251/examples/charts, computations and custom components/taptempo.sql (ext=.sql, size=876)
2025-12-12 13:46:59,390 - Knowledge - INFO - Worker kw19 processing /app/data/T0002/186251/b16203w/SQLPage-186251/examples/charts, computations and custom components/index.sql
2025-12-12 13:46:59,441 - Knowledge - INFO - Fast-tracked /app/data/T0002/186251/b16203w/SQLPage-186251/examples/charts, computations and custom components/index.sql (ext=.sql, size=1465)
2025-12-12 13:46:59,447 - Knowledge - INFO - Worker kw19 processing /app/data/T0002/186251/b16203w/SQLPage-186251/examples/charts, computations and custom components/sqlpage/migrations/000_init.sql
2025-12-12 13:46:59,526 - Knowledge - INFO - Fast-tracked /app/data/T0002/186251/b16203w/SQLPage-186251/examples/charts, computations and custom components/sqlpage/migrations/000_init.sql (ext=.sql, size=384)
2025-12-12 13:46:59,534 - Knowledge - INFO - Worker kw19 processing /app/data/T0002/186251/b16203w/SQLPage-186251/examples/charts, computations and custom components/README.md
2025-12-12 13:46:59,556 - Knowledge - INFO - Fast-tracked /app/data/T0002/186251/b16203w/SQLPage-186251/examples/charts, computations and custom components/README.md (ext=.md, size=771)
2025-12-12 13:46:59,560 - Knowledge - INFO - Worker kw19 processing /app/data/T0002/186251/b16203w/SQLPage-186251/examples/web servers - apache/static/index.html
2025-12-12 13:46:59,576 - Knowledge - INFO - Async storing batch of 15 embeddings
2025-12-12 13:46:59,622 - Knowledge - INFO - process ingested knowledge for /app/data/T0002/186251/b16203w/SQLPage-186251/tests/end-to-end/package.json
2025-12-12 13:46:59,645 - Knowledge - INFO - Worker kw18 processing /app/data/T0002/186251/b16203w/SQLPage-186251/examples/corporate-conundrum/New Game.sql
2025-12-12 13:46:59,651 - Knowledge - INFO - Fast-tracked /app/data/T0002/186251/b16203w/SQLPage-186251/examples/web servers - apache/static/index.html (ext=.html, size=1289)
2025-12-12 13:46:59,735 - Knowledge - INFO - Worker kw19 processing /app/data/T0002/186251/b16203w/SQLPage-186251/examples/web servers - apache/sqlpage_config/sqlpage.json
2025-12-12 13:46:59,742 - Knowledge - INFO - Fast-tracked /app/data/T0002/186251/b16203w/SQLPage-186251/examples/corporate-conundrum/New Game.sql (ext=.sql, size=117)
2025-12-12 13:46:59,765 - Knowledge - INFO - Worker kw18 processing /app/data/T0002/186251/b16203w/SQLPage-186251/examples/corporate-conundrum/next-question.sql
2025-12-12 13:46:59,772 - Knowledge - INFO - Fast-tracked /app/data/T0002/186251/b16203w/SQLPage-186251/examples/web servers - apache/sqlpage_config/sqlpage.json (ext=.json, size=35)
2025-12-12 13:46:59,778 - Knowledge - INFO - Worker kw19 processing /app/data/T0002/186251/b16203w/SQLPage-186251/examples/web servers - apache/README.md
2025-12-12 13:46:59,822 - Knowledge - INFO - Fast-tracked /app/data/T0002/186251/b16203w/SQLPage-186251/examples/corporate-conundrum/next-question.sql (ext=.sql, size=1117)
2025-12-12 13:46:59,843 - Knowledge - INFO - Fast-tracked /app/data/T0002/186251/b16203w/SQLPage-186251/examples/web servers - apache/README.md (ext=.md, size=2312)
2025-12-12 13:46:59,848 - Knowledge - INFO - Worker kw18 processing /app/data/T0002/186251/b16203w/SQLPage-186251/examples/corporate-conundrum/index.sql
2025-12-12 13:46:59,866 - Knowledge - INFO - Worker kw19 processing /app/data/T0002/186251/b16203w/SQLPage-186251/examples/web servers - apache/website/index.sql
2025-12-12 13:46:59,876 - Knowledge - INFO - Fast-tracked /app/data/T0002/186251/b16203w/SQLPage-186251/examples/corporate-conundrum/index.sql (ext=.sql, size=1567)
2025-12-12 13:46:59,883 - Knowledge - INFO - Worker kw18 processing /app/data/T0002/186251/b16203w/SQLPage-186251/examples/corporate-conundrum/question.sql
2025-12-12 13:46:59,888 - Knowledge - INFO - Fast-tracked /app/data/T0002/186251/b16203w/SQLPage-186251/examples/web servers - apache/website/index.sql (ext=.sql, size=184)
2025-12-12 13:46:59,889 - Knowledge - INFO - Worker kw19 processing /app/data/T0002/186251/b16203w/SQLPage-186251/examples/web servers - apache/docker-compose.yml
2025-12-12 13:46:59,935 - Knowledge - INFO - Fast-tracked /app/data/T0002/186251/b16203w/SQLPage-186251/examples/corporate-conundrum/question.sql (ext=.sql, size=1287)
2025-12-12 13:46:59,948 - Knowledge - INFO - Fast-tracked /app/data/T0002/186251/b16203w/SQLPage-186251/examples/web servers - apache/docker-compose.yml (ext=.yml, size=719)
2025-12-12 13:46:59,949 - Knowledge - INFO - Worker kw18 processing /app/data/T0002/186251/b16203w/SQLPage-186251/examples/corporate-conundrum/game-over.sql
2025-12-12 13:46:59,950 - Knowledge - INFO - Worker kw19 processing /app/data/T0002/186251/b16203w/SQLPage-186251/examples/corporate-conundrum/game.sql
2025-12-12 13:46:59,983 - Knowledge - INFO - Async storage completed for 15 embeddings
2025-12-12 13:47:00,024 - Knowledge - INFO - Fast-tracked /app/data/T0002/186251/b16203w/SQLPage-186251/examples/corporate-conundrum/game-over.sql (ext=.sql, size=1578)
2025-12-12 13:47:00,047 - Knowledge - INFO - Worker kw18 processing /app/data/T0002/186251/b16203w/SQLPage-186251/examples/corporate-conundrum/rules.sql
2025-12-12 13:47:00,128 - Knowledge - INFO - Fast-tracked /app/data/T0002/186251/b16203w/SQLPage-186251/examples/corporate-conundrum/game.sql (small file (2068 bytes))
2025-12-12 13:47:00,134 - Knowledge - INFO - Worker kw18 processing /app/data/T0002/186251/b16203w/SQLPage-186251/examples/corporate-conundrum/sqlpage/migrations/00_base_structure.sql
2025-12-12 13:47:00,163 - Knowledge - INFO - Worker kw18 processing /app/data/T0002/186251/b16203w/SQLPage-186251/examples/corporate-conundrum/sqlpage/migrations/01_questions.sql
2025-12-12 13:47:00,173 - Knowledge - INFO - Worker kw18 processing /app/data/T0002/186251/b16203w/SQLPage-186251/examples/corporate-conundrum/README.md
2025-12-12 13:47:00,223 - Knowledge - INFO - Fast-tracked /app/data/T0002/186251/b16203w/SQLPage-186251/examples/corporate-conundrum/README.md (ext=.md, size=3079)
2025-12-12 13:47:00,223 - Knowledge - INFO - Worker kw18 processing /app/data/T0002/186251/b16203w/SQLPage-186251/examples/corporate-conundrum/wait.sql
2025-12-12 13:47:00,256 - Knowledge - INFO - Fast-tracked /app/data/T0002/186251/b16203w/SQLPage-186251/examples/corporate-conundrum/wait.sql (ext=.sql, size=1326)
2025-12-12 13:47:00,257 - Knowledge - INFO - Worker kw18 processing /app/data/T0002/186251/b16203w/SQLPage-186251/examples/cards-with-remote-content/index.sql
2025-12-12 13:47:00,322 - Knowledge - INFO - Fast-tracked /app/data/T0002/186251/b16203w/SQLPage-186251/examples/cards-with-remote-content/index.sql (ext=.sql, size=658)
2025-12-12 13:47:00,364 - Knowledge - INFO - Worker kw18 processing /app/data/T0002/186251/b16203w/SQLPage-186251/examples/cards-with-remote-content/chart-example.sql
2025-12-12 13:47:00,371 - Knowledge - INFO - Fast-tracked /app/data/T0002/186251/b16203w/SQLPage-186251/examples/cards-with-remote-content/chart-example.sql (ext=.sql, size=735)
2025-12-12 13:47:00,377 - Knowledge - INFO - Async storage completed for 15 embeddings
2025-12-12 13:47:00,423 - Knowledge - INFO - Fast-tracked /app/data/T0002/186251/b16203w/SQLPage-186251/examples/corporate-conundrum/rules.sql (small file (2643 bytes))
2025-12-12 13:47:00,479 - Knowledge - INFO - Fast-tracked /app/data/T0002/186251/b16203w/SQLPage-186251/examples/corporate-conundrum/sqlpage/migrations/00_base_structure.sql (small file (2074 bytes))
2025-12-12 13:47:01,443 - Knowledge - INFO - process ingested knowledge for /app/data/T0002/186251/b16203w/SQLPage-186251/configuration.md
2025-12-12 13:47:01,531 - Knowledge - INFO - process ingested knowledge for /app/data/T0002/186251/b16203w/SQLPage-186251/tests/end-to-end/official-site.spec.ts
2025-12-12 13:47:01,537 - Knowledge - INFO - Processing batch of 20 files
2025-12-12 13:47:01,551 - Knowledge - INFO - process ingested knowledge for /app/data/T0002/186251/b16203w/SQLPage-186251/sqlpage/sqlpage.js
2025-12-12 13:47:01,803 - Knowledge - INFO - [LLM_CALL] Completed: currencies_item_dml.sql:chunk1, Duration: 16350ms, PromptTokens: 2280, CompletionTokens: 184, Cost: $0.00030
2025-12-12 13:47:01,837 - Knowledge - INFO - done ingest for /app/data/T0002/186251/b16203w/SQLPage-186251/examples/CRUD - Authentication/www/currencies_item_dml.sql
2025-12-12 13:47:02,934 - Knowledge - INFO - process ingested knowledge for /app/data/T0002/186251/b16203w/SQLPage-186251/examples/user-authentication/protected_page.sql
2025-12-12 13:47:02,947 - Knowledge - INFO - process ingested knowledge for /app/data/T0002/186251/b16203w/SQLPage-186251/examples/modeling a many to many relationship with a form/sqlpage/migrations/00_schema.sql
2025-12-12 13:47:02,975 - Knowledge - INFO - process ingested knowledge for /app/data/T0002/186251/b16203w/SQLPage-186251/CONTRIBUTING.md
2025-12-12 13:47:03,787 - Knowledge - INFO - process ingested knowledge for /app/data/T0002/186251/b16203w/SQLPage-186251/sqlpage/sqlpage.css
2025-12-12 13:47:04,247 - Knowledge - INFO - [LLM_CALL] Completed: header_shell_session.sql:chunk1, Duration: 19276ms, PromptTokens: 3206, CompletionTokens: 263, Cost: $0.00043
2025-12-12 13:47:04,272 - Knowledge - INFO - done ingest for /app/data/T0002/186251/b16203w/SQLPage-186251/examples/CRUD - Authentication/www/header_shell_session.sql
2025-12-12 13:47:04,971 - Knowledge - INFO - [LLM_CALL] Completed: 01_questions.sql:chunk1, Duration: 4338ms, PromptTokens: 10934, CompletionTokens: 129, Cost: $0.00114
2025-12-12 13:47:05,028 - Knowledge - INFO - done ingest for /app/data/T0002/186251/b16203w/SQLPage-186251/examples/corporate-conundrum/sqlpage/migrations/01_questions.sql
2025-12-12 13:47:05,124 - Knowledge - INFO - Processing batch of 15 files
2025-12-12 13:47:05,124 - Knowledge - INFO - process ingested knowledge for /app/data/T0002/186251/b16203w/SQLPage-186251/examples/forms-with-multiple-steps/cookies/index.sql
2025-12-12 13:47:05,130 - Knowledge - INFO - process ingested knowledge for /app/data/T0002/186251/b16203w/SQLPage-186251/examples/user-authentication/signup.sql
2025-12-12 13:47:05,941 - Knowledge - INFO - [LLM_CALL] Completed: currencies_list.sql:chunk1, Duration: 21763ms, PromptTokens: 2112, CompletionTokens: 196, Cost: $0.00029
2025-12-12 13:47:05,959 - Knowledge - INFO - done ingest for /app/data/T0002/186251/b16203w/SQLPage-186251/examples/CRUD - Authentication/www/currencies_list.sql
2025-12-12 13:47:07,488 - Knowledge - INFO - process ingested knowledge for /app/data/T0002/186251/b16203w/SQLPage-186251/sqlpage/apexcharts.js
2025-12-12 13:47:09,038 - Knowledge - INFO - process ingested knowledge for /app/data/T0002/186251/b16203w/SQLPage-186251/examples/modeling a many to many relationship with a form/sqlpage/migrations/01_sample_data.sql
2025-12-12 13:47:09,122 - Knowledge - INFO - [WEBSOCKET] Sent: Type=progress_update, Size: 293, Duration: 0ms
2025-12-12 13:47:09,140 - Knowledge - INFO - process ingested knowledge for /app/data/T0002/186251/b16203w/SQLPage-186251/sqlpage/sqlpage.json
2025-12-12 13:47:09,141 - Knowledge - INFO - [WEBSOCKET] Sent: Type=unknown, Size: ?, Duration: 19ms
2025-12-12 13:47:09,235 - Knowledge - INFO - Progress: 56.1% | Files: 345/611 | Rate: 3.63 files/sec | Queue: 162
2025-12-12 13:47:09,646 - Knowledge - INFO - [LLM_CALL] Completed: http.rs:chunk1, Duration: 93458ms, PromptTokens: 10664, CompletionTokens: 1272, Cost: $0.00158
2025-12-12 13:47:09,652 - Knowledge - INFO - done ingest for /app/data/T0002/186251/b16203w/SQLPage-186251/src/webserver/http.rs
2025-12-12 13:47:09,758 - Knowledge - INFO - process ingested knowledge for /app/data/T0002/186251/b16203w/SQLPage-186251/examples/modeling a many to many relationship with a form/README.md
2025-12-12 13:47:09,871 - Knowledge - INFO - [LLM_CALL] Completed: migrations.rs:chunk1, Duration: 94329ms, PromptTokens: 2184, CompletionTokens: 422, Cost: $0.00039
2025-12-12 13:47:09,883 - Knowledge - INFO - done ingest for /app/data/T0002/186251/b16203w/SQLPage-186251/src/webserver/database/migrations.rs
2025-12-12 13:47:10,550 - Knowledge - INFO - Processing batch of 15 files
2025-12-12 13:47:10,560 - Knowledge - INFO - process ingested knowledge for /app/data/T0002/186251/b16203w/SQLPage-186251/examples/forms-with-multiple-steps/hidden/step_1.sql
2025-12-12 13:47:11,394 - Knowledge - INFO - [LLM_CALL] Completed: intro.sql:chunk1, Duration: 26614ms, PromptTokens: 4474, CompletionTokens: 358, Cost: $0.00059
2025-12-12 13:47:11,395 - Knowledge - INFO - done ingest for /app/data/T0002/186251/b16203w/SQLPage-186251/examples/CRUD - Authentication/www/intro.sql
2025-12-12 13:47:11,522 - Knowledge - INFO - process ingested knowledge for /app/data/T0002/186251/b16203w/SQLPage-186251/examples/forms-with-multiple-steps/cookies/step_2.sql
2025-12-12 13:47:11,542 - Knowledge - INFO - process ingested knowledge for /app/data/T0002/186251/b16203w/SQLPage-186251/sqlpage/migrations/README.md
2025-12-12 13:47:11,555 - Knowledge - INFO - [kw8] Queue=162, InProgress=0, PendingWorkers=20/20, Completed=352/611 (57.6%)
2025-12-12 13:47:11,669 - Knowledge - INFO - Batch sizing: calculated=12, max_allowed=25, queue=162, active_workers=20/20
2025-12-12 13:47:12,276 - Knowledge - INFO - [LLM_CALL] Completed: currencies_item_form.sql:chunk1, Duration: 27752ms, PromptTokens: 5128, CompletionTokens: 225, Cost: $0.00060
2025-12-12 13:47:12,276 - Knowledge - INFO - done ingest for /app/data/T0002/186251/b16203w/SQLPage-186251/examples/CRUD - Authentication/www/currencies_item_form.sql
2025-12-12 13:47:12,333 - Knowledge - INFO - process ingested knowledge for /app/data/T0002/186251/b16203w/SQLPage-186251/examples/roundest_pokemon_rating/src/results.sql
2025-12-12 13:47:13,053 - Knowledge - INFO - process ingested knowledge for /app/data/T0002/186251/b16203w/SQLPage-186251/examples/user-authentication/signin.sql
2025-12-12 13:47:13,079 - Knowledge - INFO - Processing batch of 12 files
2025-12-12 13:47:13,080 - Knowledge - INFO - process ingested knowledge for /app/data/T0002/186251/b16203w/SQLPage-186251/examples/CRUD - Authentication/sqlpage/migrations/0007_currencies.sql
2025-12-12 13:47:13,104 - Knowledge - INFO - process ingested knowledge for /app/data/T0002/186251/b16203w/SQLPage-186251/examples/forms-with-multiple-steps/hidden/index.sql
2025-12-12 13:47:14,562 - Knowledge - INFO - process ingested knowledge for /app/data/T0002/186251/b16203w/SQLPage-186251/examples/roundest_pokemon_rating/src/populate.sql
2025-12-12 13:47:14,623 - Knowledge - INFO - process ingested knowledge for /app/data/T0002/186251/b16203w/SQLPage-186251/examples/user-authentication/index.sql
2025-12-12 13:47:14,684 - Knowledge - INFO - Async storing batch of 20 embeddings
2025-12-12 13:47:14,722 - Knowledge - INFO - Worker kw8 processing /app/data/T0002/186251/b16203w/SQLPage-186251/examples/cards-with-remote-content/map-example.sql
2025-12-12 13:47:14,728 - Knowledge - INFO - process ingested knowledge for /app/data/T0002/186251/b16203w/SQLPage-186251/examples/CRUD - Authentication/README.md
2025-12-12 13:47:14,749 - Knowledge - INFO - Fast-tracked /app/data/T0002/186251/b16203w/SQLPage-186251/examples/cards-with-remote-content/map-example.sql (ext=.sql, size=146)
2025-12-12 13:47:14,765 - Knowledge - INFO - process ingested knowledge for /app/data/T0002/186251/b16203w/SQLPage-186251/CHANGELOG.md
2025-12-12 13:47:14,855 - Knowledge - INFO - Worker kw8 processing /app/data/T0002/186251/b16203w/SQLPage-186251/examples/cards-with-remote-content/README.md
2025-12-12 13:47:15,127 - Knowledge - INFO - Fast-tracked /app/data/T0002/186251/b16203w/SQLPage-186251/examples/cards-with-remote-content/README.md (ext=.md, size=283)
2025-12-12 13:47:15,133 - Knowledge - INFO - Worker kw8 processing /app/data/T0002/186251/b16203w/SQLPage-186251/examples/cards-with-remote-content/table-example.sql
2025-12-12 13:47:15,171 - Knowledge - INFO - Fast-tracked /app/data/T0002/186251/b16203w/SQLPage-186251/examples/cards-with-remote-content/table-example.sql (ext=.sql, size=260)
2025-12-12 13:47:15,192 - Knowledge - INFO - Worker kw8 processing /app/data/T0002/186251/b16203w/SQLPage-186251/examples/plots tables and forms/index.sql
2025-12-12 13:47:15,255 - Knowledge - INFO - Worker kw8 processing /app/data/T0002/186251/b16203w/SQLPage-186251/examples/plots tables and forms/README.md
2025-12-12 13:47:15,276 - Knowledge - INFO - Fast-tracked /app/data/T0002/186251/b16203w/SQLPage-186251/examples/plots tables and forms/README.md (ext=.md, size=293)
2025-12-12 13:47:15,276 - Knowledge - INFO - Worker kw8 processing /app/data/T0002/186251/b16203w/SQLPage-186251/examples/official-site/colors.sql
2025-12-12 13:47:15,369 - Knowledge - INFO - Worker kw8 processing /app/data/T0002/186251/b16203w/SQLPage-186251/examples/official-site/performance.sql
2025-12-12 13:47:15,522 - Knowledge - INFO - Worker kw8 processing /app/data/T0002/186251/b16203w/SQLPage-186251/examples/official-site/documentation.sql
2025-12-12 13:47:15,622 - Knowledge - INFO - Worker kw8 processing /app/data/T0002/186251/b16203w/SQLPage-186251/examples/official-site/llms.txt.sql
2025-12-12 13:47:15,655 - Knowledge - INFO - process ingested knowledge for /app/data/T0002/186251/b16203w/SQLPage-186251/examples/forms-with-multiple-steps/hidden/step_2.sql
2025-12-12 13:47:15,680 - Knowledge - INFO - Worker kw8 processing /app/data/T0002/186251/b16203w/SQLPage-186251/examples/official-site/search.sql
2025-12-12 13:47:15,823 - Knowledge - INFO - Worker kw8 processing /app/data/T0002/186251/b16203w/SQLPage-186251/examples/official-site/components.sql
2025-12-12 13:47:15,851 - Knowledge - INFO - Fast-tracked /app/data/T0002/186251/b16203w/SQLPage-186251/examples/official-site/components.sql (ext=.sql, size=61)
2025-12-12 13:47:15,867 - Knowledge - INFO - Worker kw8 processing /app/data/T0002/186251/b16203w/SQLPage-186251/examples/official-site/get_started.sql
2025-12-12 13:47:15,922 - Knowledge - INFO - Fast-tracked /app/data/T0002/186251/b16203w/SQLPage-186251/examples/official-site/get_started.sql (ext=.sql, size=67)
2025-12-12 13:47:15,961 - Knowledge - INFO - Async storage completed for 20 embeddings
2025-12-12 13:47:16,262 - Knowledge - INFO - process ingested knowledge for /app/data/T0002/186251/b16203w/SQLPage-186251/examples/forms-with-multiple-steps/cookies/finish.sql
2025-12-12 13:47:16,755 - Knowledge - INFO - process ingested knowledge for /app/data/T0002/186251/b16203w/SQLPage-186251/sqlpage/tomselect.js
2025-12-12 13:47:16,765 - Knowledge - INFO - process ingested knowledge for /app/data/T0002/186251/b16203w/SQLPage-186251/examples/user-authentication/generate_password_hash.sql
2025-12-12 13:47:17,449 - Knowledge - INFO - Fast-tracked /app/data/T0002/186251/b16203w/SQLPage-186251/examples/official-site/documentation.sql (small file (2705 bytes))
2025-12-12 13:47:18,429 - Knowledge - INFO - process ingested knowledge for /app/data/T0002/186251/b16203w/SQLPage-186251/examples/charts, computations and custom components/taptempo.sql
2025-12-12 13:47:19,045 - Knowledge - INFO - process ingested knowledge for /app/data/T0002/186251/b16203w/SQLPage-186251/examples/forms-with-multiple-steps/hidden/finish.sql
2025-12-12 13:47:19,464 - Knowledge - INFO - [LLM_CALL] Completed: response_writer.rs:chunk1, Duration: 103988ms, PromptTokens: 3024, CompletionTokens: 636, Cost: $0.00056
2025-12-12 13:47:19,474 - Knowledge - INFO - done ingest for /app/data/T0002/186251/b16203w/SQLPage-186251/src/webserver/response_writer.rs
2025-12-12 13:47:19,489 - Knowledge - INFO - process ingested knowledge for /app/data/T0002/186251/b16203w/SQLPage-186251/examples/sending emails/index.sql
2025-12-12 13:47:20,072 - Knowledge - INFO - Processing batch of 12 files
2025-12-12 13:47:20,076 - Knowledge - INFO - process ingested knowledge for /app/data/T0002/186251/b16203w/SQLPage-186251/examples/user-authentication/sqlpage/migrations/0001_create_admin_user.sql
2025-12-12 13:47:20,084 - Knowledge - INFO - process ingested knowledge for /app/data/T0002/186251/b16203w/SQLPage-186251/examples/single sign on/keycloak-configuration.json
2025-12-12 13:47:20,084 - Knowledge - INFO - process ingested knowledge for /app/data/T0002/186251/b16203w/SQLPage-186251/examples/corporate-conundrum/New Game.sql
2025-12-12 13:47:20,165 - Knowledge - INFO - [LLM_CALL] Completed: app_config.rs:chunk1, Duration: 104227ms, PromptTokens: 14374, CompletionTokens: 901, Cost: $0.00180
2025-12-12 13:47:20,270 - Knowledge - INFO - done ingest for /app/data/T0002/186251/b16203w/SQLPage-186251/src/app_config.rs
2025-12-12 13:47:20,622 - Knowledge - INFO - process ingested knowledge for /app/data/T0002/186251/b16203w/SQLPage-186251/examples/forms-with-multiple-steps/index.sql
2025-12-12 13:47:21,940 - Knowledge - INFO - process ingested knowledge for /app/data/T0002/186251/b16203w/SQLPage-186251/sqlpage/templates/README.md
2025-12-12 13:47:21,973 - Knowledge - INFO - [LLM_CALL] Completed: syntax_tree.rs:chunk1, Duration: 106338ms, PromptTokens: 6106, CompletionTokens: 635, Cost: $0.00086
2025-12-12 13:47:22,027 - Knowledge - INFO - done ingest for /app/data/T0002/186251/b16203w/SQLPage-186251/src/webserver/database/syntax_tree.rs
2025-12-12 13:47:22,446 - Knowledge - INFO - process ingested knowledge for /app/data/T0002/186251/b16203w/SQLPage-186251/examples/roundest_pokemon_rating/src/vote.sql
2025-12-12 13:47:22,479 - Knowledge - INFO - process ingested knowledge for /app/data/T0002/186251/b16203w/SQLPage-186251/examples/user-authentication/sqlpage/migrations/0000_init.sql
2025-12-12 13:47:23,499 - Knowledge - INFO - process ingested knowledge for /app/data/T0002/186251/b16203w/SQLPage-186251/examples/forms-with-multiple-steps/database/step_3.sql
2025-12-12 13:47:23,534 - Knowledge - INFO - [LLM_CALL] Completed: sql.rs:chunk1, Duration: 107397ms, PromptTokens: 28080, CompletionTokens: 1426, Cost: $0.00338
2025-12-12 13:47:23,548 - Knowledge - INFO - done ingest for /app/data/T0002/186251/b16203w/SQLPage-186251/src/webserver/database/sql.rs
2025-12-12 13:47:23,549 - Knowledge - INFO - process ingested knowledge for /app/data/T0002/186251/b16203w/SQLPage-186251/examples/sending emails/email.sql
2025-12-12 13:47:24,101 - Knowledge - INFO - process ingested knowledge for /app/data/T0002/186251/b16203w/SQLPage-186251/README.md
2025-12-12 13:47:24,107 - Knowledge - INFO - [WEBSOCKET] Sent: Type=progress_update, Size: 293, Duration: 0ms
2025-12-12 13:47:24,123 - Knowledge - INFO - process ingested knowledge for /app/data/T0002/186251/b16203w/SQLPage-186251/examples/roundest_pokemon_rating/src/index.sql
2025-12-12 13:47:24,167 - Knowledge - INFO - process ingested knowledge for /app/data/T0002/186251/b16203w/SQLPage-186251/examples/corporate-conundrum/next-question.sql
2025-12-12 13:47:24,229 - Knowledge - INFO - [WEBSOCKET] Sent: Type=unknown, Size: ?, Duration: 122ms
2025-12-12 13:47:24,460 - Knowledge - INFO - Progress: 61.4% | Files: 375/611 | Rate: 3.41 files/sec | Queue: 150
2025-12-12 13:47:25,238 - Knowledge - INFO - process ingested knowledge for /app/data/T0002/186251/b16203w/SQLPage-186251/examples/charts, computations and custom components/index.sql
2025-12-12 13:47:25,275 - Knowledge - INFO - process ingested knowledge for /app/data/T0002/186251/b16203w/SQLPage-186251/examples/single sign on/docker-compose.yaml
2025-12-12 13:47:26,260 - Knowledge - INFO - process ingested knowledge for /app/data/T0002/186251/b16203w/SQLPage-186251/examples/corporate-conundrum/index.sql
2025-12-12 13:47:26,335 - Knowledge - INFO - [kw5] Queue=150, InProgress=0, PendingWorkers=20/20, Completed=380/611 (62.2%)
2025-12-12 13:47:26,438 - Knowledge - INFO - process ingested knowledge for /app/data/T0002/186251/b16203w/SQLPage-186251/examples/sending emails/README.md
2025-12-12 13:47:26,457 - Knowledge - INFO - Batch sizing: calculated=12, max_allowed=25, queue=150, active_workers=20/20
2025-12-12 13:47:26,467 - Knowledge - INFO - process ingested knowledge for /app/data/T0002/186251/b16203w/SQLPage-186251/examples/forms-with-multiple-steps/database/step_1.sql
2025-12-12 13:47:26,865 - Knowledge - INFO - [LLM_CALL] Completed: csv_import.rs:chunk1, Duration: 111213ms, PromptTokens: 6826, CompletionTokens: 803, Cost: $0.00100
2025-12-12 13:47:26,953 - Knowledge - INFO - done ingest for /app/data/T0002/186251/b16203w/SQLPage-186251/src/webserver/database/csv_import.rs
2025-12-12 13:47:27,178 - Knowledge - INFO - process ingested knowledge for /app/data/T0002/186251/b16203w/SQLPage-186251/examples/charts, computations and custom components/sqlpage/migrations/000_init.sql
2025-12-12 13:47:27,222 - Knowledge - INFO - process ingested knowledge for /app/data/T0002/186251/b16203w/SQLPage-186251/tests/it_works.txt
2025-12-12 13:47:27,248 - Knowledge - INFO - process ingested knowledge for /app/data/T0002/186251/b16203w/SQLPage-186251/examples/roundest_pokemon_rating/sqlpage/migrations/0000_pokemon_table.sql
2025-12-12 13:47:28,044 - Knowledge - INFO - process ingested knowledge for /app/data/T0002/186251/b16203w/SQLPage-186251/examples/corporate-conundrum/question.sql
2025-12-12 13:47:29,277 - Knowledge - INFO - process ingested knowledge for /app/data/T0002/186251/b16203w/SQLPage-186251/examples/forms-with-multiple-steps/database/index.sql
2025-12-12 13:47:29,277 - Knowledge - INFO - Async storing batch of 20 embeddings
2025-12-12 13:47:29,345 - Knowledge - INFO - Worker kw5 processing /app/data/T0002/186251/b16203w/SQLPage-186251/examples/official-site/manual_setup.sql
2025-12-12 13:47:29,436 - Knowledge - INFO - Fast-tracked /app/data/T0002/186251/b16203w/SQLPage-186251/examples/official-site/manual_setup.sql (ext=.sql, size=58)
2025-12-12 13:47:29,437 - Knowledge - INFO - Worker kw5 processing /app/data/T0002/186251/b16203w/SQLPage-186251/examples/official-site/extensions-to-sql.md
2025-12-12 13:47:29,527 - Knowledge - INFO - Fast-tracked /app/data/T0002/186251/b16203w/SQLPage-186251/examples/official-site/extensions-to-sql.md (ext=.md, size=9060)
2025-12-12 13:47:29,566 - Knowledge - INFO - Worker kw5 processing /app/data/T0002/186251/b16203w/SQLPage-186251/examples/official-site/component_not_found.sql
2025-12-12 13:47:29,655 - Knowledge - INFO - Fast-tracked /app/data/T0002/186251/b16203w/SQLPage-186251/examples/official-site/component_not_found.sql (ext=.sql, size=1567)
2025-12-12 13:47:29,655 - Knowledge - INFO - Worker kw5 processing /app/data/T0002/186251/b16203w/SQLPage-186251/examples/official-site/blog.sql
2025-12-12 13:47:29,740 - Knowledge - INFO - Fast-tracked /app/data/T0002/186251/b16203w/SQLPage-186251/examples/official-site/blog.sql (ext=.sql, size=824)
2025-12-12 13:47:29,773 - Knowledge - INFO - Worker kw5 processing /app/data/T0002/186251/b16203w/SQLPage-186251/examples/official-site/index-old.sql
2025-12-12 13:47:29,902 - Knowledge - INFO - Worker kw5 processing /app/data/T0002/186251/b16203w/SQLPage-186251/examples/official-site/safety.sql
2025-12-12 13:47:29,945 - Knowledge - INFO - Worker kw5 processing /app/data/T0002/186251/b16203w/SQLPage-186251/examples/official-site/pricing.sql
2025-12-12 13:47:29,969 - Knowledge - INFO - Worker kw5 processing /app/data/T0002/186251/b16203w/SQLPage-186251/examples/official-site/404.sql
2025-12-12 13:47:30,041 - Knowledge - INFO - Fast-tracked /app/data/T0002/186251/b16203w/SQLPage-186251/examples/official-site/404.sql (ext=.sql, size=407)
2025-12-12 13:47:30,052 - Knowledge - INFO - Worker kw5 processing /app/data/T0002/186251/b16203w/SQLPage-186251/examples/official-site/index.sql
2025-12-12 13:47:30,063 - Knowledge - INFO - process ingested knowledge for /app/data/T0002/186251/b16203w/SQLPage-186251/examples/charts, computations and custom components/README.md
2025-12-12 13:47:30,092 - Knowledge - INFO - Fast-tracked /app/data/T0002/186251/b16203w/SQLPage-186251/examples/official-site/index.sql (ext=.sql, size=225)
2025-12-12 13:47:30,122 - Knowledge - INFO - Worker kw5 processing /app/data/T0002/186251/b16203w/SQLPage-186251/examples/official-site/rss.sql
2025-12-12 13:47:30,158 - Knowledge - INFO - process ingested knowledge for /app/data/T0002/186251/b16203w/SQLPage-186251/examples/roundest_pokemon_rating/README.md
2025-12-12 13:47:30,175 - Knowledge - INFO - Fast-tracked /app/data/T0002/186251/b16203w/SQLPage-186251/examples/official-site/rss.sql (ext=.sql, size=677)
2025-12-12 13:47:30,176 - Knowledge - INFO - Worker kw5 processing /app/data/T0002/186251/b16203w/SQLPage-186251/examples/official-site/custom_components.sql
2025-12-12 13:47:30,254 - Knowledge - INFO - Worker kw5 processing /app/data/T0002/186251/b16203w/SQLPage-186251/examples/official-site/your-first-sql-website/documentation.sql
2025-12-12 13:47:30,362 - Knowledge - INFO - Fast-tracked /app/data/T0002/186251/b16203w/SQLPage-186251/examples/official-site/your-first-sql-website/documentation.sql (ext=.sql, size=63)
2025-12-12 13:47:30,427 - Knowledge - INFO - Async storage completed for 20 embeddings
2025-12-12 13:47:30,835 - Knowledge - INFO - process ingested knowledge for /app/data/T0002/186251/b16203w/SQLPage-186251/examples/SQLPage developer user interface/sqlpage/sqlpage.json
2025-12-12 13:47:30,849 - Knowledge - INFO - process ingested knowledge for /app/data/T0002/186251/b16203w/SQLPage-186251/examples/single sign on/protected/index.sql
2025-12-12 13:47:30,922 - Knowledge - INFO - process ingested knowledge for /app/data/T0002/186251/b16203w/SQLPage-186251/examples/forms-with-multiple-steps/database/step_2.sql
2025-12-12 13:47:30,975 - Knowledge - INFO - process ingested knowledge for /app/data/T0002/186251/b16203w/SQLPage-186251/tests/uploads/upload_file_data_url_test.sql
2025-12-12 13:47:31,988 - Knowledge - INFO - process ingested knowledge for /app/data/T0002/186251/b16203w/SQLPage-186251/examples/corporate-conundrum/game-over.sql
2025-12-12 13:47:32,033 - Knowledge - INFO - process ingested knowledge for /app/data/T0002/186251/b16203w/SQLPage-186251/examples/master-detail-forms/insert_address.sql
2025-12-12 13:47:32,564 - Knowledge - INFO - [LLM_CALL] Completed: render.rs:chunk1, Duration: 116301ms, PromptTokens: 20726, CompletionTokens: 2479, Cost: $0.00306
2025-12-12 13:47:32,580 - Knowledge - INFO - done ingest for /app/data/T0002/186251/b16203w/SQLPage-186251/src/render.rs
2025-12-12 13:47:32,697 - Knowledge - INFO - Processing batch of 15 files
2025-12-12 13:47:32,722 - Knowledge - INFO - process ingested knowledge for /app/data/T0002/186251/b16203w/SQLPage-186251/examples/SQLPage developer user interface/website/js/code-editor.js
2025-12-12 13:47:33,203 - Knowledge - INFO - process ingested knowledge for /app/data/T0002/186251/b16203w/SQLPage-186251/examples/web servers - apache/static/index.html
2025-12-12 13:47:33,233 - Knowledge - INFO - process ingested knowledge for /app/data/T0002/186251/b16203w/SQLPage-186251/examples/SQLPage developer user interface/sqlpage/migrations/0000_create_sqlpage_files_table.sql
2025-12-12 13:47:33,240 - Knowledge - INFO - process ingested knowledge for /app/data/T0002/186251/b16203w/SQLPage-186251/examples/single sign on/index.sql
2025-12-12 13:47:33,284 - Knowledge - INFO - process ingested knowledge for /app/data/T0002/186251/b16203w/SQLPage-186251/examples/forms-with-multiple-steps/database/finish.sql
2025-12-12 13:47:33,324 - Knowledge - INFO - process ingested knowledge for /app/data/T0002/186251/b16203w/SQLPage-186251/examples/corporate-conundrum/rules.sql
2025-12-12 13:47:34,383 - Knowledge - INFO - process ingested knowledge for /app/data/T0002/186251/b16203w/SQLPage-186251/examples/SQLPage developer user interface/docker-compose.yml
2025-12-12 13:47:34,422 - Knowledge - INFO - Processing batch of 15 files
2025-12-12 13:47:34,430 - Knowledge - INFO - process ingested knowledge for /app/data/T0002/186251/b16203w/SQLPage-186251/examples/web servers - apache/sqlpage_config/sqlpage.json
2025-12-12 13:47:34,442 - Knowledge - INFO - process ingested knowledge for /app/data/T0002/186251/b16203w/SQLPage-186251/examples/CRUD - Authentication/www/currencies_list.sql
2025-12-12 13:47:34,994 - Knowledge - INFO - process ingested knowledge for /app/data/T0002/186251/b16203w/SQLPage-186251/examples/SQLPage developer user interface/sqlpage/migrations/00001_table_contents.sql
2025-12-12 13:47:35,043 - Knowledge - INFO - process ingested knowledge for /app/data/T0002/186251/b16203w/SQLPage-186251/examples/single sign on/sqlpage/sqlpage.yaml
2025-12-12 13:47:35,049 - Knowledge - INFO - process ingested knowledge for /app/data/T0002/186251/b16203w/SQLPage-186251/examples/forms-with-multiple-steps/sqlpage/migrations/01_users.sql
2025-12-12 13:47:35,765 - Knowledge - INFO - [LLM_CALL] Completed: performance.sql:chunk1, Duration: 18822ms, PromptTokens: 3258, CompletionTokens: 171, Cost: $0.00039
2025-12-12 13:47:35,765 - Knowledge - INFO - done ingest for /app/data/T0002/186251/b16203w/SQLPage-186251/examples/official-site/performance.sql
2025-12-12 13:47:36,626 - Knowledge - INFO - [LLM_CALL] Completed: connect.rs:chunk1, Duration: 120784ms, PromptTokens: 5300, CompletionTokens: 538, Cost: $0.00075
2025-12-12 13:47:36,627 - Knowledge - INFO - done ingest for /app/data/T0002/186251/b16203w/SQLPage-186251/src/webserver/database/connect.rs
2025-12-12 13:47:36,843 - Knowledge - INFO - process ingested knowledge for /app/data/T0002/186251/b16203w/SQLPage-186251/tests/uploads/uploaded_file_name_test.sql
2025-12-12 13:47:36,862 - Knowledge - INFO - process ingested knowledge for /app/data/T0002/186251/b16203w/SQLPage-186251/examples/simple-website-example/edit.sql
2025-12-12 13:47:38,286 - Knowledge - INFO - process ingested knowledge for /app/data/T0002/186251/b16203w/SQLPage-186251/examples/SQLPage developer user interface/README.md
2025-12-12 13:47:38,322 - Knowledge - INFO - process ingested knowledge for /app/data/T0002/186251/b16203w/SQLPage-186251/examples/master-detail-forms/edit_user.sql
2025-12-12 13:47:38,350 - Knowledge - INFO - process ingested knowledge for /app/data/T0002/186251/b16203w/SQLPage-186251/examples/forms-with-multiple-steps/sqlpage/migrations/02_database_persistence.sql
2025-12-12 13:47:38,373 - Knowledge - INFO - [WEBSOCKET] Sent: Type=progress_update, Size: 293, Duration: 0ms
2025-12-12 13:47:38,443 - Knowledge - INFO - [WEBSOCKET] Sent: Type=unknown, Size: ?, Duration: 70ms
2025-12-12 13:47:38,444 - Knowledge - INFO - Progress: 64.0% | Files: 391/611 | Rate: 3.18 files/sec | Queue: 138
2025-12-12 13:47:39,674 - Knowledge - INFO - process ingested knowledge for /app/data/T0002/186251/b16203w/SQLPage-186251/examples/web servers - apache/README.md
2025-12-12 13:47:39,675 - Knowledge - INFO - process ingested knowledge for /app/data/T0002/186251/b16203w/SQLPage-186251/tests/uploads/upload_file_test.sql
2025-12-12 13:47:39,879 - Knowledge - ERROR - Timeout processing /app/data/T0002/186251/b16203w/SQLPage-186251/src/templates.rs after 90s
2025-12-12 13:47:40,156 - Knowledge - INFO - [LLM_CALL] Completed: index.sql:chunk1, Duration: 24034ms, PromptTokens: 4508, CompletionTokens: 280, Cost: $0.00056
2025-12-12 13:47:40,164 - Knowledge - INFO - done ingest for /app/data/T0002/186251/b16203w/SQLPage-186251/examples/plots tables and forms/index.sql
2025-12-12 13:47:40,624 - Knowledge - INFO - [LLM_CALL] Completed: search.sql:chunk1, Duration: 22459ms, PromptTokens: 2528, CompletionTokens: 181, Cost: $0.00033
2025-12-12 13:47:40,630 - Knowledge - INFO - done ingest for /app/data/T0002/186251/b16203w/SQLPage-186251/examples/official-site/search.sql
2025-12-12 13:47:40,951 - Knowledge - INFO - process ingested knowledge for /app/data/T0002/186251/b16203w/SQLPage-186251/examples/single sign on/sqlpage/migrations/000_sessions.sql
2025-12-12 13:47:40,977 - Knowledge - INFO - process ingested knowledge for /app/data/T0002/186251/b16203w/SQLPage-186251/examples/corporate-conundrum/sqlpage/migrations/00_base_structure.sql
2025-12-12 13:47:41,029 - Knowledge - INFO - process ingested knowledge for /app/data/T0002/186251/b16203w/SQLPage-186251/examples/master-detail-forms/index.sql
2025-12-12 13:47:41,553 - Knowledge - INFO - process ingested knowledge for /app/data/T0002/186251/b16203w/SQLPage-186251/examples/CRUD - Authentication/www/currencies_item_form.sql
2025-12-12 13:47:41,564 - Knowledge - INFO - process ingested knowledge for /app/data/T0002/186251/b16203w/SQLPage-186251/examples/simple-website-example/table.sql
2025-12-12 13:47:41,581 - Knowledge - INFO - process ingested knowledge for /app/data/T0002/186251/b16203w/SQLPage-186251/tests/uploads/upload_file_runsql_test.sql
2025-12-12 13:47:42,047 - Knowledge - INFO - process ingested knowledge for /app/data/T0002/186251/b16203w/SQLPage-186251/examples/single sign on/README.md
2025-12-12 13:47:42,051 - Knowledge - INFO - [LLM_CALL] Completed: colors.sql:chunk1, Duration: 25586ms, PromptTokens: 3738, CompletionTokens: 286, Cost: $0.00049
2025-12-12 13:47:42,052 - Knowledge - INFO - process ingested knowledge for /app/data/T0002/186251/b16203w/SQLPage-186251/examples/forms-with-multiple-steps/README.md
2025-12-12 13:47:42,066 - Knowledge - INFO - process ingested knowledge for /app/data/T0002/186251/b16203w/SQLPage-186251/examples/master-detail-forms/insert_user.sql
2025-12-12 13:47:42,068 - Knowledge - INFO - done ingest for /app/data/T0002/186251/b16203w/SQLPage-186251/examples/official-site/colors.sql
2025-12-12 13:47:42,286 - Knowledge - INFO - [LLM_CALL] Completed: safety.sql:chunk1, Duration: 11503ms, PromptTokens: 4286, CompletionTokens: 59, Cost: $0.00045
2025-12-12 13:47:42,296 - Knowledge - INFO - done ingest for /app/data/T0002/186251/b16203w/SQLPage-186251/examples/official-site/safety.sql
2025-12-12 13:47:42,646 - Knowledge - INFO - process ingested knowledge for /app/data/T0002/186251/b16203w/SQLPage-186251/examples/web servers - apache/website/index.sql
2025-12-12 13:47:43,163 - Knowledge - INFO - [LLM_CALL] Completed: llms.txt.sql:chunk1, Duration: 25319ms, PromptTokens: 3054, CompletionTokens: 347, Cost: $0.00044
2025-12-12 13:47:43,188 - Knowledge - INFO - done ingest for /app/data/T0002/186251/b16203w/SQLPage-186251/examples/official-site/llms.txt.sql
2025-12-12 13:47:43,425 - Knowledge - INFO - process ingested knowledge for /app/data/T0002/186251/b16203w/SQLPage-186251/examples/CRUD - Authentication/www/intro.sql
2025-12-12 13:47:43,437 - Knowledge - INFO - process ingested knowledge for /app/data/T0002/186251/b16203w/SQLPage-186251/examples/SQLPage developer user interface/website/view_table.sql
2025-12-12 13:47:43,448 - Knowledge - INFO - process ingested knowledge for /app/data/T0002/186251/b16203w/SQLPage-186251/tests/uploads/upload_csv_test.sql
2025-12-12 13:47:44,053 - Knowledge - INFO - process ingested knowledge for /app/data/T0002/186251/b16203w/SQLPage-186251/examples/single sign on/assets/homepage.md
2025-12-12 13:47:44,065 - Knowledge - INFO - process ingested knowledge for /app/data/T0002/186251/b16203w/SQLPage-186251/examples/forms-with-multiple-steps/cookies/step_3.sql
2025-12-12 13:47:44,074 - Knowledge - INFO - process ingested knowledge for /app/data/T0002/186251/b16203w/SQLPage-186251/examples/web servers - apache/docker-compose.yml
2025-12-12 13:47:44,238 - Knowledge - INFO - [kw10] Queue=138, InProgress=0, PendingWorkers=20/20, Completed=396/611 (64.8%)
2025-12-12 13:47:44,245 - Knowledge - INFO - process ingested knowledge for /app/data/T0002/186251/b16203w/SQLPage-186251/examples/simple-website-example/index.sql
2025-12-12 13:47:44,246 - Knowledge - INFO - Batch sizing: calculated=12, max_allowed=25, queue=138, active_workers=20/20
2025-12-12 13:47:44,257 - Knowledge - INFO - process ingested knowledge for /app/data/T0002/186251/b16203w/SQLPage-186251/examples/corporate-conundrum/sqlpage/migrations/01_questions.sql
2025-12-12 13:47:45,081 - Knowledge - INFO - [LLM_CALL] Completed: pricing.sql:chunk1, Duration: 13812ms, PromptTokens: 2466, CompletionTokens: 252, Cost: $0.00035
2025-12-12 13:47:45,084 - Knowledge - INFO - done ingest for /app/data/T0002/186251/b16203w/SQLPage-186251/examples/official-site/pricing.sql
2025-12-12 13:47:45,342 - Knowledge - INFO - process ingested knowledge for /app/data/T0002/186251/b16203w/SQLPage-186251/examples/forms-with-multiple-steps/cookies/step_1.sql
2025-12-12 13:47:45,344 - Knowledge - INFO - [kw13] Queue=138, InProgress=0, PendingWorkers=20/20, Completed=399/611 (65.3%)
2025-12-12 13:47:45,344 - Knowledge - INFO - Batch sizing: calculated=12, max_allowed=25, queue=138, active_workers=20/20
2025-12-12 13:47:45,350 - Knowledge - INFO - process ingested knowledge for /app/data/T0002/186251/b16203w/SQLPage-186251/examples/SQLPage developer user interface/website/edit.sql
2025-12-12 13:47:45,351 - Knowledge - INFO - process ingested knowledge for /app/data/T0002/186251/b16203w/SQLPage-186251/tests/uploads/mod.rs
2025-12-12 13:47:45,352 - Knowledge - INFO - process ingested knowledge for /app/data/T0002/186251/b16203w/SQLPage-186251/examples/single sign on/cas/logout.sql
2025-12-12 13:47:45,359 - Knowledge - INFO - [kw7] Queue=138, InProgress=0, PendingWorkers=20/20, Completed=399/611 (65.3%)
2025-12-12 13:47:45,365 - Knowledge - INFO - process ingested knowledge for /app/data/T0002/186251/b16203w/SQLPage-186251/examples/corporate-conundrum/README.md
2025-12-12 13:47:45,372 - Knowledge - INFO - [LLM_CALL] Completed: custom_components.sql:chunk1, Duration: 13535ms, PromptTokens: 4946, CompletionTokens: 269, Cost: $0.00060
2025-12-12 13:47:45,373 - Knowledge - INFO - Batch sizing: calculated=12, max_allowed=25, queue=138, active_workers=20/20
2025-12-12 13:47:45,376 - Knowledge - INFO - done ingest for /app/data/T0002/186251/b16203w/SQLPage-186251/examples/official-site/custom_components.sql
2025-12-12 13:47:46,342 - Knowledge - INFO - process ingested knowledge for /app/data/T0002/186251/b16203w/SQLPage-186251/examples/SQLPage developer user interface/website/insert_file.sql
2025-12-12 13:47:46,346 - Knowledge - INFO - process ingested knowledge for /app/data/T0002/186251/b16203w/SQLPage-186251/examples/simple-website-example/delete.sql
2025-12-12 13:47:46,348 - Knowledge - INFO - Async storing batch of 20 embeddings
2025-12-12 13:47:46,356 - Knowledge - INFO - process ingested knowledge for /app/data/T0002/186251/b16203w/SQLPage-186251/examples/corporate-conundrum/wait.sql
2025-12-12 13:47:46,356 - Knowledge - INFO - Async storing batch of 20 embeddings
2025-12-12 13:47:46,372 - Knowledge - INFO - Worker kw10 processing /app/data/T0002/186251/b16203w/SQLPage-186251/examples/official-site/your-first-sql-website/migrations.md
2025-12-12 13:47:46,446 - Knowledge - INFO - Worker kw7 processing /app/data/T0002/186251/b16203w/SQLPage-186251/examples/official-site/visual-identity.sql
2025-12-12 13:47:46,557 - Knowledge - INFO - Fast-tracked /app/data/T0002/186251/b16203w/SQLPage-186251/examples/official-site/your-first-sql-website/migrations.md (ext=.md, size=6254)
2025-12-12 13:47:46,568 - Knowledge - INFO - Worker kw10 processing /app/data/T0002/186251/b16203w/SQLPage-186251/examples/official-site/your-first-sql-website/tutorial-install-any.md
2025-12-12 13:47:46,585 - Knowledge - INFO - Worker kw7 processing /app/data/T0002/186251/b16203w/SQLPage-186251/examples/official-site/get started.sql
2025-12-12 13:47:46,591 - Knowledge - INFO - Fast-tracked /app/data/T0002/186251/b16203w/SQLPage-186251/examples/official-site/your-first-sql-website/tutorial-install-any.md (ext=.md, size=1778)
2025-12-12 13:47:46,634 - Knowledge - INFO - Worker kw10 processing /app/data/T0002/186251/b16203w/SQLPage-186251/examples/official-site/your-first-sql-website/nginx.sql
2025-12-12 13:47:46,646 - Knowledge - INFO - Fast-tracked /app/data/T0002/186251/b16203w/SQLPage-186251/examples/official-site/your-first-sql-website/nginx.sql (ext=.sql, size=327)
2025-12-12 13:47:46,647 - Knowledge - INFO - Fast-tracked /app/data/T0002/186251/b16203w/SQLPage-186251/examples/official-site/get started.sql (ext=.sql, size=67)
2025-12-12 13:47:46,656 - Knowledge - INFO - Worker kw10 processing /app/data/T0002/186251/b16203w/SQLPage-186251/examples/official-site/your-first-sql-website/index.sql
2025-12-12 13:47:46,728 - Knowledge - INFO - Worker kw7 processing /app/data/T0002/186251/b16203w/SQLPage-186251/examples/official-site/sso/index.sql
2025-12-12 13:47:46,838 - Knowledge - INFO - Worker kw10 processing /app/data/T0002/186251/b16203w/SQLPage-186251/examples/official-site/your-first-sql-website/custom_urls.sql
2025-12-12 13:47:46,849 - Knowledge - INFO - Worker kw10 processing /app/data/T0002/186251/b16203w/SQLPage-186251/examples/official-site/your-first-sql-website/hosted.sql
2025-12-12 13:47:46,856 - Knowledge - INFO - Fast-tracked /app/data/T0002/186251/b16203w/SQLPage-186251/examples/official-site/sso/index.sql (ext=.sql, size=396)
2025-12-12 13:47:46,947 - Knowledge - INFO - Fast-tracked /app/data/T0002/186251/b16203w/SQLPage-186251/examples/official-site/your-first-sql-website/hosted.sql (ext=.sql, size=1382)
2025-12-12 13:47:46,963 - Knowledge - INFO - [LLM_CALL] Completed: function_traits.rs:chunk1, Duration: 131133ms, PromptTokens: 3386, CompletionTokens: 550, Cost: $0.00056
2025-12-12 13:47:46,970 - Knowledge - INFO - Worker kw7 processing /app/data/T0002/186251/b16203w/SQLPage-186251/examples/official-site/sso/single_sign_on.md
2025-12-12 13:47:46,977 - Knowledge - INFO - Worker kw10 processing /app/data/T0002/186251/b16203w/SQLPage-186251/examples/official-site/your-first-sql-website/nginx.md
2025-12-12 13:47:46,978 - Knowledge - INFO - done ingest for /app/data/T0002/186251/b16203w/SQLPage-186251/src/webserver/database/sqlpage_functions/function_traits.rs
2025-12-12 13:47:47,039 - Knowledge - INFO - Fast-tracked /app/data/T0002/186251/b16203w/SQLPage-186251/examples/official-site/sso/single_sign_on.md (ext=.md, size=7732)
2025-12-12 13:47:47,050 - Knowledge - INFO - Worker kw7 processing /app/data/T0002/186251/b16203w/SQLPage-186251/examples/official-site/pgconf/script.js
2025-12-12 13:47:47,060 - Knowledge - INFO - Fast-tracked /app/data/T0002/186251/b16203w/SQLPage-186251/examples/official-site/your-first-sql-website/nginx.md (ext=.md, size=13009)
2025-12-12 13:47:47,067 - Knowledge - INFO - Fast-tracked /app/data/T0002/186251/b16203w/SQLPage-186251/examples/official-site/pgconf/script.js (ext=.js, size=1739370)
2025-12-12 13:47:47,067 - Knowledge - INFO - Worker kw10 processing /app/data/T0002/186251/b16203w/SQLPage-186251/examples/official-site/your-first-sql-website/tutorial.md
2025-12-12 13:47:47,122 - Knowledge - INFO - Worker kw7 processing /app/data/T0002/186251/b16203w/SQLPage-186251/examples/official-site/pgconf/pgconf-2023.html
2025-12-12 13:47:47,160 - Knowledge - INFO - Fast-tracked /app/data/T0002/186251/b16203w/SQLPage-186251/examples/official-site/your-first-sql-website/tutorial.md (ext=.md, size=11883)
2025-12-12 13:47:47,193 - Knowledge - INFO - Fast-tracked /app/data/T0002/186251/b16203w/SQLPage-186251/examples/official-site/pgconf/pgconf-2023.html (ext=.html, size=443218)
2025-12-12 13:47:47,194 - Knowledge - INFO - process ingested knowledge for /app/data/T0002/186251/b16203w/SQLPage-186251/examples/CRUD - Authentication/www/index.sql
2025-12-12 13:47:47,204 - Knowledge - INFO - Worker kw10 processing /app/data/T0002/186251/b16203w/SQLPage-186251/examples/official-site/your-first-sql-website/migrations.sql
2025-12-12 13:47:47,235 - Knowledge - INFO - Worker kw7 processing /app/data/T0002/186251/b16203w/SQLPage-186251/examples/official-site/sqlpage/sqlpage.yaml
2025-12-12 13:47:47,289 - Knowledge - INFO - Fast-tracked /app/data/T0002/186251/b16203w/SQLPage-186251/examples/official-site/your-first-sql-website/migrations.sql (ext=.sql, size=385)
2025-12-12 13:47:47,333 - Knowledge - INFO - Worker kw10 processing /app/data/T0002/186251/b16203w/SQLPage-186251/examples/official-site/your-first-sql-website/tutorial-install-macos.md
2025-12-12 13:47:47,333 - Knowledge - INFO - Fast-tracked /app/data/T0002/186251/b16203w/SQLPage-186251/examples/official-site/sqlpage/sqlpage.yaml (ext=.yaml, size=294)
2025-12-12 13:47:47,334 - Knowledge - INFO - Worker kw7 processing /app/data/T0002/186251/b16203w/SQLPage-186251/examples/official-site/sqlpage/migrations/44_authentication_example.sql
2025-12-12 13:47:47,342 - Knowledge - INFO - Fast-tracked /app/data/T0002/186251/b16203w/SQLPage-186251/examples/official-site/your-first-sql-website/tutorial-install-macos.md (ext=.md, size=826)
2025-12-12 13:47:47,342 - Knowledge - INFO - Worker kw10 processing /app/data/T0002/186251/b16203w/SQLPage-186251/examples/official-site/your-first-sql-website/tutorial-install-windows.md
2025-12-12 13:47:47,423 - Knowledge - INFO - Fast-tracked /app/data/T0002/186251/b16203w/SQLPage-186251/examples/official-site/your-first-sql-website/tutorial-install-windows.md (ext=.md, size=831)
2025-12-12 13:47:47,425 - Knowledge - INFO - Worker kw10 processing /app/data/T0002/186251/b16203w/SQLPage-186251/examples/official-site/component.sql
2025-12-12 13:47:47,446 - Knowledge - INFO - Fast-tracked /app/data/T0002/186251/b16203w/SQLPage-186251/examples/official-site/sqlpage/migrations/44_authentication_example.sql (ext=.sql, size=698)
2025-12-12 13:47:47,477 - Knowledge - INFO - Worker kw7 processing /app/data/T0002/186251/b16203w/SQLPage-186251/examples/official-site/sqlpage/migrations/65_download.sql
2025-12-12 13:47:47,527 - Knowledge - INFO - Async storage completed for 20 embeddings
2025-12-12 13:47:47,538 - Knowledge - INFO - Worker kw7 processing /app/data/T0002/186251/b16203w/SQLPage-186251/examples/official-site/sqlpage/migrations/57_client_ip.sql
2025-12-12 13:47:47,552 - Knowledge - INFO - Fast-tracked /app/data/T0002/186251/b16203w/SQLPage-186251/examples/official-site/sqlpage/migrations/57_client_ip.sql (ext=.sql, size=1434)
2025-12-12 13:47:47,623 - Knowledge - INFO - Worker kw7 processing /app/data/T0002/186251/b16203w/SQLPage-186251/examples/official-site/sqlpage/migrations/27_protocol.sql
2025-12-12 13:47:47,723 - Knowledge - INFO - Fast-tracked /app/data/T0002/186251/b16203w/SQLPage-186251/examples/official-site/sqlpage/migrations/27_protocol.sql (ext=.sql, size=718)
2025-12-12 13:47:47,723 - Knowledge - INFO - Worker kw7 processing /app/data/T0002/186251/b16203w/SQLPage-186251/examples/official-site/sqlpage/migrations/09_redirect.sql
2025-12-12 13:47:47,750 - Knowledge - INFO - Async storing batch of 20 embeddings
2025-12-12 13:47:47,778 - Knowledge - INFO - Async storage completed for 20 embeddings
2025-12-12 13:47:47,804 - Knowledge - INFO - Worker kw13 processing /app/data/T0002/186251/b16203w/SQLPage-186251/examples/official-site/sqlpage/migrations/01_documentation.sql
2025-12-12 13:47:47,833 - Knowledge - INFO - Worker kw13 processing /app/data/T0002/186251/b16203w/SQLPage-186251/examples/official-site/sqlpage/migrations/67_hmac_function.sql
2025-12-12 13:47:47,864 - Knowledge - INFO - Fast-tracked /app/data/T0002/186251/b16203w/SQLPage-186251/examples/official-site/your-first-sql-website/custom_urls.sql (small file (2503 bytes))
2025-12-12 13:47:47,924 - Knowledge - INFO - Worker kw13 processing /app/data/T0002/186251/b16203w/SQLPage-186251/examples/official-site/sqlpage/migrations/13_tab.sql
2025-12-12 13:47:47,955 - Knowledge - INFO - [LLM_CALL] Completed: index-old.sql:chunk1, Duration: 17400ms, PromptTokens: 6716, CompletionTokens: 629, Cost: $0.00092
2025-12-12 13:47:47,956 - Knowledge - INFO - done ingest for /app/data/T0002/186251/b16203w/SQLPage-186251/examples/official-site/index-old.sql
2025-12-12 13:47:47,962 - Knowledge - INFO - Worker kw13 processing /app/data/T0002/186251/b16203w/SQLPage-186251/examples/official-site/sqlpage/migrations/12_blog.sql
2025-12-12 13:47:47,980 - Knowledge - INFO - Worker kw13 processing /app/data/T0002/186251/b16203w/SQLPage-186251/examples/official-site/sqlpage/migrations/68_login.sql
2025-12-12 13:47:48,031 - Knowledge - INFO - Worker kw13 processing /app/data/T0002/186251/b16203w/SQLPage-186251/examples/official-site/sqlpage/migrations/07_authentication.sql
2025-12-12 13:47:48,054 - Knowledge - INFO - [LLM_CALL] Completed: url_parameters.rs:chunk1, Duration: 132291ms, PromptTokens: 3792, CompletionTokens: 706, Cost: $0.00066
2025-12-12 13:47:48,055 - Knowledge - INFO - Worker kw13 processing /app/data/T0002/186251/b16203w/SQLPage-186251/examples/official-site/sqlpage/migrations/56_headers.sql
2025-12-12 13:47:48,061 - Knowledge - INFO - done ingest for /app/data/T0002/186251/b16203w/SQLPage-186251/src/webserver/database/sqlpage_functions/url_parameters.rs
2025-12-12 13:47:48,071 - Knowledge - INFO - process ingested knowledge for /app/data/T0002/186251/b16203w/SQLPage-186251/tests/requests/webhook_hmac.rs
2025-12-12 13:47:48,071 - Knowledge - INFO - process ingested knowledge for /app/data/T0002/186251/b16203w/SQLPage-186251/examples/SQLPage developer user interface/website/index.sql
2025-12-12 13:47:48,124 - Knowledge - INFO - process ingested knowledge for /app/data/T0002/186251/b16203w/SQLPage-186251/examples/simple-website-example/user.sql
2025-12-12 13:47:48,131 - Knowledge - INFO - process ingested knowledge for /app/data/T0002/186251/b16203w/SQLPage-186251/examples/cards-with-remote-content/index.sql
2025-12-12 13:47:48,163 - Knowledge - INFO - Fast-tracked /app/data/T0002/186251/b16203w/SQLPage-186251/examples/official-site/sqlpage/migrations/56_headers.sql (ext=.sql, size=1049)
2025-12-12 13:47:48,245 - Knowledge - INFO - Fast-tracked /app/data/T0002/186251/b16203w/SQLPage-186251/examples/official-site/sqlpage/migrations/09_redirect.sql (small file (2251 bytes))
2025-12-12 13:47:48,428 - Knowledge - INFO - Worker kw13 processing /app/data/T0002/186251/b16203w/SQLPage-186251/examples/official-site/sqlpage/migrations/49_big_number.sql
2025-12-12 13:47:48,435 - Knowledge - INFO - process ingested knowledge for /app/data/T0002/186251/b16203w/SQLPage-186251/examples/corporate-conundrum/game.sql
2025-12-12 13:47:48,467 - Knowledge - INFO - Worker kw13 processing /app/data/T0002/186251/b16203w/SQLPage-186251/examples/official-site/sqlpage/migrations/05_cookie.sql
2025-12-12 13:47:48,523 - Knowledge - INFO - Worker kw13 processing /app/data/T0002/186251/b16203w/SQLPage-186251/examples/official-site/sqlpage/migrations/38_run_sql.sql
2025-12-12 13:47:48,559 - Knowledge - INFO - Worker kw13 processing /app/data/T0002/186251/b16203w/SQLPage-186251/examples/official-site/sqlpage/migrations/10_map.sql
2025-12-12 13:47:48,571 - Knowledge - INFO - Worker kw13 processing /app/data/T0002/186251/b16203w/SQLPage-186251/examples/official-site/sqlpage/migrations/46_html.sql
2025-12-12 13:47:48,629 - Knowledge - INFO - Async storage completed for 20 embeddings
2025-12-12 13:47:48,671 - Knowledge - INFO - Split /app/data/T0002/186251/b16203w/SQLPage-186251/examples/official-site/sqlpage/migrations/01_documentation.sql (99321 bytes) into 4 chunks of ~32KB
2025-12-12 13:47:48,679 - Knowledge - INFO - process ingested knowledge for /app/data/T0002/186251/b16203w/SQLPage-186251/examples/single sign on/cas/index.sql
2025-12-12 13:47:49,595 - Knowledge - INFO - process ingested knowledge for /app/data/T0002/186251/b16203w/SQLPage-186251/examples/SQLPage developer user interface/website/delete.sql
2025-12-12 13:47:49,623 - Knowledge - INFO - process ingested knowledge for /app/data/T0002/186251/b16203w/SQLPage-186251/examples/simple-website-example/sqlpage/sqlpage.json
2025-12-12 13:47:49,639 - Knowledge - INFO - process ingested knowledge for /app/data/T0002/186251/b16203w/SQLPage-186251/examples/CRUD - Authentication/www/footer_debug_post-get-set.sql
2025-12-12 13:47:50,134 - Knowledge - INFO - process ingested knowledge for /app/data/T0002/186251/b16203w/SQLPage-186251/examples/single sign on/cas/redirect_handler.sql
2025-12-12 13:47:50,674 - Knowledge - INFO - process ingested knowledge for /app/data/T0002/186251/b16203w/SQLPage-186251/tests/requests/request_download_test.sql
2025-12-12 13:47:50,731 - Knowledge - INFO - process ingested knowledge for /app/data/T0002/186251/b16203w/SQLPage-186251/examples/cards-with-remote-content/chart-example.sql
2025-12-12 13:47:51,185 - Knowledge - INFO - process ingested knowledge for /app/data/T0002/186251/b16203w/SQLPage-186251/examples/simple-website-example/sqlpage/migrations/0001_create_users_table.sql
2025-12-12 13:47:52,699 - Knowledge - INFO - process ingested knowledge for /app/data/T0002/186251/b16203w/SQLPage-186251/tests/requests/mod.rs
2025-12-12 13:47:53,533 - Knowledge - INFO - process ingested knowledge for /app/data/T0002/186251/b16203w/SQLPage-186251/examples/CRUD - Authentication/www/header_shell_session.sql
2025-12-12 13:47:53,563 - Knowledge - INFO - process ingested knowledge for /app/data/T0002/186251/b16203w/SQLPage-186251/examples/simple-website-example/README.md
2025-12-12 13:47:54,982 - Knowledge - INFO - [LLM_CALL] Completed: 65_download.sql:chunk1, Duration: 6858ms, PromptTokens: 3322, CompletionTokens: 222, Cost: $0.00042
2025-12-12 13:47:55,032 - Knowledge - INFO - done ingest for /app/data/T0002/186251/b16203w/SQLPage-186251/examples/official-site/sqlpage/migrations/65_download.sql
2025-12-12 13:47:55,141 - Knowledge - INFO - process ingested knowledge for /app/data/T0002/186251/b16203w/SQLPage-186251/tests/requests/request_body_test.sql
2025-12-12 13:47:55,481 - Knowledge - INFO - [LLM_CALL] Completed: index.sql:chunk1, Duration: 7825ms, PromptTokens: 2948, CompletionTokens: 245, Cost: $0.00039
2025-12-12 13:47:55,482 - Knowledge - INFO - done ingest for /app/data/T0002/186251/b16203w/SQLPage-186251/examples/official-site/your-first-sql-website/index.sql
2025-12-12 13:47:56,128 - Knowledge - INFO - process ingested knowledge for /app/data/T0002/186251/b16203w/SQLPage-186251/examples/CRUD - Authentication/www/css/style.css
2025-12-12 13:47:56,148 - Knowledge - INFO - process ingested knowledge for /app/data/T0002/186251/b16203w/SQLPage-186251/examples/CRUD - Authentication/www/logout.sql
2025-12-12 13:47:56,689 - Knowledge - INFO - [LLM_CALL] Completed: component.sql:chunk1, Duration: 8726ms, PromptTokens: 3592, CompletionTokens: 218, Cost: $0.00045
2025-12-12 13:47:56,689 - Knowledge - INFO - done ingest for /app/data/T0002/186251/b16203w/SQLPage-186251/examples/official-site/component.sql
2025-12-12 13:47:57,559 - Knowledge - INFO - [LLM_CALL] Completed: visual-identity.sql:chunk1, Duration: 9594ms, PromptTokens: 6080, CompletionTokens: 362, Cost: $0.00075
2025-12-12 13:47:57,560 - Knowledge - INFO - done ingest for /app/data/T0002/186251/b16203w/SQLPage-186251/examples/official-site/visual-identity.sql
2025-12-12 13:47:58,352 - Knowledge - INFO - process ingested knowledge for /app/data/T0002/186251/b16203w/SQLPage-186251/tests/requests/request_body_base64_test.sql
2025-12-12 13:47:58,529 - Knowledge - INFO - [LLM_CALL] Completed: sql_to_json.rs:chunk1, Duration: 142955ms, PromptTokens: 14910, CompletionTokens: 896, Cost: $0.00185
2025-12-12 13:47:58,529 - Knowledge - INFO - done ingest for /app/data/T0002/186251/b16203w/SQLPage-186251/src/webserver/database/sql_to_json.rs
2025-12-12 13:47:59,724 - Knowledge - INFO - process ingested knowledge for /app/data/T0002/186251/b16203w/SQLPage-186251/examples/single sign on/cas/README.md
2025-12-12 13:47:59,765 - Knowledge - INFO - [LLM_CALL] Completed: 46_html.sql:chunk1, Duration: 9537ms, PromptTokens: 2444, CompletionTokens: 144, Cost: $0.00030
2025-12-12 13:47:59,780 - Knowledge - INFO - done ingest for /app/data/T0002/186251/b16203w/SQLPage-186251/examples/official-site/sqlpage/migrations/46_html.sql
2025-12-12 13:48:00,254 - Knowledge - INFO - process ingested knowledge for /app/data/T0002/186251/b16203w/SQLPage-186251/examples/CRUD - Authentication/www/css/prism-tabler-theme.css
2025-12-12 13:48:00,262 - Knowledge - INFO - process ingested knowledge for /app/data/T0002/186251/b16203w/SQLPage-186251/examples/CRUD - Authentication/www/menu_test/dummy.sql
2025-12-12 13:48:00,861 - Knowledge - INFO - [LLM_CALL] Completed: 05_cookie.sql:chunk1, Duration: 11120ms, PromptTokens: 2526, CompletionTokens: 147, Cost: $0.00031
2025-12-12 13:48:00,869 - Knowledge - INFO - done ingest for /app/data/T0002/186251/b16203w/SQLPage-186251/examples/official-site/sqlpage/migrations/05_cookie.sql
2025-12-12 13:48:01,658 - Knowledge - WARNING - File /app/data/T0002/186251/b16203w/SQLPage-186251/src/templates.rs not successfully processed
2025-12-12 13:48:02,027 - Knowledge - INFO - Processing batch of 12 files
2025-12-12 13:48:02,046 - Knowledge - INFO - process ingested knowledge for /app/data/T0002/186251/b16203w/SQLPage-186251/examples/cards-with-remote-content/map-example.sql
2025-12-12 13:48:05,373 - Knowledge - INFO - [WEBSOCKET] Sent: Type=progress_update, Size: 291, Duration: 0ms
2025-12-12 13:48:05,379 - Knowledge - INFO - process ingested knowledge for /app/data/T0002/186251/b16203w/SQLPage-186251/examples/CRUD - Authentication/www/create_session.sql
2025-12-12 13:48:05,430 - Knowledge - INFO - process ingested knowledge for /app/data/T0002/186251/b16203w/SQLPage-186251/examples/CRUD - Authentication/www/menu_test/dummy_menu.sql
2025-12-12 13:48:05,438 - Knowledge - INFO - [WEBSOCKET] Sent: Type=unknown, Size: ?, Duration: 65ms
2025-12-12 13:48:05,559 - Knowledge - INFO - Progress: 72.0% | Files: 440/611 | Rate: 3.05 files/sec | Queue: 102
2025-12-12 13:48:06,226 - Knowledge - INFO - [LLM_CALL] Completed: 13_tab.sql:chunk1, Duration: 17234ms, PromptTokens: 2860, CompletionTokens: 125, Cost: $0.00034
2025-12-12 13:48:06,260 - Knowledge - INFO - done ingest for /app/data/T0002/186251/b16203w/SQLPage-186251/examples/official-site/sqlpage/migrations/13_tab.sql
2025-12-12 13:48:07,973 - Knowledge - INFO - [LLM_CALL] Completed: 38_run_sql.sql:chunk1, Duration: 18026ms, PromptTokens: 2310, CompletionTokens: 262, Cost: $0.00034
2025-12-12 13:48:07,974 - Knowledge - INFO - done ingest for /app/data/T0002/186251/b16203w/SQLPage-186251/examples/official-site/sqlpage/migrations/38_run_sql.sql
2025-12-12 13:48:08,280 - Knowledge - INFO - [LLM_CALL] Completed: 12_blog.sql:chunk1, Duration: 19212ms, PromptTokens: 4372, CompletionTokens: 126, Cost: $0.00049
2025-12-12 13:48:08,281 - Knowledge - INFO - done ingest for /app/data/T0002/186251/b16203w/SQLPage-186251/examples/official-site/sqlpage/migrations/12_blog.sql
2025-12-12 13:48:09,372 - Knowledge - INFO - [LLM_CALL] Completed: 68_login.sql:chunk1, Duration: 20143ms, PromptTokens: 3110, CompletionTokens: 160, Cost: $0.00037
2025-12-12 13:48:09,373 - Knowledge - INFO - done ingest for /app/data/T0002/186251/b16203w/SQLPage-186251/examples/official-site/sqlpage/migrations/68_login.sql
2025-12-12 13:48:09,676 - Knowledge - INFO - Processing batch of 12 files
2025-12-12 13:48:09,682 - Knowledge - INFO - process ingested knowledge for /app/data/T0002/186251/b16203w/SQLPage-186251/examples/official-site/manual_setup.sql
2025-12-12 13:48:09,698 - Knowledge - INFO - [LLM_CALL] Completed: 49_big_number.sql:chunk1, Duration: 20074ms, PromptTokens: 2746, CompletionTokens: 59, Cost: $0.00030
2025-12-12 13:48:09,739 - Knowledge - INFO - done ingest for /app/data/T0002/186251/b16203w/SQLPage-186251/examples/official-site/sqlpage/migrations/49_big_number.sql
2025-12-12 13:48:09,773 - Knowledge - INFO - process ingested knowledge for /app/data/T0002/186251/b16203w/SQLPage-186251/examples/CRUD - Authentication/www/README.md
2025-12-12 13:48:09,958 - Knowledge - INFO - [LLM_CALL] Completed: 01_documentation.sql:chunk1, Duration: 21278ms, PromptTokens: 16838, CompletionTokens: 59, Cost: $0.00171
2025-12-12 13:48:10,576 - Knowledge - ERROR - Timeout processing /app/data/T0002/186251/b16203w/SQLPage-186251/src/webserver/oidc.rs after 90s
2025-12-12 13:48:10,597 - Knowledge - ERROR - Timeout processing /app/data/T0002/186251/b16203w/SQLPage-186251/src/webserver/http_request_info.rs after 90s
2025-12-12 13:48:10,623 - Knowledge - ERROR - Timeout processing /app/data/T0002/186251/b16203w/SQLPage-186251/src/webserver/database/sqlpage_functions/functions.rs after 90s
2025-12-12 13:48:10,773 - Knowledge - INFO - [LLM_CALL] Completed: 10_map.sql:chunk1, Duration: 20700ms, PromptTokens: 5288, CompletionTokens: 164, Cost: $0.00059
2025-12-12 13:48:10,775 - Knowledge - INFO - done ingest for /app/data/T0002/186251/b16203w/SQLPage-186251/examples/official-site/sqlpage/migrations/10_map.sql
2025-12-12 13:48:11,148 - Knowledge - INFO - [LLM_CALL] Completed: 67_hmac_function.sql:chunk1, Duration: 22323ms, PromptTokens: 3486, CompletionTokens: 299, Cost: $0.00047
2025-12-12 13:48:11,150 - Knowledge - INFO - done ingest for /app/data/T0002/186251/b16203w/SQLPage-186251/examples/official-site/sqlpage/migrations/67_hmac_function.sql
2025-12-12 13:48:11,384 - Knowledge - INFO - [LLM_CALL] Completed: 07_authentication.sql:chunk1, Duration: 22030ms, PromptTokens: 4386, CompletionTokens: 257, Cost: $0.00054
2025-12-12 13:48:11,387 - Knowledge - INFO - done ingest for /app/data/T0002/186251/b16203w/SQLPage-186251/examples/official-site/sqlpage/migrations/07_authentication.sql
2025-12-12 13:48:11,751 - Knowledge - INFO - process ingested knowledge for /app/data/T0002/186251/b16203w/SQLPage-186251/examples/official-site/extensions-to-sql.md
2025-12-12 13:48:11,883 - Knowledge - INFO - process ingested knowledge for /app/data/T0002/186251/b16203w/SQLPage-186251/examples/cards-with-remote-content/README.md
2025-12-12 13:48:11,884 - Knowledge - INFO - process ingested knowledge for /app/data/T0002/186251/b16203w/SQLPage-186251/examples/CRUD - Authentication/www/currencies_item_dml.sql
2025-12-12 13:48:11,911 - Knowledge - WARNING - File /app/data/T0002/186251/b16203w/SQLPage-186251/src/webserver/oidc.rs not successfully processed
2025-12-12 13:48:11,912 - Knowledge - WARNING - File /app/data/T0002/186251/b16203w/SQLPage-186251/src/webserver/http_request_info.rs not successfully processed
2025-12-12 13:48:12,422 - Knowledge - INFO - process ingested knowledge for /app/data/T0002/186251/b16203w/SQLPage-186251/examples/CRUD - Authentication/www/menu_test/menu_code.sql
2025-12-12 13:48:12,494 - Knowledge - INFO - process ingested knowledge for /app/data/T0002/186251/b16203w/SQLPage-186251/examples/cards-with-remote-content/table-example.sql
2025-12-12 13:48:12,494 - Knowledge - INFO - process ingested knowledge for /app/data/T0002/186251/b16203w/SQLPage-186251/examples/CRUD - Authentication/www/login.sql
2025-12-12 13:48:12,969 - Knowledge - INFO - process ingested knowledge for /app/data/T0002/186251/b16203w/SQLPage-186251/examples/official-site/component_not_found.sql
2025-12-12 13:48:12,970 - Knowledge - INFO - process ingested knowledge for /app/data/T0002/186251/b16203w/SQLPage-186251/examples/CRUD - Authentication/www/menu_test/menu_demo.sql
2025-12-12 13:48:13,106 - Knowledge - INFO - [kw11] Queue=102, InProgress=0, PendingWorkers=20/20, Completed=464/611 (75.9%)
2025-12-12 13:48:13,107 - Knowledge - INFO - Batch sizing: calculated=12, max_allowed=25, queue=102, active_workers=20/20
2025-12-12 13:48:13,108 - Knowledge - INFO - process ingested knowledge for /app/data/T0002/186251/b16203w/SQLPage-186251/examples/CRUD - Authentication/sqlpage/sqlpage.json
2025-12-12 13:48:13,241 - Knowledge - INFO - [LLM_CALL] Completed: 01_documentation.sql:chunk2, Duration: 3281ms, PromptTokens: 17770, CompletionTokens: 64, Cost: $0.00180
2025-12-12 13:48:13,675 - Knowledge - INFO - process ingested knowledge for /app/data/T0002/186251/b16203w/SQLPage-186251/examples/official-site/blog.sql
2025-12-12 13:48:13,765 - Knowledge - INFO - Async storing batch of 20 embeddings
2025-12-12 13:48:13,766 - Knowledge - INFO - process ingested knowledge for /app/data/T0002/186251/b16203w/SQLPage-186251/examples/plots tables and forms/index.sql
2025-12-12 13:48:13,767 - Knowledge - INFO - [WEBSOCKET] Sent: Type=progress_update, Size: 291, Duration: 0ms
2025-12-12 13:48:13,768 - Knowledge - INFO - process ingested knowledge for /app/data/T0002/186251/b16203w/SQLPage-186251/examples/CRUD - Authentication/sqlpage/migrations/0003_auth.sql
2025-12-12 13:48:13,769 - Knowledge - INFO - Worker kw11 processing /app/data/T0002/186251/b16203w/SQLPage-186251/examples/official-site/sqlpage/migrations/24_read_file_as_data_url.sql
2025-12-12 13:48:13,770 - Knowledge - INFO - [WEBSOCKET] Sent: Type=unknown, Size: ?, Duration: 4ms
2025-12-12 13:48:13,771 - Knowledge - INFO - Progress: 76.6% | Files: 469/611 | Rate: 2.92 files/sec | Queue: 90
2025-12-12 13:48:13,773 - Knowledge - INFO - Worker kw11 processing /app/data/T0002/186251/b16203w/SQLPage-186251/examples/official-site/sqlpage/migrations/28_tracking_component.sql
2025-12-12 13:48:13,775 - Knowledge - INFO - Worker kw11 processing /app/data/T0002/186251/b16203w/SQLPage-186251/examples/official-site/sqlpage/migrations/34_carousel.sql
2025-12-12 13:48:13,777 - Knowledge - INFO - Worker kw11 processing /app/data/T0002/186251/b16203w/SQLPage-186251/examples/official-site/sqlpage/migrations/18_button.sql
2025-12-12 13:48:13,780 - Knowledge - INFO - Worker kw11 processing /app/data/T0002/186251/b16203w/SQLPage-186251/examples/official-site/sqlpage/migrations/71_blog_pagination.sql
2025-12-12 13:48:13,782 - Knowledge - INFO - Worker kw11 processing /app/data/T0002/186251/b16203w/SQLPage-186251/examples/official-site/sqlpage/migrations/60_empty_state.sql
2025-12-12 13:48:13,785 - Knowledge - INFO - Worker kw11 processing /app/data/T0002/186251/b16203w/SQLPage-186251/examples/official-site/sqlpage/migrations/64_blog_routing.sql
2025-12-12 13:48:13,788 - Knowledge - INFO - Worker kw11 processing /app/data/T0002/186251/b16203w/SQLPage-186251/examples/official-site/sqlpage/migrations/06_debug.sql
2025-12-12 13:48:13,795 - Knowledge - INFO - Fast-tracked /app/data/T0002/186251/b16203w/SQLPage-186251/examples/official-site/sqlpage/migrations/06_debug.sql (ext=.sql, size=1113)
2025-12-12 13:48:13,796 - Knowledge - INFO - Worker kw11 processing /app/data/T0002/186251/b16203w/SQLPage-186251/examples/official-site/sqlpage/migrations/59_unsafe_contents_md.sql
2025-12-12 13:48:13,798 - Knowledge - INFO - Fast-tracked /app/data/T0002/186251/b16203w/SQLPage-186251/examples/official-site/sqlpage/migrations/59_unsafe_contents_md.sql (ext=.sql, size=488)
2025-12-12 13:48:13,799 - Knowledge - INFO - Worker kw11 processing /app/data/T0002/186251/b16203w/SQLPage-186251/examples/official-site/sqlpage/migrations/03_alert_component.sql
2025-12-12 13:48:13,801 - Knowledge - INFO - Worker kw11 processing /app/data/T0002/186251/b16203w/SQLPage-186251/examples/official-site/sqlpage/migrations/45_blog_archeology.sql
2025-12-12 13:48:13,804 - Knowledge - INFO - Worker kw11 processing /app/data/T0002/186251/b16203w/SQLPage-186251/examples/official-site/sqlpage/migrations/25_read_file_as_text.sql
2025-12-12 13:48:13,806 - Knowledge - INFO - Fast-tracked /app/data/T0002/186251/b16203w/SQLPage-186251/examples/official-site/sqlpage/migrations/25_read_file_as_text.sql (ext=.sql, size=1578)
2025-12-12 13:48:13,807 - Knowledge - INFO - Async storage completed for 20 embeddings
2025-12-12 13:48:13,809 - Knowledge - INFO - Fast-tracked /app/data/T0002/186251/b16203w/SQLPage-186251/examples/official-site/sqlpage/migrations/24_read_file_as_data_url.sql (small file (2393 bytes))
2025-12-12 13:48:13,841 - Knowledge - INFO - Fast-tracked /app/data/T0002/186251/b16203w/SQLPage-186251/examples/official-site/sqlpage/migrations/60_empty_state.sql (small file (2838 bytes))
2025-12-12 13:48:13,844 - Knowledge - INFO - Fast-tracked /app/data/T0002/186251/b16203w/SQLPage-186251/examples/official-site/sqlpage/migrations/64_blog_routing.sql (small file (2636 bytes))
2025-12-12 13:48:14,243 - Knowledge - INFO - Processing batch of 12 files
2025-12-12 13:48:14,243 - Knowledge - INFO - process ingested knowledge for /app/data/T0002/186251/b16203w/SQLPage-186251/examples/official-site/your-first-sql-website/migrations.md
2025-12-12 13:48:14,432 - Knowledge - INFO - process ingested knowledge for /app/data/T0002/186251/b16203w/SQLPage-186251/examples/plots tables and forms/README.md
2025-12-12 13:48:14,432 - Knowledge - INFO - process ingested knowledge for /app/data/T0002/186251/b16203w/SQLPage-186251/examples/CRUD - Authentication/sqlpage/migrations/0000_db_init.sql
2025-12-12 13:48:15,062 - Knowledge - INFO - [LLM_CALL] Completed: 01_documentation.sql:chunk3, Duration: 1818ms, PromptTokens: 16578, CompletionTokens: 64, Cost: $0.00168
2025-12-12 13:48:15,349 - Knowledge - INFO - [LLM_CALL] Completed: 28_tracking_component.sql:chunk1, Duration: 1536ms, PromptTokens: 2080, CompletionTokens: 59, Cost: $0.00023
2025-12-12 13:48:15,354 - Knowledge - INFO - done ingest for /app/data/T0002/186251/b16203w/SQLPage-186251/examples/official-site/sqlpage/migrations/28_tracking_component.sql
2025-12-12 13:48:15,383 - Knowledge - INFO - [LLM_CALL] Completed: 71_blog_pagination.sql:chunk1, Duration: 1550ms, PromptTokens: 4058, CompletionTokens: 59, Cost: $0.00043
2025-12-12 13:48:15,384 - Knowledge - INFO - done ingest for /app/data/T0002/186251/b16203w/SQLPage-186251/examples/official-site/sqlpage/migrations/71_blog_pagination.sql
2025-12-12 13:48:15,544 - Knowledge - INFO - Processing batch of 12 files
2025-12-12 13:48:15,544 - Knowledge - INFO - process ingested knowledge for /app/data/T0002/186251/b16203w/SQLPage-186251/examples/official-site/visual-identity.sql
2025-12-12 13:48:15,545 - Knowledge - INFO - Processing batch of 20 files
2025-12-12 13:48:15,546 - Knowledge - INFO - process ingested knowledge for /app/data/T0002/186251/b16203w/SQLPage-186251/examples/official-site/your-first-sql-website/tutorial-install-any.md
2025-12-12 13:48:15,546 - Knowledge - INFO - process ingested knowledge for /app/data/T0002/186251/b16203w/SQLPage-186251/src/webserver/database/execute_queries.rs
2025-12-12 13:48:15,767 - Knowledge - INFO - [kw9] Queue=90, InProgress=0, PendingWorkers=20/20, Completed=480/611 (78.6%)
2025-12-12 13:48:15,768 - Knowledge - INFO - process ingested knowledge for /app/data/T0002/186251/b16203w/SQLPage-186251/examples/official-site/colors.sql
2025-12-12 13:48:15,769 - Knowledge - INFO - Batch sizing: calculated=10, max_allowed=25, queue=90, active_workers=20/20
2025-12-12 13:48:15,956 - Knowledge - INFO - [LLM_CALL] Completed: 45_blog_archeology.sql:chunk1, Duration: 2105ms, PromptTokens: 11064, CompletionTokens: 59, Cost: $0.00113
2025-12-12 13:48:15,957 - Knowledge - INFO - done ingest for /app/data/T0002/186251/b16203w/SQLPage-186251/examples/official-site/sqlpage/migrations/45_blog_archeology.sql
2025-12-12 13:48:16,148 - Knowledge - INFO - Processing batch of 19 files
2025-12-12 13:48:16,149 - Knowledge - INFO - process ingested knowledge for /app/data/T0002/186251/b16203w/SQLPage-186251/scripts/setup-cross-compilation.sh
2025-12-12 13:48:16,428 - Knowledge - INFO - [LLM_CALL] Completed: 01_documentation.sql:chunk4, Duration: 1365ms, PromptTokens: 2312, CompletionTokens: 64, Cost: $0.00026
2025-12-12 13:48:16,428 - Knowledge - INFO - done ingest for /app/data/T0002/186251/b16203w/SQLPage-186251/examples/official-site/sqlpage/migrations/01_documentation.sql
2025-12-12 13:48:16,456 - Knowledge - INFO - [LLM_CALL] Completed: 34_carousel.sql:chunk1, Duration: 2637ms, PromptTokens: 2870, CompletionTokens: 125, Cost: $0.00034
2025-12-12 13:48:16,457 - Knowledge - INFO - done ingest for /app/data/T0002/186251/b16203w/SQLPage-186251/examples/official-site/sqlpage/migrations/34_carousel.sql
2025-12-12 13:48:16,633 - Knowledge - INFO - [LLM_CALL] Completed: 18_button.sql:chunk1, Duration: 2805ms, PromptTokens: 4540, CompletionTokens: 135, Cost: $0.00051
2025-12-12 13:48:16,636 - Knowledge - INFO - done ingest for /app/data/T0002/186251/b16203w/SQLPage-186251/examples/official-site/sqlpage/migrations/18_button.sql
2025-12-12 13:48:16,738 - Knowledge - INFO - [LLM_CALL] Completed: 03_alert_component.sql:chunk1, Duration: 2892ms, PromptTokens: 2860, CompletionTokens: 141, Cost: $0.00034
2025-12-12 13:48:16,739 - Knowledge - INFO - done ingest for /app/data/T0002/186251/b16203w/SQLPage-186251/examples/official-site/sqlpage/migrations/03_alert_component.sql
2025-12-12 13:48:16,824 - Knowledge - INFO - process ingested knowledge for /app/data/T0002/186251/b16203w/SQLPage-186251/examples/official-site/index-old.sql
2025-12-12 13:48:16,824 - Knowledge - INFO - process ingested knowledge for /app/data/T0002/186251/b16203w/SQLPage-186251/examples/official-site/get started.sql
2025-12-12 13:48:16,827 - Knowledge - INFO - process ingested knowledge for /app/data/T0002/186251/b16203w/SQLPage-186251/examples/official-site/your-first-sql-website/nginx.sql
2025-12-12 13:48:16,917 - Knowledge - INFO - process ingested knowledge for /app/data/T0002/186251/b16203w/SQLPage-186251/examples/official-site/performance.sql
2025-12-12 13:48:16,918 - Knowledge - INFO - [WEBSOCKET] Sent: Type=progress_update, Size: 273, Duration: 0ms
2025-12-12 13:48:16,919 - Knowledge - INFO - process ingested knowledge for /app/data/T0002/186251/b16203w/SQLPage-186251/scripts/README.md
2025-12-12 13:48:16,920 - Knowledge - INFO - [WEBSOCKET] Sent: Type=unknown, Size: ?, Duration: 2ms
2025-12-12 13:48:16,921 - Knowledge - INFO - Progress: 79.1% | Files: 484/611 | Rate: 2.95 files/sec | Queue: 90
2025-12-12 13:48:17,176 - Knowledge - INFO - process ingested knowledge for /app/data/T0002/186251/b16203w/SQLPage-186251/src/webserver/database/sql.rs
2025-12-12 13:48:17,178 - Knowledge - INFO - process ingested knowledge for /app/data/T0002/186251/b16203w/SQLPage-186251/examples/official-site/safety.sql
2025-12-12 13:48:17,180 - Knowledge - INFO - process ingested knowledge for /app/data/T0002/186251/b16203w/SQLPage-186251/examples/official-site/sso/index.sql
2025-12-12 13:48:17,413 - Knowledge - INFO - process ingested knowledge for /app/data/T0002/186251/b16203w/SQLPage-186251/examples/official-site/documentation.sql
2025-12-12 13:48:17,500 - Knowledge - INFO - process ingested knowledge for /app/data/T0002/186251/b16203w/SQLPage-186251/scripts/build-dependencies.sh
2025-12-12 13:48:17,501 - Knowledge - INFO - [kw15] Queue=90, InProgress=0, PendingWorkers=20/20, Completed=485/611 (79.4%)
2025-12-12 13:48:17,502 - Knowledge - INFO - Batch sizing: calculated=10, max_allowed=25, queue=90, active_workers=20/20
2025-12-12 13:48:17,609 - Knowledge - INFO - process ingested knowledge for /app/data/T0002/186251/b16203w/SQLPage-186251/src/webserver/database/blob_to_data_url.rs
2025-12-12 13:48:17,701 - Knowledge - INFO - Async storing batch of 20 embeddings
2025-12-12 13:48:17,701 - Knowledge - INFO - process ingested knowledge for /app/data/T0002/186251/b16203w/SQLPage-186251/examples/official-site/pricing.sql
2025-12-12 13:48:17,703 - Knowledge - INFO - process ingested knowledge for /app/data/T0002/186251/b16203w/SQLPage-186251/examples/official-site/sso/single_sign_on.md
2025-12-12 13:48:17,708 - Knowledge - INFO - Worker kw9 processing /app/data/T0002/186251/b16203w/SQLPage-186251/examples/official-site/sqlpage/migrations/47_link.sql
2025-12-12 13:48:17,713 - Knowledge - INFO - Worker kw9 processing /app/data/T0002/186251/b16203w/SQLPage-186251/examples/official-site/sqlpage/migrations/54_blog_bompard.sql
2025-12-12 13:48:17,715 - Knowledge - INFO - Worker kw9 processing /app/data/T0002/186251/b16203w/SQLPage-186251/examples/official-site/sqlpage/migrations/08_functions.sql
2025-12-12 13:48:17,720 - Knowledge - INFO - Worker kw9 processing /app/data/T0002/186251/b16203w/SQLPage-186251/examples/official-site/sqlpage/migrations/69_blog_performance_guide.sql
2025-12-12 13:48:17,723 - Knowledge - INFO - Worker kw9 processing /app/data/T0002/186251/b16203w/SQLPage-186251/examples/official-site/sqlpage/migrations/70_pagination.sql
2025-12-12 13:48:17,728 - Knowledge - INFO - Worker kw9 processing /app/data/T0002/186251/b16203w/SQLPage-186251/examples/official-site/sqlpage/migrations/999_fts_search_index.sql
2025-12-12 13:48:17,730 - Knowledge - INFO - Fast-tracked /app/data/T0002/186251/b16203w/SQLPage-186251/examples/official-site/sqlpage/migrations/999_fts_search_index.sql (ext=.sql, size=1163)
2025-12-12 13:48:17,731 - Knowledge - INFO - Worker kw9 processing /app/data/T0002/186251/b16203w/SQLPage-186251/examples/official-site/sqlpage/migrations/29_divider_component.sql
2025-12-12 13:48:17,734 - Knowledge - INFO - Worker kw9 processing /app/data/T0002/186251/b16203w/SQLPage-186251/examples/official-site/sqlpage/migrations/51_column.sql
2025-12-12 13:48:17,737 - Knowledge - INFO - Worker kw9 processing /app/data/T0002/186251/b16203w/SQLPage-186251/examples/official-site/sqlpage/migrations/26_v0.17_release.sql
2025-12-12 13:48:17,741 - Knowledge - INFO - Worker kw9 processing /app/data/T0002/186251/b16203w/SQLPage-186251/examples/official-site/sqlpage/migrations/35_code_title.sql
2025-12-12 13:48:17,744 - Knowledge - INFO - Async storage completed for 20 embeddings
2025-12-12 13:48:17,745 - Knowledge - INFO - Fast-tracked /app/data/T0002/186251/b16203w/SQLPage-186251/examples/official-site/sqlpage/migrations/47_link.sql (small file (2459 bytes))
2025-12-12 13:48:17,849 - Knowledge - INFO - process ingested knowledge for /app/data/T0002/186251/b16203w/SQLPage-186251/examples/official-site/llms.txt.sql
2025-12-12 13:48:18,039 - Knowledge - INFO - process ingested knowledge for /app/data/T0002/186251/b16203w/SQLPage-186251/scripts/build-project.sh
2025-12-12 13:48:18,044 - Knowledge - INFO - Async storing batch of 15 embeddings
2025-12-12 13:48:18,046 - Knowledge - INFO - Worker kw15 processing /app/data/T0002/186251/b16203w/SQLPage-186251/examples/official-site/sqlpage/migrations/04_http_header.sql
2025-12-12 13:48:18,049 - Knowledge - INFO - Worker kw15 processing /app/data/T0002/186251/b16203w/SQLPage-186251/examples/official-site/sqlpage/migrations/11_json.sql
2025-12-12 13:48:18,051 - Knowledge - INFO - Worker kw15 processing /app/data/T0002/186251/b16203w/SQLPage-186251/examples/official-site/sqlpage/migrations/30_breadcrumb_component.sql
2025-12-12 13:48:18,053 - Knowledge - INFO - Worker kw15 processing /app/data/T0002/186251/b16203w/SQLPage-186251/examples/official-site/sqlpage/migrations/33_blog_v018.sql
2025-12-12 13:48:18,056 - Knowledge - INFO - Worker kw15 processing /app/data/T0002/186251/b16203w/SQLPage-186251/examples/official-site/sqlpage/migrations/31_card_docs_update.sql
2025-12-12 13:48:18,059 - Knowledge - INFO - Worker kw15 processing /app/data/T0002/186251/b16203w/SQLPage-186251/examples/official-site/sqlpage/migrations/58_fetch_with_meta.sql
2025-12-12 13:48:18,061 - Knowledge - INFO - Worker kw15 processing /app/data/T0002/186251/b16203w/SQLPage-186251/examples/official-site/sqlpage/migrations/66_log_component.sql
2025-12-12 13:48:18,065 - Knowledge - INFO - Fast-tracked /app/data/T0002/186251/b16203w/SQLPage-186251/examples/official-site/sqlpage/migrations/66_log_component.sql (ext=.sql, size=1965)
2025-12-12 13:48:18,066 - Knowledge - INFO - Worker kw15 processing /app/data/T0002/186251/b16203w/SQLPage-186251/examples/official-site/sqlpage/migrations/43_request_method.sql
2025-12-12 13:48:18,069 - Knowledge - INFO - Fast-tracked /app/data/T0002/186251/b16203w/SQLPage-186251/examples/official-site/sqlpage/migrations/43_request_method.sql (ext=.sql, size=1236)
2025-12-12 13:48:18,069 - Knowledge - INFO - Worker kw15 processing /app/data/T0002/186251/b16203w/SQLPage-186251/examples/official-site/sqlpage/migrations/62_example_cards.sql
2025-12-12 13:48:18,072 - Knowledge - INFO - Worker kw15 processing /app/data/T0002/186251/b16203w/SQLPage-186251/examples/official-site/sqlpage/migrations/21_path.sql
2025-12-12 13:48:18,075 - Knowledge - INFO - Fast-tracked /app/data/T0002/186251/b16203w/SQLPage-186251/examples/official-site/sqlpage/migrations/21_path.sql (ext=.sql, size=655)
2025-12-12 13:48:18,089 - Knowledge - INFO - Fast-tracked /app/data/T0002/186251/b16203w/SQLPage-186251/examples/official-site/sqlpage/migrations/30_breadcrumb_component.sql (small file (2231 bytes))
2025-12-12 13:48:18,102 - Knowledge - INFO - Fast-tracked /app/data/T0002/186251/b16203w/SQLPage-186251/examples/official-site/sqlpage/migrations/58_fetch_with_meta.sql (small file (2611 bytes))
2025-12-12 13:48:18,104 - Knowledge - INFO - Fast-tracked /app/data/T0002/186251/b16203w/SQLPage-186251/examples/official-site/sqlpage/migrations/62_example_cards.sql (small file (2992 bytes))
2025-12-12 13:48:18,106 - Knowledge - INFO - Async storage completed for 15 embeddings
2025-12-12 13:48:18,178 - Knowledge - INFO - process ingested knowledge for /app/data/T0002/186251/b16203w/SQLPage-186251/examples/official-site/your-first-sql-website/index.sql
2025-12-12 13:48:18,180 - Knowledge - INFO - process ingested knowledge for /app/data/T0002/186251/b16203w/SQLPage-186251/src/webserver/static_content.rs
2025-12-12 13:48:18,284 - Knowledge - INFO - process ingested knowledge for /app/data/T0002/186251/b16203w/SQLPage-186251/examples/official-site/404.sql
2025-12-12 13:48:18,285 - Knowledge - INFO - process ingested knowledge for /app/data/T0002/186251/b16203w/SQLPage-186251/examples/official-site/pgconf/script.js
2025-12-12 13:48:18,289 - Knowledge - INFO - process ingested knowledge for /app/data/T0002/186251/b16203w/SQLPage-186251/examples/official-site/search.sql
2025-12-12 13:48:18,430 - Knowledge - INFO - process ingested knowledge for /app/data/T0002/186251/b16203w/SQLPage-186251/src/main.rs
2025-12-12 13:48:18,930 - Knowledge - INFO - process ingested knowledge for /app/data/T0002/186251/b16203w/SQLPage-186251/examples/official-site/your-first-sql-website/custom_urls.sql
2025-12-12 13:48:18,931 - Knowledge - INFO - process ingested knowledge for /app/data/T0002/186251/b16203w/SQLPage-186251/src/webserver/error.rs
2025-12-12 13:48:19,169 - Knowledge - INFO - process ingested knowledge for /app/data/T0002/186251/b16203w/SQLPage-186251/examples/official-site/index.sql
2025-12-12 13:48:19,429 - Knowledge - INFO - process ingested knowledge for /app/data/T0002/186251/b16203w/SQLPage-186251/examples/official-site/components.sql
2025-12-12 13:48:19,636 - Knowledge - INFO - [LLM_CALL] Completed: 35_code_title.sql:chunk1, Duration: 1812ms, PromptTokens: 2310, CompletionTokens: 59, Cost: $0.00025
2025-12-12 13:48:19,641 - Knowledge - INFO - done ingest for /app/data/T0002/186251/b16203w/SQLPage-186251/examples/official-site/sqlpage/migrations/35_code_title.sql
2025-12-12 13:48:19,689 - Knowledge - INFO - [LLM_CALL] Completed: 69_blog_performance_guide.sql:chunk1, Duration: 1913ms, PromptTokens: 6644, CompletionTokens: 59, Cost: $0.00069
2025-12-12 13:48:19,723 - Knowledge - INFO - done ingest for /app/data/T0002/186251/b16203w/SQLPage-186251/examples/official-site/sqlpage/migrations/69_blog_performance_guide.sql
2025-12-12 13:48:19,759 - Knowledge - INFO - process ingested knowledge for /app/data/T0002/186251/b16203w/SQLPage-186251/src/cli/arguments.rs
2025-12-12 13:48:20,027 - Knowledge - INFO - [LLM_CALL] Completed: 04_http_header.sql:chunk1, Duration: 1950ms, PromptTokens: 2850, CompletionTokens: 59, Cost: $0.00031
2025-12-12 13:48:20,044 - Knowledge - INFO - done ingest for /app/data/T0002/186251/b16203w/SQLPage-186251/examples/official-site/sqlpage/migrations/04_http_header.sql
2025-12-12 13:48:20,242 - Knowledge - INFO - [LLM_CALL] Completed: 33_blog_v018.sql:chunk1, Duration: 2150ms, PromptTokens: 2294, CompletionTokens: 59, Cost: $0.00025
2025-12-12 13:48:20,256 - Knowledge - INFO - done ingest for /app/data/T0002/186251/b16203w/SQLPage-186251/examples/official-site/sqlpage/migrations/33_blog_v018.sql
2025-12-12 13:48:20,343 - Knowledge - INFO - process ingested knowledge for /app/data/T0002/186251/b16203w/SQLPage-186251/examples/official-site/your-first-sql-website/hosted.sql
2025-12-12 13:48:20,350 - Knowledge - INFO - process ingested knowledge for /app/data/T0002/186251/b16203w/SQLPage-186251/src/webserver/mod.rs
2025-12-12 13:48:20,992 - Knowledge - INFO - [LLM_CALL] Completed: 26_v0.17_release.sql:chunk1, Duration: 3186ms, PromptTokens: 5268, CompletionTokens: 59, Cost: $0.00055
2025-12-12 13:48:21,023 - Knowledge - INFO - done ingest for /app/data/T0002/186251/b16203w/SQLPage-186251/examples/official-site/sqlpage/migrations/26_v0.17_release.sql
2025-12-12 13:48:21,025 - Knowledge - INFO - process ingested knowledge for /app/data/T0002/186251/b16203w/SQLPage-186251/examples/official-site/get_started.sql
2025-12-12 13:48:21,295 - Knowledge - INFO - [LLM_CALL] Completed: 31_card_docs_update.sql:chunk1, Duration: 3198ms, PromptTokens: 4854, CompletionTokens: 156, Cost: $0.00055
2025-12-12 13:48:21,323 - Knowledge - INFO - done ingest for /app/data/T0002/186251/b16203w/SQLPage-186251/examples/official-site/sqlpage/migrations/31_card_docs_update.sql
2025-12-12 13:48:21,378 - Knowledge - INFO - [kw17] Queue=70, InProgress=0, PendingWorkers=20/20, Completed=495/611 (81.0%)
2025-12-12 13:48:21,379 - Knowledge - INFO - Batch sizing: calculated=10, max_allowed=25, queue=70, active_workers=20/20
2025-12-12 13:48:21,385 - Knowledge - INFO - [LLM_CALL] Completed: 29_divider_component.sql:chunk1, Duration: 3595ms, PromptTokens: 2110, CompletionTokens: 132, Cost: $0.00026
2025-12-12 13:48:21,385 - Knowledge - INFO - process ingested knowledge for /app/data/T0002/186251/b16203w/SQLPage-186251/src/cli/commands.rs
2025-12-12 13:48:21,428 - Knowledge - INFO - done ingest for /app/data/T0002/186251/b16203w/SQLPage-186251/examples/official-site/sqlpage/migrations/29_divider_component.sql
2025-12-12 13:48:21,645 - Knowledge - INFO - [LLM_CALL] Completed: 54_blog_bompard.sql:chunk1, Duration: 3897ms, PromptTokens: 5154, CompletionTokens: 120, Cost: $0.00056
2025-12-12 13:48:21,645 - Knowledge - INFO - done ingest for /app/data/T0002/186251/b16203w/SQLPage-186251/examples/official-site/sqlpage/migrations/54_blog_bompard.sql
2025-12-12 13:48:22,261 - Knowledge - INFO - [LLM_CALL] Completed: 70_pagination.sql:chunk1, Duration: 4477ms, PromptTokens: 4730, CompletionTokens: 188, Cost: $0.00055
2025-12-12 13:48:22,261 - Knowledge - INFO - done ingest for /app/data/T0002/186251/b16203w/SQLPage-186251/examples/official-site/sqlpage/migrations/70_pagination.sql
2025-12-12 13:48:22,280 - Knowledge - INFO - process ingested knowledge for /app/data/T0002/186251/b16203w/SQLPage-186251/examples/official-site/rss.sql
2025-12-12 13:48:22,281 - Knowledge - INFO - process ingested knowledge for /app/data/T0002/186251/b16203w/SQLPage-186251/examples/official-site/your-first-sql-website/nginx.md
2025-12-12 13:48:22,281 - Knowledge - INFO - process ingested knowledge for /app/data/T0002/186251/b16203w/SQLPage-186251/examples/official-site/your-first-sql-website/tutorial.md
2025-12-12 13:48:22,325 - Knowledge - INFO - [WEBSOCKET] Sent: Type=progress_update, Size: 272, Duration: 0ms
2025-12-12 13:48:22,333 - Knowledge - INFO - [LLM_CALL] Completed: 11_json.sql:chunk1, Duration: 4250ms, PromptTokens: 4044, CompletionTokens: 229, Cost: $0.00050
2025-12-12 13:48:22,334 - Knowledge - INFO - done ingest for /app/data/T0002/186251/b16203w/SQLPage-186251/examples/official-site/sqlpage/migrations/11_json.sql
2025-12-12 13:48:22,335 - Knowledge - INFO - [WEBSOCKET] Sent: Type=unknown, Size: ?, Duration: 11ms
2025-12-12 13:48:22,335 - Knowledge - INFO - Progress: 81.2% | Files: 497/611 | Rate: 2.95 files/sec | Queue: 70
2025-12-12 13:48:23,040 - Knowledge - INFO - Async storing batch of 15 embeddings
2025-12-12 13:48:23,040 - Knowledge - INFO - Worker kw17 processing /app/data/T0002/186251/b16203w/SQLPage-186251/examples/official-site/sqlpage/migrations/42_blog_video.sql
2025-12-12 13:48:23,050 - Knowledge - INFO - Fast-tracked /app/data/T0002/186251/b16203w/SQLPage-186251/examples/official-site/sqlpage/migrations/42_blog_video.sql (ext=.sql, size=1089)
2025-12-12 13:48:23,050 - Knowledge - INFO - Worker kw17 processing /app/data/T0002/186251/b16203w/SQLPage-186251/examples/official-site/sqlpage/migrations/20_variables_function.sql
2025-12-12 13:48:23,069 - Knowledge - INFO - Worker kw17 processing /app/data/T0002/186251/b16203w/SQLPage-186251/examples/official-site/sqlpage/migrations/52_foldable.sql
2025-12-12 13:48:23,139 - Knowledge - INFO - Worker kw17 processing /app/data/T0002/186251/b16203w/SQLPage-186251/examples/official-site/sqlpage/migrations/55_request_body.sql
2025-12-12 13:48:23,159 - Knowledge - INFO - Worker kw17 processing /app/data/T0002/186251/b16203w/SQLPage-186251/examples/official-site/sqlpage/migrations/99_shared_id_class_attributes.sql
2025-12-12 13:48:23,177 - Knowledge - INFO - [LLM_CALL] Completed: 51_column.sql:chunk1, Duration: 5380ms, PromptTokens: 3116, CompletionTokens: 143, Cost: $0.00037
2025-12-12 13:48:23,178 - Knowledge - INFO - done ingest for /app/data/T0002/186251/b16203w/SQLPage-186251/examples/official-site/sqlpage/migrations/51_column.sql
2025-12-12 13:48:23,179 - Knowledge - INFO - Fast-tracked /app/data/T0002/186251/b16203w/SQLPage-186251/examples/official-site/sqlpage/migrations/99_shared_id_class_attributes.sql (ext=.sql, size=1763)
2025-12-12 13:48:23,180 - Knowledge - INFO - Worker kw17 processing /app/data/T0002/186251/b16203w/SQLPage-186251/examples/official-site/sqlpage/migrations/53_blog_pgconf2024.sql
2025-12-12 13:48:23,191 - Knowledge - INFO - Fast-tracked /app/data/T0002/186251/b16203w/SQLPage-186251/examples/official-site/sqlpage/migrations/53_blog_pgconf2024.sql (ext=.sql, size=1278)
2025-12-12 13:48:23,192 - Knowledge - INFO - Worker kw17 processing /app/data/T0002/186251/b16203w/SQLPage-186251/examples/official-site/sqlpage/migrations/63_modal.sql
2025-12-12 13:48:23,200 - Knowledge - INFO - Worker kw17 processing /app/data/T0002/186251/b16203w/SQLPage-186251/examples/official-site/sqlpage/migrations/14_sorry_i_forked.sql
2025-12-12 13:48:23,203 - Knowledge - INFO - Worker kw17 processing /app/data/T0002/186251/b16203w/SQLPage-186251/examples/official-site/sqlpage/migrations/61_oidc_functions.sql
2025-12-12 13:48:23,252 - Knowledge - INFO - Worker kw17 processing /app/data/T0002/186251/b16203w/SQLPage-186251/examples/official-site/sqlpage/migrations/40_fetch.sql
2025-12-12 13:48:23,638 - Knowledge - INFO - [LLM_CALL] Completed: 08_functions.sql:chunk1, Duration: 5873ms, PromptTokens: 6072, CompletionTokens: 352, Cost: $0.00075
2025-12-12 13:48:23,639 - Knowledge - INFO - done ingest for /app/data/T0002/186251/b16203w/SQLPage-186251/examples/official-site/sqlpage/migrations/08_functions.sql
2025-12-12 13:48:23,641 - Knowledge - INFO - process ingested knowledge for /app/data/T0002/186251/b16203w/SQLPage-186251/examples/official-site/custom_components.sql
2025-12-12 13:48:23,648 - Knowledge - INFO - process ingested knowledge for /app/data/T0002/186251/b16203w/SQLPage-186251/src/webserver/http.rs
2025-12-12 13:48:23,651 - Knowledge - INFO - process ingested knowledge for /app/data/T0002/186251/b16203w/SQLPage-186251/examples/official-site/your-first-sql-website/migrations.sql
2025-12-12 13:48:23,759 - Knowledge - INFO - Async storage completed for 15 embeddings
2025-12-12 13:48:23,867 - Knowledge - INFO - [kw19] Queue=60, InProgress=0, PendingWorkers=20/20, Completed=499/611 (81.7%)
2025-12-12 13:48:23,868 - Knowledge - INFO - Batch sizing: calculated=10, max_allowed=25, queue=60, active_workers=20/20
2025-12-12 13:48:24,075 - Knowledge - INFO - process ingested knowledge for /app/data/T0002/186251/b16203w/SQLPage-186251/src/cli/mod.rs
2025-12-12 13:48:24,281 - Knowledge - INFO - process ingested knowledge for /app/data/T0002/186251/b16203w/SQLPage-186251/examples/official-site/pgconf/pgconf-2023.html
2025-12-12 13:48:24,282 - Knowledge - INFO - process ingested knowledge for /app/data/T0002/186251/b16203w/SQLPage-186251/examples/official-site/your-first-sql-website/documentation.sql
2025-12-12 13:48:24,283 - Knowledge - INFO - process ingested knowledge for /app/data/T0002/186251/b16203w/SQLPage-186251/src/webserver/routing.rs
2025-12-12 13:48:24,285 - Knowledge - INFO - process ingested knowledge for /app/data/T0002/186251/b16203w/SQLPage-186251/examples/official-site/your-first-sql-website/tutorial-install-macos.md
2025-12-12 13:48:24,286 - Knowledge - INFO - Async storing batch of 12 embeddings
2025-12-12 13:48:24,287 - Knowledge - INFO - Worker kw19 processing /app/data/T0002/186251/b16203w/SQLPage-186251/examples/official-site/sqlpage/migrations/16_timeline.sql
2025-12-12 13:48:24,290 - Knowledge - INFO - Worker kw19 processing /app/data/T0002/186251/b16203w/SQLPage-186251/examples/official-site/sqlpage/migrations/22_pgconf_eu.sql
2025-12-12 13:48:24,293 - Knowledge - INFO - Fast-tracked /app/data/T0002/186251/b16203w/SQLPage-186251/examples/official-site/sqlpage/migrations/22_pgconf_eu.sql (ext=.sql, size=1224)
2025-12-12 13:48:24,293 - Knowledge - INFO - Worker kw19 processing /app/data/T0002/186251/b16203w/SQLPage-186251/examples/official-site/sqlpage/migrations/72_set_variable.sql
2025-12-12 13:48:24,296 - Knowledge - INFO - Fast-tracked /app/data/T0002/186251/b16203w/SQLPage-186251/examples/official-site/sqlpage/migrations/72_set_variable.sql (ext=.sql, size=1699)
2025-12-12 13:48:24,296 - Knowledge - INFO - Worker kw19 processing /app/data/T0002/186251/b16203w/SQLPage-186251/examples/official-site/sqlpage/migrations/48_status_code.sql
2025-12-12 13:48:24,298 - Knowledge - INFO - Fast-tracked /app/data/T0002/186251/b16203w/SQLPage-186251/examples/official-site/sqlpage/migrations/48_status_code.sql (ext=.sql, size=1965)
2025-12-12 13:48:24,299 - Knowledge - INFO - Worker kw19 processing /app/data/T0002/186251/b16203w/SQLPage-186251/examples/official-site/sqlpage/migrations/41_blog_performance.sql
2025-12-12 13:48:24,302 - Knowledge - INFO - Fast-tracked /app/data/T0002/186251/b16203w/SQLPage-186251/examples/official-site/sqlpage/migrations/41_blog_performance.sql (ext=.sql, size=1653)
2025-12-12 13:48:24,302 - Knowledge - INFO - Worker kw19 processing /app/data/T0002/186251/b16203w/SQLPage-186251/examples/official-site/sqlpage/migrations/23_uploaded_file_functions.sql
2025-12-12 13:48:24,305 - Knowledge - INFO - Worker kw19 processing /app/data/T0002/186251/b16203w/SQLPage-186251/examples/official-site/sqlpage/migrations/50_blog_json.sql
2025-12-12 13:48:24,307 - Knowledge - INFO - Worker kw19 processing /app/data/T0002/186251/b16203w/SQLPage-186251/examples/official-site/sqlpage/migrations/02_hero_component.sql
2025-12-12 13:48:24,312 - Knowledge - INFO - Worker kw19 processing /app/data/T0002/186251/b16203w/SQLPage-186251/examples/official-site/sqlpage/migrations/39_persist_uploaded_file.sql
2025-12-12 13:48:24,314 - Knowledge - INFO - Worker kw19 processing /app/data/T0002/186251/b16203w/SQLPage-186251/examples/official-site/sqlpage/migrations/37_rss.sql
2025-12-12 13:48:24,319 - Knowledge - INFO - Fast-tracked /app/data/T0002/186251/b16203w/SQLPage-186251/examples/official-site/sqlpage/migrations/16_timeline.sql (small file (2830 bytes))
2025-12-12 13:48:24,347 - Knowledge - INFO - Fast-tracked /app/data/T0002/186251/b16203w/SQLPage-186251/examples/official-site/sqlpage/migrations/39_persist_uploaded_file.sql (small file (2036 bytes))
2025-12-12 13:48:24,352 - Knowledge - INFO - Async storage completed for 12 embeddings
2025-12-12 13:48:24,722 - Knowledge - INFO - process ingested knowledge for /app/data/T0002/186251/b16203w/SQLPage-186251/src/filesystem.rs
2025-12-12 13:48:25,536 - Knowledge - INFO - process ingested knowledge for /app/data/T0002/186251/b16203w/SQLPage-186251/examples/official-site/sqlpage/sqlpage.yaml
2025-12-12 13:48:25,537 - Knowledge - INFO - [kw18] Queue=50, InProgress=0, PendingWorkers=20/20, Completed=505/611 (82.7%)
2025-12-12 13:48:25,537 - Knowledge - INFO - Batch sizing: calculated=10, max_allowed=25, queue=50, active_workers=20/20
2025-12-12 13:48:25,549 - Knowledge - INFO - process ingested knowledge for /app/data/T0002/186251/b16203w/SQLPage-186251/src/webserver/error_with_status.rs
2025-12-12 13:48:25,736 - Knowledge - WARNING - File /app/data/T0002/186251/b16203w/SQLPage-186251/src/webserver/database/sqlpage_functions/functions.rs not successfully processed
2025-12-12 13:48:26,829 - Knowledge - INFO - process ingested knowledge for /app/data/T0002/186251/b16203w/SQLPage-186251/src/utils.rs
2025-12-12 13:48:27,147 - Knowledge - INFO - process ingested knowledge for /app/data/T0002/186251/b16203w/SQLPage-186251/examples/official-site/sqlpage/migrations/44_authentication_example.sql
2025-12-12 13:48:27,430 - Knowledge - INFO - [LLM_CALL] Completed: 52_foldable.sql:chunk1, Duration: 3791ms, PromptTokens: 2286, CompletionTokens: 108, Cost: $0.00027
2025-12-12 13:48:27,433 - Knowledge - INFO - done ingest for /app/data/T0002/186251/b16203w/SQLPage-186251/examples/official-site/sqlpage/migrations/52_foldable.sql
2025-12-12 13:48:27,749 - Knowledge - INFO - process ingested knowledge for /app/data/T0002/186251/b16203w/SQLPage-186251/examples/official-site/your-first-sql-website/tutorial-install-windows.md
2025-12-12 13:48:27,756 - Knowledge - INFO - Async storing batch of 12 embeddings
2025-12-12 13:48:27,773 - Knowledge - INFO - process ingested knowledge for /app/data/T0002/186251/b16203w/SQLPage-186251/src/render.rs
2025-12-12 13:48:27,776 - Knowledge - INFO - Worker kw18 processing /app/data/T0002/186251/b16203w/SQLPage-186251/examples/official-site/README.md
2025-12-12 13:48:27,924 - Knowledge - INFO - Fast-tracked /app/data/T0002/186251/b16203w/SQLPage-186251/examples/official-site/README.md (ext=.md, size=615)
2025-12-12 13:48:27,924 - Knowledge - INFO - Worker kw18 processing /app/data/T0002/186251/b16203w/SQLPage-186251/examples/official-site/style_pricing.css
2025-12-12 13:48:27,942 - Knowledge - INFO - Fast-tracked /app/data/T0002/186251/b16203w/SQLPage-186251/examples/official-site/style_pricing.css (ext=.css, size=519)
2025-12-12 13:48:27,942 - Knowledge - INFO - Worker kw18 processing /app/data/T0002/186251/b16203w/SQLPage-186251/examples/official-site/assets/highlightjs-launch.js
2025-12-12 13:48:27,959 - Knowledge - INFO - Fast-tracked /app/data/T0002/186251/b16203w/SQLPage-186251/examples/official-site/assets/highlightjs-launch.js (ext=.js, size=21)
2025-12-12 13:48:27,959 - Knowledge - INFO - Worker kw18 processing /app/data/T0002/186251/b16203w/SQLPage-186251/examples/official-site/assets/highlightjs-and-tabler-theme.css
2025-12-12 13:48:28,038 - Knowledge - INFO - Fast-tracked /app/data/T0002/186251/b16203w/SQLPage-186251/examples/official-site/assets/highlightjs-and-tabler-theme.css (ext=.css, size=4575)
2025-12-12 13:48:28,056 - Knowledge - INFO - Worker kw18 processing /app/data/T0002/186251/b16203w/SQLPage-186251/examples/official-site/extensions-to-sql.sql
2025-12-12 13:48:28,076 - Knowledge - INFO - Fast-tracked /app/data/T0002/186251/b16203w/SQLPage-186251/examples/official-site/extensions-to-sql.sql (ext=.sql, size=476)
2025-12-12 13:48:28,133 - Knowledge - INFO - Worker kw18 processing /app/data/T0002/186251/b16203w/SQLPage-186251/examples/official-site/robots.txt
2025-12-12 13:48:28,157 - Knowledge - INFO - Fast-tracked /app/data/T0002/186251/b16203w/SQLPage-186251/examples/official-site/robots.txt (ext=.txt, size=137)
2025-12-12 13:48:28,170 - Knowledge - INFO - Worker kw18 processing /app/data/T0002/186251/b16203w/SQLPage-186251/examples/official-site/functions.sql
2025-12-12 13:48:28,240 - Knowledge - INFO - Worker kw18 processing /app/data/T0002/186251/b16203w/SQLPage-186251/examples/official-site/examples/authentication/logout.sql
2025-12-12 13:48:28,322 - Knowledge - INFO - Fast-tracked /app/data/T0002/186251/b16203w/SQLPage-186251/examples/official-site/examples/authentication/logout.sql (ext=.sql, size=134)
2025-12-12 13:48:28,333 - Knowledge - INFO - Worker kw18 processing /app/data/T0002/186251/b16203w/SQLPage-186251/examples/official-site/examples/authentication/index.sql
2025-12-12 13:48:28,376 - Knowledge - INFO - Fast-tracked /app/data/T0002/186251/b16203w/SQLPage-186251/examples/official-site/examples/authentication/index.sql (ext=.sql, size=822)
2025-12-12 13:48:28,386 - Knowledge - INFO - Worker kw18 processing /app/data/T0002/186251/b16203w/SQLPage-186251/examples/official-site/examples/authentication/basic_auth.sql
2025-12-12 13:48:28,449 - Knowledge - INFO - Fast-tracked /app/data/T0002/186251/b16203w/SQLPage-186251/examples/official-site/examples/authentication/basic_auth.sql (ext=.sql, size=986)
2025-12-12 13:48:28,496 - Knowledge - INFO - Fast-tracked /app/data/T0002/186251/b16203w/SQLPage-186251/examples/official-site/functions.sql (small file (3062 bytes))
2025-12-12 13:48:28,502 - Knowledge - INFO - Async storage completed for 12 embeddings
2025-12-12 13:48:28,625 - Knowledge - INFO - [LLM_CALL] Completed: 02_hero_component.sql:chunk1, Duration: 4290ms, PromptTokens: 3068, CompletionTokens: 130, Cost: $0.00036
2025-12-12 13:48:28,639 - Knowledge - INFO - done ingest for /app/data/T0002/186251/b16203w/SQLPage-186251/examples/official-site/sqlpage/migrations/02_hero_component.sql
2025-12-12 13:48:28,769 - Knowledge - INFO - [LLM_CALL] Completed: 50_blog_json.sql:chunk1, Duration: 4441ms, PromptTokens: 9288, CompletionTokens: 59, Cost: $0.00095
2025-12-12 13:48:28,769 - Knowledge - INFO - done ingest for /app/data/T0002/186251/b16203w/SQLPage-186251/examples/official-site/sqlpage/migrations/50_blog_json.sql
2025-12-12 13:48:28,977 - Knowledge - INFO - process ingested knowledge for /app/data/T0002/186251/b16203w/SQLPage-186251/src/lib.rs
2025-12-12 13:48:29,723 - Knowledge - INFO - process ingested knowledge for /app/data/T0002/186251/b16203w/SQLPage-186251/examples/official-site/sqlpage/migrations/65_download.sql
2025-12-12 13:48:30,135 - Knowledge - INFO - process ingested knowledge for /app/data/T0002/186251/b16203w/SQLPage-186251/biome.json
2025-12-12 13:48:30,631 - Knowledge - INFO - [LLM_CALL] Completed: 23_uploaded_file_functions.sql:chunk1, Duration: 6311ms, PromptTokens: 3644, CompletionTokens: 303, Cost: $0.00049
2025-12-12 13:48:30,649 - Knowledge - INFO - done ingest for /app/data/T0002/186251/b16203w/SQLPage-186251/examples/official-site/sqlpage/migrations/23_uploaded_file_functions.sql
2025-12-12 13:48:30,750 - Knowledge - INFO - [LLM_CALL] Completed: 20_variables_function.sql:chunk1, Duration: 7388ms, PromptTokens: 2494, CompletionTokens: 281, Cost: $0.00036
2025-12-12 13:48:30,750 - Knowledge - INFO - done ingest for /app/data/T0002/186251/b16203w/SQLPage-186251/examples/official-site/sqlpage/migrations/20_variables_function.sql
2025-12-12 13:48:31,023 - Knowledge - INFO - process ingested knowledge for /app/data/T0002/186251/b16203w/SQLPage-186251/src/dynamic_component.rs
2025-12-12 13:48:31,759 - Knowledge - INFO - [LLM_CALL] Completed: 37_rss.sql:chunk1, Duration: 7411ms, PromptTokens: 4312, CompletionTokens: 451, Cost: $0.00061
2025-12-12 13:48:31,762 - Knowledge - INFO - done ingest for /app/data/T0002/186251/b16203w/SQLPage-186251/examples/official-site/sqlpage/migrations/37_rss.sql
2025-12-12 13:48:31,925 - Knowledge - INFO - Processing batch of 12 files
2025-12-12 13:48:31,925 - Knowledge - INFO - process ingested knowledge for /app/data/T0002/186251/b16203w/SQLPage-186251/examples/official-site/sqlpage/migrations/24_read_file_as_data_url.sql
2025-12-12 13:48:31,932 - Knowledge - INFO - process ingested knowledge for /app/data/T0002/186251/b16203w/SQLPage-186251/examples/official-site/sqlpage/migrations/57_client_ip.sql
2025-12-12 13:48:31,956 - Knowledge - INFO - [LLM_CALL] Completed: 14_sorry_i_forked.sql:chunk1, Duration: 8217ms, PromptTokens: 3270, CompletionTokens: 221, Cost: $0.00042
2025-12-12 13:48:31,960 - Knowledge - INFO - done ingest for /app/data/T0002/186251/b16203w/SQLPage-186251/examples/official-site/sqlpage/migrations/14_sorry_i_forked.sql
2025-12-12 13:48:32,242 - Knowledge - INFO - [LLM_CALL] Completed: 63_modal.sql:chunk1, Duration: 8510ms, PromptTokens: 2896, CompletionTokens: 148, Cost: $0.00035
2025-12-12 13:48:32,245 - Knowledge - INFO - done ingest for /app/data/T0002/186251/b16203w/SQLPage-186251/examples/official-site/sqlpage/migrations/63_modal.sql
2025-12-12 13:48:32,951 - Knowledge - INFO - [LLM_CALL] Completed: 40_fetch.sql:chunk1, Duration: 9198ms, PromptTokens: 3190, CompletionTokens: 278, Cost: $0.00043
2025-12-12 13:48:32,952 - Knowledge - INFO - done ingest for /app/data/T0002/186251/b16203w/SQLPage-186251/examples/official-site/sqlpage/migrations/40_fetch.sql
2025-12-12 13:48:32,956 - Knowledge - INFO - process ingested knowledge for /app/data/T0002/186251/b16203w/SQLPage-186251/src/default_404.sql
2025-12-12 13:48:33,145 - Knowledge - INFO - [LLM_CALL] Completed: 55_request_body.sql:chunk1, Duration: 9487ms, PromptTokens: 2716, CompletionTokens: 191, Cost: $0.00035
2025-12-12 13:48:33,149 - Knowledge - INFO - done ingest for /app/data/T0002/186251/b16203w/SQLPage-186251/examples/official-site/sqlpage/migrations/55_request_body.sql
2025-12-12 13:48:33,222 - Knowledge - INFO - process ingested knowledge for /app/data/T0002/186251/b16203w/SQLPage-186251/examples/official-site/sqlpage/migrations/28_tracking_component.sql
2025-12-12 13:48:33,228 - Knowledge - INFO - process ingested knowledge for /app/data/T0002/186251/b16203w/SQLPage-186251/examples/official-site/component.sql
2025-12-12 13:48:33,234 - Knowledge - INFO - process ingested knowledge for /app/data/T0002/186251/b16203w/SQLPage-186251/examples/official-site/sqlpage/migrations/27_protocol.sql
2025-12-12 13:48:33,246 - Knowledge - INFO - process ingested knowledge for /app/data/T0002/186251/b16203w/SQLPage-186251/package.json
2025-12-12 13:48:33,265 - Knowledge - INFO - [WEBSOCKET] Sent: Type=progress_update, Size: 273, Duration: 0ms
2025-12-12 13:48:33,273 - Knowledge - INFO - [WEBSOCKET] Sent: Type=unknown, Size: ?, Duration: 8ms
2025-12-12 13:48:33,273 - Knowledge - INFO - Progress: 86.6% | Files: 530/611 | Rate: 2.98 files/sec | Queue: 40
2025-12-12 13:48:33,971 - Knowledge - INFO - Processing batch of 12 files
2025-12-12 13:48:33,977 - Knowledge - INFO - process ingested knowledge for /app/data/T0002/186251/b16203w/SQLPage-186251/examples/official-site/sqlpage/migrations/01_documentation.sql
2025-12-12 13:48:34,279 - Knowledge - INFO - [LLM_CALL] Completed: 61_oidc_functions.sql:chunk1, Duration: 10532ms, PromptTokens: 5356, CompletionTokens: 427, Cost: $0.00071
2025-12-12 13:48:34,279 - Knowledge - INFO - done ingest for /app/data/T0002/186251/b16203w/SQLPage-186251/examples/official-site/sqlpage/migrations/61_oidc_functions.sql
2025-12-12 13:48:34,415 - Knowledge - INFO - process ingested knowledge for /app/data/T0002/186251/b16203w/SQLPage-186251/src/index.sql
2025-12-12 13:48:34,579 - Knowledge - INFO - process ingested knowledge for /app/data/T0002/186251/b16203w/SQLPage-186251/examples/official-site/sqlpage/migrations/34_carousel.sql
2025-12-12 13:48:34,580 - Knowledge - INFO - process ingested knowledge for /app/data/T0002/186251/b16203w/SQLPage-186251/Cargo.toml
2025-12-12 13:48:34,776 - Knowledge - INFO - process ingested knowledge for /app/data/T0002/186251/b16203w/SQLPage-186251/examples/official-site/sqlpage/migrations/67_hmac_function.sql
2025-12-12 13:48:34,905 - Knowledge - INFO - process ingested knowledge for /app/data/T0002/186251/b16203w/SQLPage-186251/src/file_cache.rs
2025-12-12 13:48:34,980 - Knowledge - INFO - Processing batch of 10 files
2025-12-12 13:48:34,981 - Knowledge - INFO - process ingested knowledge for /app/data/T0002/186251/b16203w/SQLPage-186251/examples/official-site/sqlpage/migrations/47_link.sql
2025-12-12 13:48:35,087 - Knowledge - INFO - process ingested knowledge for /app/data/T0002/186251/b16203w/SQLPage-186251/examples/official-site/sqlpage/migrations/09_redirect.sql
2025-12-12 13:48:35,088 - Knowledge - INFO - process ingested knowledge for /app/data/T0002/186251/b16203w/SQLPage-186251/examples/official-site/sqlpage/migrations/18_button.sql
2025-12-12 13:48:35,090 - Knowledge - INFO - process ingested knowledge for /app/data/T0002/186251/b16203w/SQLPage-186251/LICENSE.txt
2025-12-12 13:48:35,221 - Knowledge - INFO - process ingested knowledge for /app/data/T0002/186251/b16203w/SQLPage-186251/examples/official-site/sqlpage/migrations/13_tab.sql
2025-12-12 13:48:35,384 - Knowledge - INFO - process ingested knowledge for /app/data/T0002/186251/b16203w/SQLPage-186251/src/template_helpers.rs
2025-12-12 13:48:35,385 - Knowledge - INFO - process ingested knowledge for /app/data/T0002/186251/b16203w/SQLPage-186251/examples/official-site/sqlpage/migrations/54_blog_bompard.sql
2025-12-12 13:48:35,490 - Knowledge - INFO - [kw14] Queue=40, InProgress=0, PendingWorkers=20/20, Completed=541/611 (88.5%)
2025-12-12 13:48:35,491 - Knowledge - INFO - process ingested knowledge for /app/data/T0002/186251/b16203w/SQLPage-186251/AGENTS.md
2025-12-12 13:48:35,491 - Knowledge - INFO - Batch sizing: calculated=10, max_allowed=25, queue=40, active_workers=20/20
2025-12-12 13:48:35,582 - Knowledge - INFO - process ingested knowledge for /app/data/T0002/186251/b16203w/SQLPage-186251/examples/official-site/sqlpage/migrations/12_blog.sql
2025-12-12 13:48:35,652 - Knowledge - INFO - [kw12] Queue=40, InProgress=0, PendingWorkers=20/20, Completed=544/611 (89.0%)
2025-12-12 13:48:35,653 - Knowledge - INFO - process ingested knowledge for /app/data/T0002/186251/b16203w/SQLPage-186251/examples/official-site/sqlpage/migrations/08_functions.sql
2025-12-12 13:48:35,653 - Knowledge - INFO - Batch sizing: calculated=10, max_allowed=25, queue=40, active_workers=20/20
2025-12-12 13:48:35,799 - Knowledge - INFO - process ingested knowledge for /app/data/T0002/186251/b16203w/SQLPage-186251/examples/official-site/sqlpage/migrations/71_blog_pagination.sql
2025-12-12 13:48:35,800 - Knowledge - INFO - Async storing batch of 15 embeddings
2025-12-12 13:48:35,801 - Knowledge - INFO - Worker kw14 processing /app/data/T0002/186251/b16203w/SQLPage-186251/examples/official-site/examples/authentication/create_session_token.sql
2025-12-12 13:48:35,803 - Knowledge - INFO - Fast-tracked /app/data/T0002/186251/b16203w/SQLPage-186251/examples/official-site/examples/authentication/create_session_token.sql (ext=.sql, size=843)
2025-12-12 13:48:35,803 - Knowledge - INFO - Worker kw14 processing /app/data/T0002/186251/b16203w/SQLPage-186251/examples/official-site/examples/authentication/login.sql
2025-12-12 13:48:35,805 - Knowledge - INFO - Fast-tracked /app/data/T0002/186251/b16203w/SQLPage-186251/examples/official-site/examples/authentication/login.sql (ext=.sql, size=1331)
2025-12-12 13:48:35,806 - Knowledge - INFO - Worker kw14 processing /app/data/T0002/186251/b16203w/SQLPage-186251/examples/official-site/examples/chart.sql
2025-12-12 13:48:35,808 - Knowledge - INFO - Fast-tracked /app/data/T0002/186251/b16203w/SQLPage-186251/examples/official-site/examples/chart.sql (ext=.sql, size=493)
2025-12-12 13:48:35,808 - Knowledge - INFO - Worker kw14 processing /app/data/T0002/186251/b16203w/SQLPage-186251/examples/official-site/examples/multistep-form/index.sql
2025-12-12 13:48:35,812 - Knowledge - INFO - Worker kw14 processing /app/data/T0002/186251/b16203w/SQLPage-186251/examples/official-site/examples/multistep-form/result.sql
2025-12-12 13:48:35,814 - Knowledge - INFO - Fast-tracked /app/data/T0002/186251/b16203w/SQLPage-186251/examples/official-site/examples/multistep-form/result.sql (ext=.sql, size=1966)
2025-12-12 13:48:35,814 - Knowledge - INFO - Worker kw14 processing /app/data/T0002/186251/b16203w/SQLPage-186251/examples/official-site/examples/tabs.sql
2025-12-12 13:48:35,816 - Knowledge - INFO - Fast-tracked /app/data/T0002/186251/b16203w/SQLPage-186251/examples/official-site/examples/tabs.sql (ext=.sql, size=48)
2025-12-12 13:48:35,817 - Knowledge - INFO - Worker kw14 processing /app/data/T0002/186251/b16203w/SQLPage-186251/examples/official-site/examples/hash_password.sql
2025-12-12 13:48:35,820 - Knowledge - INFO - Worker kw14 processing /app/data/T0002/186251/b16203w/SQLPage-186251/examples/official-site/examples/form.sql
2025-12-12 13:48:35,823 - Knowledge - INFO - Worker kw14 processing /app/data/T0002/186251/b16203w/SQLPage-186251/examples/official-site/examples/dynamic_shell.sql
2025-12-12 13:48:35,826 - Knowledge - INFO - Worker kw14 processing /app/data/T0002/186251/b16203w/SQLPage-186251/examples/official-site/examples/tabs/index.sql
2025-12-12 13:48:35,830 - Knowledge - INFO - Fast-tracked /app/data/T0002/186251/b16203w/SQLPage-186251/examples/official-site/examples/tabs/index.sql (ext=.sql, size=1263)
2025-12-12 13:48:35,840 - Knowledge - INFO - Fast-tracked /app/data/T0002/186251/b16203w/SQLPage-186251/examples/official-site/examples/hash_password.sql (small file (2197 bytes))
2025-12-12 13:48:35,856 - Knowledge - INFO - Async storage completed for 15 embeddings
2025-12-12 13:48:36,012 - Knowledge - INFO - process ingested knowledge for /app/data/T0002/186251/b16203w/SQLPage-186251/examples/official-site/sqlpage/migrations/68_login.sql
2025-12-12 13:48:36,114 - Knowledge - INFO - process ingested knowledge for /app/data/T0002/186251/b16203w/SQLPage-186251/src/app_config.rs
2025-12-12 13:48:36,374 - Knowledge - INFO - Processing batch of 10 files
2025-12-12 13:48:36,375 - Knowledge - INFO - [WEBSOCKET] Sent: Type=progress_update, Size: 273, Duration: 0ms
2025-12-12 13:48:36,375 - Knowledge - INFO - process ingested knowledge for /app/data/T0002/186251/b16203w/SQLPage-186251/examples/official-site/README.md
2025-12-12 13:48:36,377 - Knowledge - INFO - [WEBSOCKET] Sent: Type=unknown, Size: ?, Duration: 2ms
2025-12-12 13:48:36,377 - Knowledge - INFO - Progress: 90.3% | Files: 556/611 | Rate: 3.03 files/sec | Queue: 30
2025-12-12 13:48:36,482 - Knowledge - INFO - Processing batch of 10 files
2025-12-12 13:48:36,483 - Knowledge - INFO - process ingested knowledge for /app/data/T0002/186251/b16203w/SQLPage-186251/examples/official-site/sqlpage/migrations/04_http_header.sql
2025-12-12 13:48:36,598 - Knowledge - INFO - Async storing batch of 20 embeddings
2025-12-12 13:48:36,599 - Knowledge - INFO - process ingested knowledge for /app/data/T0002/186251/b16203w/SQLPage-186251/examples/official-site/sqlpage/migrations/69_blog_performance_guide.sql
2025-12-12 13:48:36,600 - Knowledge - INFO - process ingested knowledge for /app/data/T0002/186251/b16203w/SQLPage-186251/src/webserver/request_variables.rs
2025-12-12 13:48:36,614 - Knowledge - INFO - Worker kw12 processing /app/data/T0002/186251/b16203w/SQLPage-186251/examples/official-site/examples/index.sql
2025-12-12 13:48:36,617 - Knowledge - INFO - Fast-tracked /app/data/T0002/186251/b16203w/SQLPage-186251/examples/official-site/examples/index.sql (ext=.sql, size=57)
2025-12-12 13:48:36,618 - Knowledge - INFO - Worker kw12 processing /app/data/T0002/186251/b16203w/SQLPage-186251/examples/official-site/examples/handle_enctype.sql
2025-12-12 13:48:36,628 - Knowledge - INFO - Fast-tracked /app/data/T0002/186251/b16203w/SQLPage-186251/examples/official-site/examples/handle_enctype.sql (ext=.sql, size=335)
2025-12-12 13:48:36,629 - Knowledge - INFO - Worker kw12 processing /app/data/T0002/186251/b16203w/SQLPage-186251/examples/official-site/examples/csv_download.sql
2025-12-12 13:48:36,631 - Knowledge - INFO - Fast-tracked /app/data/T0002/186251/b16203w/SQLPage-186251/examples/official-site/examples/csv_download.sql (ext=.sql, size=79)
2025-12-12 13:48:36,632 - Knowledge - INFO - Worker kw12 processing /app/data/T0002/186251/b16203w/SQLPage-186251/examples/official-site/examples/big_chart.sql
2025-12-12 13:48:36,636 - Knowledge - INFO - Fast-tracked /app/data/T0002/186251/b16203w/SQLPage-186251/examples/official-site/examples/big_chart.sql (ext=.sql, size=370)
2025-12-12 13:48:36,636 - Knowledge - INFO - Worker kw12 processing /app/data/T0002/186251/b16203w/SQLPage-186251/examples/official-site/examples/handle_picture_upload.sql
2025-12-12 13:48:36,638 - Knowledge - INFO - Fast-tracked /app/data/T0002/186251/b16203w/SQLPage-186251/examples/official-site/examples/handle_picture_upload.sql (ext=.sql, size=1472)
2025-12-12 13:48:36,639 - Knowledge - INFO - Worker kw12 processing /app/data/T0002/186251/b16203w/SQLPage-186251/examples/official-site/examples/handle_csv_upload.sql
2025-12-12 13:48:36,641 - Knowledge - INFO - Fast-tracked /app/data/T0002/186251/b16203w/SQLPage-186251/examples/official-site/examples/handle_csv_upload.sql (ext=.sql, size=361)
2025-12-12 13:48:36,642 - Knowledge - INFO - Worker kw12 processing /app/data/T0002/186251/b16203w/SQLPage-186251/examples/official-site/examples/menu_icon.sql
2025-12-12 13:48:36,644 - Knowledge - INFO - Fast-tracked /app/data/T0002/186251/b16203w/SQLPage-186251/examples/official-site/examples/menu_icon.sql (ext=.sql, size=1063)
2025-12-12 13:48:36,645 - Knowledge - INFO - Worker kw12 processing /app/data/T0002/186251/b16203w/SQLPage-186251/examples/official-site/examples/show_variables.sql
2025-12-12 13:48:36,647 - Knowledge - INFO - Fast-tracked /app/data/T0002/186251/b16203w/SQLPage-186251/examples/official-site/examples/show_variables.sql (ext=.sql, size=823)
2025-12-12 13:48:36,648 - Knowledge - INFO - Worker kw12 processing /app/data/T0002/186251/b16203w/SQLPage-186251/examples/official-site/examples/layouts.sql
2025-12-12 13:48:36,650 - Knowledge - INFO - Worker kw12 processing /app/data/T0002/186251/b16203w/SQLPage-186251/examples/official-site/examples/from_component_options_source.sql
2025-12-12 13:48:36,652 - Knowledge - INFO - Fast-tracked /app/data/T0002/186251/b16203w/SQLPage-186251/examples/official-site/examples/from_component_options_source.sql (ext=.sql, size=118)
2025-12-12 13:48:36,655 - Knowledge - INFO - Fast-tracked /app/data/T0002/186251/b16203w/SQLPage-186251/examples/official-site/examples/layouts.sql (small file (2575 bytes))
2025-12-12 13:48:36,655 - Knowledge - INFO - Async storage completed for 20 embeddings
2025-12-12 13:48:36,793 - Knowledge - INFO - process ingested knowledge for /app/data/T0002/186251/b16203w/SQLPage-186251/examples/official-site/sqlpage/migrations/60_empty_state.sql
2025-12-12 13:48:36,794 - Knowledge - INFO - process ingested knowledge for /app/data/T0002/186251/b16203w/SQLPage-186251/db-test-setup/mssql/entrypoint.sh
2025-12-12 13:48:36,828 - Knowledge - INFO - process ingested knowledge for /app/data/T0002/186251/b16203w/SQLPage-186251/examples/official-site/style_pricing.css
2025-12-12 13:48:36,836 - Knowledge - INFO - process ingested knowledge for /app/data/T0002/186251/b16203w/SQLPage-186251/examples/official-site/sqlpage/migrations/07_authentication.sql
2025-12-12 13:48:36,837 - Knowledge - INFO - process ingested knowledge for /app/data/T0002/186251/b16203w/SQLPage-186251/examples/official-site/sqlpage/migrations/11_json.sql
2025-12-12 13:48:36,866 - Knowledge - INFO - Processing batch of 17 files
2025-12-12 13:48:36,866 - Knowledge - INFO - process ingested knowledge for /app/data/T0002/186251/b16203w/SQLPage-186251/src/webserver/single_or_vec.rs
2025-12-12 13:48:37,127 - Knowledge - INFO - process ingested knowledge for /app/data/T0002/186251/b16203w/SQLPage-186251/src/webserver/content_security_policy.rs
2025-12-12 13:48:37,849 - Knowledge - INFO - process ingested knowledge for /app/data/T0002/186251/b16203w/SQLPage-186251/examples/official-site/sqlpage/migrations/64_blog_routing.sql
2025-12-12 13:48:37,871 - Knowledge - INFO - [kw4] Queue=20, InProgress=0, PendingWorkers=20/20, Completed=563/611 (92.1%)
2025-12-12 13:48:37,872 - Knowledge - INFO - Batch sizing: calculated=10, max_allowed=25, queue=20, active_workers=20/20
2025-12-12 13:48:38,439 - Knowledge - INFO - [LLM_CALL] Completed: form.sql:chunk1, Duration: 2596ms, PromptTokens: 4154, CompletionTokens: 156, Cost: $0.00048
2025-12-12 13:48:38,440 - Knowledge - INFO - done ingest for /app/data/T0002/186251/b16203w/SQLPage-186251/examples/official-site/examples/form.sql
2025-12-12 13:48:38,450 - Knowledge - INFO - process ingested knowledge for /app/data/T0002/186251/b16203w/SQLPage-186251/examples/official-site/sqlpage/migrations/70_pagination.sql
2025-12-12 13:48:38,530 - Knowledge - INFO - process ingested knowledge for /app/data/T0002/186251/b16203w/SQLPage-186251/examples/official-site/sqlpage/migrations/56_headers.sql
2025-12-12 13:48:38,534 - Knowledge - INFO - [kw16] Queue=20, InProgress=0, PendingWorkers=20/20, Completed=564/611 (92.3%)
2025-12-12 13:48:38,535 - Knowledge - INFO - Batch sizing: calculated=10, max_allowed=25, queue=20, active_workers=20/20
2025-12-12 13:48:39,054 - Knowledge - INFO - [LLM_CALL] Completed: dynamic_shell.sql:chunk1, Duration: 3204ms, PromptTokens: 2482, CompletionTokens: 209, Cost: $0.00033
2025-12-12 13:48:39,057 - Knowledge - INFO - done ingest for /app/data/T0002/186251/b16203w/SQLPage-186251/examples/official-site/examples/dynamic_shell.sql
2025-12-12 13:48:39,060 - Knowledge - INFO - process ingested knowledge for /app/data/T0002/186251/b16203w/SQLPage-186251/db-test-setup/mssql/setup.sql
2025-12-12 13:48:39,062 - Knowledge - INFO - process ingested knowledge for /app/data/T0002/186251/b16203w/SQLPage-186251/examples/official-site/assets/highlightjs-launch.js
2025-12-12 13:48:39,075 - Knowledge - INFO - Async storing batch of 20 embeddings
2025-12-12 13:48:39,083 - Knowledge - INFO - Processing batch of 10 files
2025-12-12 13:48:39,125 - Knowledge - INFO - process ingested knowledge for /app/data/T0002/186251/b16203w/SQLPage-186251/examples/official-site/sqlpage/migrations/16_timeline.sql
2025-12-12 13:48:39,132 - Knowledge - INFO - Worker kw4 processing /app/data/T0002/186251/b16203w/SQLPage-186251/examples/todo application (PostgreSQL)/batch.sql
2025-12-12 13:48:39,147 - Knowledge - INFO - Worker kw4 processing /app/data/T0002/186251/b16203w/SQLPage-186251/examples/todo application (PostgreSQL)/shell.sql
2025-12-12 13:48:39,153 - Knowledge - INFO - Fast-tracked /app/data/T0002/186251/b16203w/SQLPage-186251/examples/todo application (PostgreSQL)/shell.sql (ext=.sql, size=152)
2025-12-12 13:48:39,153 - Knowledge - INFO - Worker kw4 processing /app/data/T0002/186251/b16203w/SQLPage-186251/examples/todo application (PostgreSQL)/index.sql
2025-12-12 13:48:39,155 - Knowledge - INFO - Fast-tracked /app/data/T0002/186251/b16203w/SQLPage-186251/examples/todo application (PostgreSQL)/index.sql (ext=.sql, size=471)
2025-12-12 13:48:39,156 - Knowledge - INFO - Worker kw4 processing /app/data/T0002/186251/b16203w/SQLPage-186251/examples/todo application (PostgreSQL)/delete.sql
2025-12-12 13:48:39,158 - Knowledge - INFO - Fast-tracked /app/data/T0002/186251/b16203w/SQLPage-186251/examples/todo application (PostgreSQL)/delete.sql (ext=.sql, size=1854)
2025-12-12 13:48:39,158 - Knowledge - INFO - Worker kw4 processing /app/data/T0002/186251/b16203w/SQLPage-186251/examples/todo application (PostgreSQL)/timeline.sql
2025-12-12 13:48:39,167 - Knowledge - INFO - Fast-tracked /app/data/T0002/186251/b16203w/SQLPage-186251/examples/todo application (PostgreSQL)/timeline.sql (ext=.sql, size=495)
2025-12-12 13:48:39,168 - Knowledge - INFO - Worker kw4 processing /app/data/T0002/186251/b16203w/SQLPage-186251/examples/todo application (PostgreSQL)/sqlpage/migrations/0000_init.sql
2025-12-12 13:48:39,174 - Knowledge - INFO - Fast-tracked /app/data/T0002/186251/b16203w/SQLPage-186251/examples/todo application (PostgreSQL)/sqlpage/migrations/0000_init.sql (ext=.sql, size=146)
2025-12-12 13:48:39,174 - Knowledge - INFO - Worker kw4 processing /app/data/T0002/186251/b16203w/SQLPage-186251/examples/todo application (PostgreSQL)/sqlpage/migrations/README.md
2025-12-12 13:48:39,177 - Knowledge - INFO - Fast-tracked /app/data/T0002/186251/b16203w/SQLPage-186251/examples/todo application (PostgreSQL)/sqlpage/migrations/README.md (ext=.md, size=2074)
2025-12-12 13:48:39,177 - Knowledge - INFO - Worker kw4 processing /app/data/T0002/186251/b16203w/SQLPage-186251/examples/todo application (PostgreSQL)/sqlpage/templates/README.md
2025-12-12 13:48:39,185 - Knowledge - INFO - Fast-tracked /app/data/T0002/186251/b16203w/SQLPage-186251/examples/todo application (PostgreSQL)/sqlpage/templates/README.md (ext=.md, size=857)
2025-12-12 13:48:39,222 - Knowledge - INFO - Worker kw4 processing /app/data/T0002/186251/b16203w/SQLPage-186251/examples/todo application (PostgreSQL)/README.md
2025-12-12 13:48:39,225 - Knowledge - INFO - Fast-tracked /app/data/T0002/186251/b16203w/SQLPage-186251/examples/todo application (PostgreSQL)/README.md (ext=.md, size=1214)
2025-12-12 13:48:39,225 - Knowledge - INFO - Worker kw4 processing /app/data/T0002/186251/b16203w/SQLPage-186251/examples/todo application (PostgreSQL)/docker-compose.yml
2025-12-12 13:48:39,238 - Knowledge - INFO - Fast-tracked /app/data/T0002/186251/b16203w/SQLPage-186251/examples/todo application (PostgreSQL)/docker-compose.yml (ext=.yml, size=611)
2025-12-12 13:48:39,255 - Knowledge - INFO - Async storage completed for 20 embeddings
2025-12-12 13:48:39,352 - Knowledge - INFO - process ingested knowledge for /app/data/T0002/186251/b16203w/SQLPage-186251/examples/official-site/sqlpage/migrations/30_breadcrumb_component.sql
2025-12-12 13:48:39,354 - Knowledge - INFO - process ingested knowledge for /app/data/T0002/186251/b16203w/SQLPage-186251/src/webserver/https.rs
2025-12-12 13:48:39,362 - Knowledge - INFO - process ingested knowledge for /app/data/T0002/186251/b16203w/SQLPage-186251/examples/official-site/sqlpage/migrations/49_big_number.sql
2025-12-12 13:48:39,570 - Knowledge - INFO - [LLM_CALL] Completed: index.sql:chunk1, Duration: 3739ms, PromptTokens: 3134, CompletionTokens: 229, Cost: $0.00040
2025-12-12 13:48:39,572 - Knowledge - INFO - done ingest for /app/data/T0002/186251/b16203w/SQLPage-186251/examples/official-site/examples/multistep-form/index.sql
2025-12-12 13:48:39,573 - Knowledge - INFO - Async storing batch of 15 embeddings
2025-12-12 13:48:39,578 - Knowledge - INFO - [WEBSOCKET] Sent: Type=progress_update, Size: 273, Duration: 0ms
2025-12-12 13:48:39,579 - Knowledge - INFO - process ingested knowledge for /app/data/T0002/186251/b16203w/SQLPage-186251/examples/official-site/sqlpage/migrations/06_debug.sql
2025-12-12 13:48:39,580 - Knowledge - INFO - Worker kw16 processing /app/data/T0002/186251/b16203w/SQLPage-186251/examples/todo application (PostgreSQL)/todo_form.sql
2025-12-12 13:48:39,581 - Knowledge - INFO - Processing batch of 10 files
2025-12-12 13:48:39,583 - Knowledge - INFO - [WEBSOCKET] Sent: Type=unknown, Size: ?, Duration: 5ms
2025-12-12 13:48:39,583 - Knowledge - INFO - process ingested knowledge for /app/data/T0002/186251/b16203w/SQLPage-186251/examples/official-site/sqlpage/migrations/42_blog_video.sql
2025-12-12 13:48:39,584 - Knowledge - INFO - Progress: 92.6% | Files: 567/611 | Rate: 3.04 files/sec | Queue: 0
2025-12-12 13:48:39,585 - Knowledge - INFO - Fast-tracked /app/data/T0002/186251/b16203w/SQLPage-186251/examples/todo application (PostgreSQL)/todo_form.sql (ext=.sql, size=1342)
2025-12-12 13:48:39,585 - Knowledge - INFO - Worker kw16 processing /app/data/T0002/186251/b16203w/SQLPage-186251/examples/forms with a variable number of fields/new_product_insert.sql
2025-12-12 13:48:39,624 - Knowledge - INFO - Fast-tracked /app/data/T0002/186251/b16203w/SQLPage-186251/examples/forms with a variable number of fields/new_product_insert.sql (ext=.sql, size=122)
2025-12-12 13:48:39,624 - Knowledge - INFO - Worker kw16 processing /app/data/T0002/186251/b16203w/SQLPage-186251/examples/forms with a variable number of fields/index.sql
2025-12-12 13:48:39,627 - Knowledge - INFO - Fast-tracked /app/data/T0002/186251/b16203w/SQLPage-186251/examples/forms with a variable number of fields/index.sql (ext=.sql, size=392)
2025-12-12 13:48:39,627 - Knowledge - INFO - Worker kw16 processing /app/data/T0002/186251/b16203w/SQLPage-186251/examples/forms with a variable number of fields/order_insert.sql
2025-12-12 13:48:39,629 - Knowledge - INFO - Fast-tracked /app/data/T0002/186251/b16203w/SQLPage-186251/examples/forms with a variable number of fields/order_insert.sql (ext=.sql, size=703)
2025-12-12 13:48:39,630 - Knowledge - INFO - Worker kw16 processing /app/data/T0002/186251/b16203w/SQLPage-186251/examples/forms with a variable number of fields/order_form.sql
2025-12-12 13:48:39,632 - Knowledge - INFO - Fast-tracked /app/data/T0002/186251/b16203w/SQLPage-186251/examples/forms with a variable number of fields/order_form.sql (ext=.sql, size=534)
2025-12-12 13:48:39,632 - Knowledge - INFO - Worker kw16 processing /app/data/T0002/186251/b16203w/SQLPage-186251/examples/forms with a variable number of fields/orders.sql
2025-12-12 13:48:39,635 - Knowledge - INFO - Fast-tracked /app/data/T0002/186251/b16203w/SQLPage-186251/examples/forms with a variable number of fields/orders.sql (ext=.sql, size=875)
2025-12-12 13:48:39,635 - Knowledge - INFO - Worker kw16 processing /app/data/T0002/186251/b16203w/SQLPage-186251/examples/forms with a variable number of fields/sqlpage/migrations/0000_schema.sql
2025-12-12 13:48:39,641 - Knowledge - INFO - Fast-tracked /app/data/T0002/186251/b16203w/SQLPage-186251/examples/forms with a variable number of fields/sqlpage/migrations/0000_schema.sql (ext=.sql, size=618)
2025-12-12 13:48:39,641 - Knowledge - INFO - Worker kw16 processing /app/data/T0002/186251/b16203w/SQLPage-186251/examples/forms with a variable number of fields/sqlpage/migrations/0001_initial_products.sql
2025-12-12 13:48:39,643 - Knowledge - INFO - Fast-tracked /app/data/T0002/186251/b16203w/SQLPage-186251/examples/forms with a variable number of fields/sqlpage/migrations/0001_initial_products.sql (ext=.sql, size=445)
2025-12-12 13:48:39,643 - Knowledge - INFO - Worker kw16 processing /app/data/T0002/186251/b16203w/SQLPage-186251/examples/forms with a variable number of fields/README.md
2025-12-12 13:48:39,646 - Knowledge - INFO - Fast-tracked /app/data/T0002/186251/b16203w/SQLPage-186251/examples/forms with a variable number of fields/README.md (ext=.md, size=1119)
2025-12-12 13:48:39,646 - Knowledge - INFO - Worker kw16 processing /app/data/T0002/186251/b16203w/SQLPage-186251/examples/forms with a variable number of fields/new_product_form.sql
2025-12-12 13:48:39,648 - Knowledge - INFO - Fast-tracked /app/data/T0002/186251/b16203w/SQLPage-186251/examples/forms with a variable number of fields/new_product_form.sql (ext=.sql, size=248)
2025-12-12 13:48:39,649 - Knowledge - INFO - Async storage completed for 15 embeddings
2025-12-12 13:48:39,710 - Knowledge - INFO - process ingested knowledge for /app/data/T0002/186251/b16203w/SQLPage-186251/examples/official-site/assets/highlightjs-and-tabler-theme.css
2025-12-12 13:48:39,711 - Knowledge - INFO - process ingested knowledge for /app/data/T0002/186251/b16203w/SQLPage-186251/examples/official-site/sqlpage/migrations/22_pgconf_eu.sql
2025-12-12 13:48:39,712 - Knowledge - INFO - process ingested knowledge for /app/data/T0002/186251/b16203w/SQLPage-186251/examples/official-site/sqlpage/migrations/999_fts_search_index.sql
2025-12-12 13:48:39,715 - Knowledge - INFO - process ingested knowledge for /app/data/T0002/186251/b16203w/SQLPage-186251/src/webserver/response_writer.rs
2025-12-12 13:48:39,716 - Knowledge - INFO - process ingested knowledge for /app/data/T0002/186251/b16203w/SQLPage-186251/examples/official-site/sqlpage/migrations/05_cookie.sql
2025-12-12 13:48:39,717 - Knowledge - INFO - process ingested knowledge for /app/data/T0002/186251/b16203w/SQLPage-186251/examples/official-site/sqlpage/migrations/59_unsafe_contents_md.sql
2025-12-12 13:48:39,797 - Knowledge - INFO - process ingested knowledge for /app/data/T0002/186251/b16203w/SQLPage-186251/examples/official-site/sqlpage/migrations/33_blog_v018.sql
2025-12-12 13:48:39,898 - Knowledge - INFO - process ingested knowledge for /app/data/T0002/186251/b16203w/SQLPage-186251/examples/official-site/sqlpage/migrations/72_set_variable.sql
2025-12-12 13:48:39,993 - Knowledge - INFO - process ingested knowledge for /app/data/T0002/186251/b16203w/SQLPage-186251/db-test-setup/postgres/ssl/README.md
2025-12-12 13:48:40,072 - Knowledge - INFO - process ingested knowledge for /app/data/T0002/186251/b16203w/SQLPage-186251/src/webserver/server_timing.rs
2025-12-12 13:48:40,073 - Knowledge - INFO - process ingested knowledge for /app/data/T0002/186251/b16203w/SQLPage-186251/examples/official-site/sqlpage/migrations/38_run_sql.sql
2025-12-12 13:48:40,180 - Knowledge - INFO - process ingested knowledge for /app/data/T0002/186251/b16203w/SQLPage-186251/examples/official-site/sqlpage/migrations/31_card_docs_update.sql
2025-12-12 13:48:40,259 - Knowledge - INFO - process ingested knowledge for /app/data/T0002/186251/b16203w/SQLPage-186251/examples/official-site/sqlpage/migrations/29_divider_component.sql
2025-12-12 13:48:40,260 - Knowledge - INFO - process ingested knowledge for /app/data/T0002/186251/b16203w/SQLPage-186251/examples/official-site/sqlpage/migrations/48_status_code.sql
2025-12-12 13:48:40,261 - Knowledge - INFO - process ingested knowledge for /app/data/T0002/186251/b16203w/SQLPage-186251/examples/official-site/sqlpage/migrations/20_variables_function.sql
2025-12-12 13:48:40,359 - Knowledge - INFO - process ingested knowledge for /app/data/T0002/186251/b16203w/SQLPage-186251/examples/official-site/extensions-to-sql.sql
2025-12-12 13:48:40,361 - Knowledge - INFO - process ingested knowledge for /app/data/T0002/186251/b16203w/SQLPage-186251/src/webserver/http_client.rs
2025-12-12 13:48:40,666 - Knowledge - INFO - process ingested knowledge for /app/data/T0002/186251/b16203w/SQLPage-186251/examples/official-site/sqlpage/migrations/51_column.sql
2025-12-12 13:48:40,667 - Knowledge - INFO - process ingested knowledge for /app/data/T0002/186251/b16203w/SQLPage-186251/docs/sqlpage for sqlite.md
2025-12-12 13:48:40,769 - Knowledge - INFO - process ingested knowledge for /app/data/T0002/186251/b16203w/SQLPage-186251/examples/official-site/robots.txt
2025-12-12 13:48:40,836 - Knowledge - INFO - process ingested knowledge for /app/data/T0002/186251/b16203w/SQLPage-186251/examples/official-site/sqlpage/migrations/58_fetch_with_meta.sql
2025-12-12 13:48:40,836 - Knowledge - INFO - process ingested knowledge for /app/data/T0002/186251/b16203w/SQLPage-186251/src/webserver/database/migrations.rs
2025-12-12 13:48:40,943 - Knowledge - INFO - process ingested knowledge for /app/data/T0002/186251/b16203w/SQLPage-186251/examples/official-site/sqlpage/migrations/52_foldable.sql
2025-12-12 13:48:40,944 - Knowledge - INFO - process ingested knowledge for /app/data/T0002/186251/b16203w/SQLPage-186251/docs/introducing-sqlpage-to-the-postgres-community.md
2025-12-12 13:48:40,945 - Knowledge - INFO - process ingested knowledge for /app/data/T0002/186251/b16203w/SQLPage-186251/examples/official-site/functions.sql
2025-12-12 13:48:41,039 - Knowledge - INFO - process ingested knowledge for /app/data/T0002/186251/b16203w/SQLPage-186251/examples/official-site/sqlpage/migrations/66_log_component.sql
2025-12-12 13:48:41,040 - Knowledge - INFO - process ingested knowledge for /app/data/T0002/186251/b16203w/SQLPage-186251/examples/official-site/sqlpage/migrations/41_blog_performance.sql
2025-12-12 13:48:41,614 - Knowledge - INFO - process ingested knowledge for /app/data/T0002/186251/b16203w/SQLPage-186251/examples/official-site/sqlpage/migrations/26_v0.17_release.sql
2025-12-12 13:48:41,785 - Knowledge - INFO - process ingested knowledge for /app/data/T0002/186251/b16203w/SQLPage-186251/examples/official-site/sqlpage/migrations/55_request_body.sql
2025-12-12 13:48:41,876 - Knowledge - INFO - process ingested knowledge for /app/data/T0002/186251/b16203w/SQLPage-186251/examples/official-site/sqlpage/migrations/43_request_method.sql
2025-12-12 13:48:41,983 - Knowledge - INFO - process ingested knowledge for /app/data/T0002/186251/b16203w/SQLPage-186251/examples/official-site/sqlpage/migrations/03_alert_component.sql
2025-12-12 13:48:41,985 - Knowledge - INFO - process ingested knowledge for /app/data/T0002/186251/b16203w/SQLPage-186251/examples/official-site/examples/authentication/logout.sql
2025-12-12 13:48:41,987 - Knowledge - INFO - process ingested knowledge for /app/data/T0002/186251/b16203w/SQLPage-186251/src/webserver/database/error_highlighting.rs
2025-12-12 13:48:41,988 - Knowledge - INFO - [WEBSOCKET] Sent: Type=progress_update, Size: 272, Duration: 0ms
2025-12-12 13:48:42,032 - Knowledge - INFO - process ingested knowledge for /app/data/T0002/186251/b16203w/SQLPage-186251/examples/official-site/sqlpage/migrations/62_example_cards.sql
2025-12-12 13:48:42,039 - Knowledge - INFO - Processing batch of 10 files
2025-12-12 13:48:42,040 - Knowledge - INFO - process ingested knowledge for /app/data/T0002/186251/b16203w/SQLPage-186251/examples/todo application (PostgreSQL)/todo_form.sql
2025-12-12 13:48:42,041 - Knowledge - INFO - [WEBSOCKET] Sent: Type=unknown, Size: ?, Duration: 53ms
2025-12-12 13:48:42,041 - Knowledge - INFO - Progress: 96.2% | Files: 590/611 | Rate: 3.11 files/sec | Queue: 0
2025-12-12 13:48:42,278 - Knowledge - INFO - [LLM_CALL] Completed: batch.sql:chunk1, Duration: 3027ms, PromptTokens: 2922, CompletionTokens: 160, Cost: $0.00036
2025-12-12 13:48:42,279 - Knowledge - INFO - done ingest for /app/data/T0002/186251/b16203w/SQLPage-186251/examples/todo application (PostgreSQL)/batch.sql
2025-12-12 13:48:42,426 - Knowledge - INFO - process ingested knowledge for /app/data/T0002/186251/b16203w/SQLPage-186251/examples/official-site/sqlpage/migrations/10_map.sql
2025-12-12 13:48:42,427 - Knowledge - INFO - process ingested knowledge for /app/data/T0002/186251/b16203w/SQLPage-186251/examples/official-site/sqlpage/migrations/23_uploaded_file_functions.sql
2025-12-12 13:48:42,428 - Knowledge - INFO - Processing batch of 10 files
2025-12-12 13:48:42,429 - Knowledge - INFO - process ingested knowledge for /app/data/T0002/186251/b16203w/SQLPage-186251/src/webserver/database/sql_to_json.rs
2025-12-12 13:48:42,429 - Knowledge - INFO - process ingested knowledge for /app/data/T0002/186251/b16203w/SQLPage-186251/examples/official-site/examples/authentication/create_session_token.sql
2025-12-12 13:48:42,429 - Knowledge - INFO - process ingested knowledge for /app/data/T0002/186251/b16203w/SQLPage-186251/examples/forms with a variable number of fields/new_product_insert.sql
2025-12-12 13:48:42,517 - Knowledge - INFO - process ingested knowledge for /app/data/T0002/186251/b16203w/SQLPage-186251/examples/official-site/sqlpage/migrations/99_shared_id_class_attributes.sql
2025-12-12 13:48:42,677 - Knowledge - INFO - process ingested knowledge for /app/data/T0002/186251/b16203w/SQLPage-186251/examples/official-site/sqlpage/migrations/35_code_title.sql
2025-12-12 13:48:42,678 - Knowledge - INFO - process ingested knowledge for /app/data/T0002/186251/b16203w/SQLPage-186251/examples/official-site/sqlpage/migrations/46_html.sql
2025-12-12 13:48:42,679 - Knowledge - INFO - process ingested knowledge for /app/data/T0002/186251/b16203w/SQLPage-186251/examples/official-site/sqlpage/migrations/50_blog_json.sql
2025-12-12 13:48:42,679 - Knowledge - INFO - process ingested knowledge for /app/data/T0002/186251/b16203w/SQLPage-186251/examples/official-site/examples/authentication/login.sql
2025-12-12 13:48:42,680 - Knowledge - INFO - process ingested knowledge for /app/data/T0002/186251/b16203w/SQLPage-186251/examples/forms with a variable number of fields/index.sql
2025-12-12 13:48:42,773 - Knowledge - INFO - process ingested knowledge for /app/data/T0002/186251/b16203w/SQLPage-186251/examples/official-site/sqlpage/migrations/45_blog_archeology.sql
2025-12-12 13:48:42,782 - Knowledge - INFO - process ingested knowledge for /app/data/T0002/186251/b16203w/SQLPage-186251/src/webserver/database/syntax_tree.rs
2025-12-12 13:48:42,783 - Knowledge - INFO - process ingested knowledge for /app/data/T0002/186251/b16203w/SQLPage-186251/examples/official-site/sqlpage/migrations/02_hero_component.sql
2025-12-12 13:48:42,784 - Knowledge - INFO - process ingested knowledge for /app/data/T0002/186251/b16203w/SQLPage-186251/examples/forms with a variable number of fields/order_insert.sql
2025-12-12 13:48:42,871 - Knowledge - INFO - process ingested knowledge for /app/data/T0002/186251/b16203w/SQLPage-186251/examples/official-site/examples/authentication/index.sql
2025-12-12 13:48:43,030 - Knowledge - INFO - process ingested knowledge for /app/data/T0002/186251/b16203w/SQLPage-186251/examples/official-site/sqlpage/migrations/25_read_file_as_text.sql
2025-12-12 13:48:43,031 - Knowledge - INFO - process ingested knowledge for /app/data/T0002/186251/b16203w/SQLPage-186251/examples/official-site/examples/chart.sql
2025-12-12 13:48:43,032 - Knowledge - INFO - process ingested knowledge for /app/data/T0002/186251/b16203w/SQLPage-186251/examples/official-site/sqlpage/migrations/53_blog_pgconf2024.sql
2025-12-12 13:48:43,033 - Knowledge - INFO - process ingested knowledge for /app/data/T0002/186251/b16203w/SQLPage-186251/examples/forms with a variable number of fields/order_form.sql
2025-12-12 13:48:43,035 - Knowledge - INFO - process ingested knowledge for /app/data/T0002/186251/b16203w/SQLPage-186251/examples/official-site/examples/authentication/basic_auth.sql
2025-12-12 13:48:43,036 - Knowledge - INFO - process ingested knowledge for /app/data/T0002/186251/b16203w/SQLPage-186251/src/webserver/database/csv_import.rs
2025-12-12 13:48:43,140 - Knowledge - INFO - process ingested knowledge for /app/data/T0002/186251/b16203w/SQLPage-186251/examples/official-site/examples/multistep-form/index.sql
2025-12-12 13:48:43,270 - Knowledge - INFO - process ingested knowledge for /app/data/T0002/186251/b16203w/SQLPage-186251/examples/official-site/sqlpage/migrations/63_modal.sql
2025-12-12 13:48:43,271 - Knowledge - INFO - Processing batch of 10 files
2025-12-12 13:48:43,271 - Knowledge - INFO - process ingested knowledge for /app/data/T0002/186251/b16203w/SQLPage-186251/examples/forms with a variable number of fields/orders.sql
2025-12-12 13:48:43,273 - Knowledge - INFO - process ingested knowledge for /app/data/T0002/186251/b16203w/SQLPage-186251/examples/official-site/examples/index.sql
2025-12-12 13:48:43,273 - Knowledge - INFO - process ingested knowledge for /app/data/T0002/186251/b16203w/SQLPage-186251/examples/official-site/sqlpage/migrations/39_persist_uploaded_file.sql
2025-12-12 13:48:43,274 - Knowledge - INFO - process ingested knowledge for /app/data/T0002/186251/b16203w/SQLPage-186251/src/webserver/database/sqlpage_functions/http_fetch_request.rs
2025-12-12 13:48:43,276 - Knowledge - INFO - process ingested knowledge for /app/data/T0002/186251/b16203w/SQLPage-186251/examples/official-site/sqlpage/migrations/21_path.sql
2025-12-12 13:48:43,351 - Knowledge - INFO - process ingested knowledge for /app/data/T0002/186251/b16203w/SQLPage-186251/examples/official-site/examples/multistep-form/result.sql
2025-12-12 13:48:43,469 - Knowledge - INFO - process ingested knowledge for /app/data/T0002/186251/b16203w/SQLPage-186251/examples/official-site/sqlpage/migrations/14_sorry_i_forked.sql
2025-12-12 13:48:43,551 - Knowledge - INFO - process ingested knowledge for /app/data/T0002/186251/b16203w/SQLPage-186251/examples/forms with a variable number of fields/sqlpage/migrations/0000_schema.sql
2025-12-12 13:48:43,553 - Knowledge - INFO - process ingested knowledge for /app/data/T0002/186251/b16203w/SQLPage-186251/examples/official-site/examples/handle_enctype.sql
2025-12-12 13:48:43,554 - Knowledge - INFO - process ingested knowledge for /app/data/T0002/186251/b16203w/SQLPage-186251/src/webserver/database/sqlpage_functions/function_definition_macro.rs
2025-12-12 13:48:43,643 - Knowledge - INFO - process ingested knowledge for /app/data/T0002/186251/b16203w/SQLPage-186251/examples/official-site/examples/tabs.sql
2025-12-12 13:48:43,787 - Knowledge - INFO - process ingested knowledge for /app/data/T0002/186251/b16203w/SQLPage-186251/examples/forms with a variable number of fields/sqlpage/migrations/0001_initial_products.sql
2025-12-12 13:48:43,788 - Knowledge - INFO - process ingested knowledge for /app/data/T0002/186251/b16203w/SQLPage-186251/src/webserver/database/sqlpage_functions/url_parameters.rs
2025-12-12 13:48:44,026 - Knowledge - INFO - process ingested knowledge for /app/data/T0002/186251/b16203w/SQLPage-186251/examples/official-site/sqlpage/migrations/37_rss.sql
2025-12-12 13:48:44,109 - Knowledge - INFO - process ingested knowledge for /app/data/T0002/186251/b16203w/SQLPage-186251/examples/forms with a variable number of fields/README.md
2025-12-12 13:48:44,232 - Knowledge - INFO - process ingested knowledge for /app/data/T0002/186251/b16203w/SQLPage-186251/examples/official-site/examples/hash_password.sql
2025-12-12 13:48:44,430 - Knowledge - INFO - process ingested knowledge for /app/data/T0002/186251/b16203w/SQLPage-186251/examples/forms with a variable number of fields/new_product_form.sql
2025-12-12 13:48:44,627 - Knowledge - INFO - process ingested knowledge for /app/data/T0002/186251/b16203w/SQLPage-186251/examples/official-site/sqlpage/migrations/61_oidc_functions.sql
2025-12-12 13:48:44,747 - Knowledge - INFO - process ingested knowledge for /app/data/T0002/186251/b16203w/SQLPage-186251/src/webserver/database/sqlpage_functions/mod.rs
2025-12-12 13:48:44,748 - Knowledge - INFO - process ingested knowledge for /app/data/T0002/186251/b16203w/SQLPage-186251/examples/official-site/examples/form.sql
2025-12-12 13:48:44,888 - Knowledge - INFO - process ingested knowledge for /app/data/T0002/186251/b16203w/SQLPage-186251/examples/official-site/sqlpage/migrations/40_fetch.sql
2025-12-12 13:48:44,976 - Knowledge - INFO - Processing batch of 10 files
2025-12-12 13:48:44,976 - Knowledge - INFO - process ingested knowledge for /app/data/T0002/186251/b16203w/SQLPage-186251/examples/todo application (PostgreSQL)/batch.sql
2025-12-12 13:48:45,137 - Knowledge - INFO - process ingested knowledge for /app/data/T0002/186251/b16203w/SQLPage-186251/src/webserver/database/sqlpage_functions/function_traits.rs
2025-12-12 13:48:45,138 - Knowledge - INFO - process ingested knowledge for /app/data/T0002/186251/b16203w/SQLPage-186251/examples/official-site/examples/dynamic_shell.sql
2025-12-12 13:48:45,675 - Knowledge - INFO - process ingested knowledge for /app/data/T0002/186251/b16203w/SQLPage-186251/src/webserver/database/connect.rs
2025-12-12 13:48:45,904 - Knowledge - INFO - process ingested knowledge for /app/data/T0002/186251/b16203w/SQLPage-186251/examples/todo application (PostgreSQL)/shell.sql
2025-12-12 13:48:46,267 - Knowledge - INFO - process ingested knowledge for /app/data/T0002/186251/b16203w/SQLPage-186251/examples/official-site/examples/tabs/index.sql
2025-12-12 13:48:46,587 - Knowledge - INFO - process ingested knowledge for /app/data/T0002/186251/b16203w/SQLPage-186251/examples/todo application (PostgreSQL)/index.sql
2025-12-12 13:48:47,066 - Knowledge - INFO - process ingested knowledge for /app/data/T0002/186251/b16203w/SQLPage-186251/examples/todo application (PostgreSQL)/delete.sql
2025-12-12 13:48:47,215 - Knowledge - INFO - process ingested knowledge for /app/data/T0002/186251/b16203w/SQLPage-186251/examples/official-site/examples/csv_download.sql
2025-12-12 13:48:47,217 - Knowledge - INFO - process ingested knowledge for /app/data/T0002/186251/b16203w/SQLPage-186251/src/webserver/database/mod.rs
2025-12-12 13:48:47,881 - Knowledge - INFO - process ingested knowledge for /app/data/T0002/186251/b16203w/SQLPage-186251/examples/todo application (PostgreSQL)/timeline.sql
2025-12-12 13:48:48,537 - Knowledge - INFO - process ingested knowledge for /app/data/T0002/186251/b16203w/SQLPage-186251/examples/todo application (PostgreSQL)/sqlpage/migrations/0000_init.sql
2025-12-12 13:48:49,270 - Knowledge - INFO - process ingested knowledge for /app/data/T0002/186251/b16203w/SQLPage-186251/examples/official-site/examples/big_chart.sql
2025-12-12 13:48:49,270 - Knowledge - INFO - process ingested knowledge for /app/data/T0002/186251/b16203w/SQLPage-186251/examples/todo application (PostgreSQL)/sqlpage/migrations/README.md
2025-12-12 13:48:49,699 - Knowledge - INFO - process ingested knowledge for /app/data/T0002/186251/b16203w/SQLPage-186251/examples/official-site/examples/handle_picture_upload.sql
2025-12-12 13:48:49,770 - Knowledge - INFO - [WEBSOCKET] Sent: Type=progress_update, Size: 274, Duration: 0ms
2025-12-12 13:48:49,771 - Knowledge - INFO - [WEBSOCKET] Sent: Type=unknown, Size: ?, Duration: 1ms
2025-12-12 13:48:49,772 - Knowledge - INFO - Progress: 99.3% | Files: 607/611 | Rate: 3.08 files/sec | Queue: 0
2025-12-12 13:48:50,369 - Knowledge - INFO - process ingested knowledge for /app/data/T0002/186251/b16203w/SQLPage-186251/examples/todo application (PostgreSQL)/sqlpage/templates/README.md
2025-12-12 13:48:50,952 - Knowledge - INFO - process ingested knowledge for /app/data/T0002/186251/b16203w/SQLPage-186251/examples/official-site/examples/handle_csv_upload.sql
2025-12-12 13:48:50,954 - Knowledge - INFO - process ingested knowledge for /app/data/T0002/186251/b16203w/SQLPage-186251/examples/todo application (PostgreSQL)/README.md
2025-12-12 13:48:51,244 - Knowledge - INFO - process ingested knowledge for /app/data/T0002/186251/b16203w/SQLPage-186251/examples/official-site/examples/menu_icon.sql
2025-12-12 13:48:51,332 - Knowledge - INFO - process ingested knowledge for /app/data/T0002/186251/b16203w/SQLPage-186251/examples/todo application (PostgreSQL)/docker-compose.yml
2025-12-12 13:48:51,676 - Knowledge - INFO - process ingested knowledge for /app/data/T0002/186251/b16203w/SQLPage-186251/examples/official-site/examples/show_variables.sql
2025-12-12 13:48:52,696 - Knowledge - INFO - process ingested knowledge for /app/data/T0002/186251/b16203w/SQLPage-186251/examples/official-site/examples/layouts.sql
2025-12-12 13:48:53,123 - Knowledge - INFO - process ingested knowledge for /app/data/T0002/186251/b16203w/SQLPage-186251/examples/official-site/examples/from_component_options_source.sql
2025-12-12 13:48:56,281 - Knowledge - INFO - Knowledge creation complete
2025-12-12 13:48:56,282 - Knowledge - INFO - ==================================================
2025-12-12 13:48:56,282 - Knowledge - INFO - KNOWLEDGE GRAPH GENERATION PERFORMANCE SUMMARY
2025-12-12 13:48:56,283 - Knowledge - INFO - ==================================================
2025-12-12 13:48:56,283 - Knowledge - INFO - Total processing time: 204.07 seconds (3.40 minutes)
2025-12-12 13:48:56,284 - Knowledge - INFO - Files processed: 0
2025-12-12 13:48:56,284 - Knowledge - INFO - Processing rate: 0.00 files/second
2025-12-12 13:48:56,284 - Knowledge - INFO - 
[TIME_BREAKDOWN]
2025-12-12 13:48:56,284 - Knowledge - INFO - File Reading: 0.00s (0.0%)
2025-12-12 13:48:56,284 - Knowledge - INFO - LLM Processing: 3069.52s (1504.2%)
2025-12-12 13:48:56,285 - Knowledge - INFO - MongoDB Operations: 0.00s (0.0%)
2025-12-12 13:48:56,285 - Knowledge - INFO - Redis Operations: 0.00s (0.0%)
2025-12-12 13:48:56,285 - Knowledge - INFO - WebSocket Communication: 0.62s (0.3%)
2025-12-12 13:48:56,286 - Knowledge - INFO - 
[LLM_STATS]
2025-12-12 13:48:56,286 - Knowledge - INFO - Total LLM calls: 101
2025-12-12 13:48:56,287 - Knowledge - INFO - Average LLM response time: 30391ms
2025-12-12 13:48:56,288 - Knowledge - INFO - Average prompt tokens: 5393.8
2025-12-12 13:48:56,288 - Knowledge - INFO - Average completion tokens: 362.5
2025-12-12 13:48:56,290 - Knowledge - INFO - Total prompt tokens: 544774
2025-12-12 13:48:56,291 - Knowledge - INFO - Total completion tokens: 36615
2025-12-12 13:48:56,291 - Knowledge - INFO - Total LLM cost: $0.0691
2025-12-12 13:48:56,322 - Knowledge - INFO - 
[DATABASE_STATS]
2025-12-12 13:48:56,323 - Knowledge - INFO - MongoDB operations: 0
2025-12-12 13:48:56,323 - Knowledge - INFO - Redis operations: 0
2025-12-12 13:48:56,323 - Knowledge - INFO - 
[COMMUNICATION_STATS]
2025-12-12 13:48:56,323 - Knowledge - INFO - WebSocket messages sent: 31
2025-12-12 13:48:56,324 - Knowledge - INFO - Average message size: 142.2 bytes
2025-12-12 13:48:56,325 - Knowledge - INFO - 
[WORKER_STATS]
2025-12-12 13:48:56,325 - Knowledge - INFO - 
[FILE_TYPE_STATS]
2025-12-12 13:48:56,325 - Knowledge - INFO - 
[SLOWEST_FILES]
2025-12-12 13:48:56,326 - Knowledge - INFO - ==================================================
2025-12-12 13:48:56,326 - Knowledge - INFO - ==================================================
2025-12-12 13:48:56,326 - Knowledge - INFO - KNOWLEDGE GRAPH GENERATION PERFORMANCE SUMMARY
2025-12-12 13:48:56,327 - Knowledge - INFO - ==================================================
2025-12-12 13:48:56,327 - Knowledge - INFO - Total processing time: 204.18 seconds (3.40 minutes)
2025-12-12 13:48:56,328 - Knowledge - INFO - Files processed: 607 of 611
2025-12-12 13:48:56,328 - Knowledge - INFO - Processing rate: 2.97 files/second
2025-12-12 13:48:56,329 - Knowledge - INFO - WebSocket messages sent: 15
2025-12-12 13:48:56,329 - Knowledge - INFO - MongoDB operations: 607
2025-12-12 13:48:56,329 - Knowledge - INFO - Average MongoDB ops per file: 1.00
2025-12-12 13:48:56,329 - Knowledge - INFO - LLM costs: $0.0691
2025-12-12 13:48:56,330 - Knowledge - INFO - Prompt tokens: 544774
2025-12-12 13:48:56,331 - Knowledge - INFO - Completion tokens: 36615
2025-12-12 13:48:56,331 - Knowledge - INFO - Updating org costs, total cost: 0.0691234
2025-12-12 13:48:57,736 - Knowledge - INFO - [WEBSOCKET] Sent: Type=progress_update, Size: 268, Duration: 0ms
2025-12-12 13:48:57,738 - Knowledge - INFO - Saving knowledge to Redis...
2025-12-12 13:48:57,998 - Knowledge - INFO - Knowledge saved to Redis successfully
